Adding 13777 nodes
Adding 41011 edges with 0 duplicates removed
Adding 27235 triangles  with 0 duplicate removed
Contact base in region bjt with 21 nodes
Contact collector in region bjt with 111 nodes
Contact emitter in region bjt with 25 nodes
Replacing Node Model Acceptors in region bjt of material Silicon
Replacing Node Model DEG in region bjt of material Silicon
Replacing Edge Model DField in region bjt of material Silicon
Replacing Edge Model DField:Potential@n0 in region bjt of material Silicon
Replacing Edge Model DField:Potential@n1 in region bjt of material Silicon
Replacing Node Model Donors in region bjt of material Silicon
Replacing Node Model EC in region bjt of material Silicon
Replacing Node Model EC:Potential in region bjt of material Silicon
Replacing Node Model EFN in region bjt of material Silicon
Replacing Node Model EFN:Electrons in region bjt of material Silicon
Replacing Node Model EFN:Potential in region bjt of material Silicon
Replacing Node Model EFP in region bjt of material Silicon
Replacing Node Model EFP:Holes in region bjt of material Silicon
Replacing Node Model EFP:Potential in region bjt of material Silicon
Replacing Edge Model EField in region bjt of material Silicon
Replacing Edge Model EField:Potential@n0 in region bjt of material Silicon
Replacing Edge Model EField:Potential@n1 in region bjt of material Silicon
Replacing Triangle Edge Model EField_x in region bjt of material Silicon
Replacing Triangle Edge Model EField_y in region bjt of material Silicon
Replacing Node Model EG in region bjt of material Silicon
Replacing Node Model EI in region bjt of material Silicon
Replacing Node Model EI:Potential in region bjt of material Silicon
Replacing Node Model EV in region bjt of material Silicon
Replacing Node Model EV:Potential in region bjt of material Silicon
Replacing Node Model ElectronGeneration in region bjt of material Silicon
Replacing Node Model ElectronGeneration:Electrons in region bjt of material Silicon
Replacing Node Model ElectronGeneration:Holes in region bjt of material Silicon
Replacing Edge Model Electrons@n0 in region bjt of material Silicon
Replacing Edge Model Electrons@n1 in region bjt of material Silicon
Replacing Triangle Edge Model Emag in region bjt of material Silicon
Replacing Edge Model Epar_n in region bjt of material Silicon
Replacing Edge Model Epar_n:Potential@n0 in region bjt of material Silicon
Replacing Edge Model Epar_n:Potential@n1 in region bjt of material Silicon
Replacing Edge Model Epar_p in region bjt of material Silicon
Replacing Edge Model Epar_p:Potential@n0 in region bjt of material Silicon
Replacing Edge Model Epar_p:Potential@n1 in region bjt of material Silicon
Replacing Node Model HoleGeneration in region bjt of material Silicon
Replacing Node Model HoleGeneration:Electrons in region bjt of material Silicon
Replacing Node Model HoleGeneration:Holes in region bjt of material Silicon
Replacing Edge Model Holes@n0 in region bjt of material Silicon
Replacing Edge Model Holes@n1 in region bjt of material Silicon
Replacing Node Model IntrinsicCharge in region bjt of material Silicon
Replacing Node Model IntrinsicCharge:Potential in region bjt of material Silicon
Replacing Node Model IntrinsicElectrons in region bjt of material Silicon
Replacing Node Model IntrinsicElectrons:Potential in region bjt of material Silicon
Replacing Node Model IntrinsicHoles in region bjt of material Silicon
Replacing Node Model IntrinsicHoles:Potential in region bjt of material Silicon
Replacing Edge Model Jn in region bjt of material Silicon
Replacing Edge Model Jn:Electrons@n0 in region bjt of material Silicon
Replacing Edge Model Jn:Electrons@n1 in region bjt of material Silicon
Replacing Edge Model Jn:Holes@n0 in region bjt of material Silicon
Replacing Edge Model Jn:Holes@n1 in region bjt of material Silicon
Replacing Edge Model Jn:Potential@n0 in region bjt of material Silicon
Replacing Edge Model Jn:Potential@n1 in region bjt of material Silicon
Replacing Edge Model Jn_arora_lf in region bjt of material Silicon
Replacing Edge Model Jn_arora_lf:Electrons@n0 in region bjt of material Silicon
Replacing Edge Model Jn_arora_lf:Electrons@n1 in region bjt of material Silicon
Replacing Edge Model Jn_arora_lf:Holes@n0 in region bjt of material Silicon
Replacing Edge Model Jn_arora_lf:Holes@n1 in region bjt of material Silicon
Replacing Edge Model Jn_arora_lf:Potential@n0 in region bjt of material Silicon
Replacing Edge Model Jn_arora_lf:Potential@n1 in region bjt of material Silicon
Replacing Triangle Edge Model Jn_x in region bjt of material Silicon
Replacing Triangle Edge Model Jn_y in region bjt of material Silicon
Replacing Triangle Edge Model Jnmag in region bjt of material Silicon
Replacing Edge Model Jp in region bjt of material Silicon
Replacing Edge Model Jp:Electrons@n0 in region bjt of material Silicon
Replacing Edge Model Jp:Electrons@n1 in region bjt of material Silicon
Replacing Edge Model Jp:Holes@n0 in region bjt of material Silicon
Replacing Edge Model Jp:Holes@n1 in region bjt of material Silicon
Replacing Edge Model Jp:Potential@n0 in region bjt of material Silicon
Replacing Edge Model Jp:Potential@n1 in region bjt of material Silicon
Replacing Edge Model Jp_arora_lf in region bjt of material Silicon
Replacing Edge Model Jp_arora_lf:Electrons@n0 in region bjt of material Silicon
Replacing Edge Model Jp_arora_lf:Electrons@n1 in region bjt of material Silicon
Replacing Edge Model Jp_arora_lf:Holes@n0 in region bjt of material Silicon
Replacing Edge Model Jp_arora_lf:Holes@n1 in region bjt of material Silicon
Replacing Edge Model Jp_arora_lf:Potential@n0 in region bjt of material Silicon
Replacing Edge Model Jp_arora_lf:Potential@n1 in region bjt of material Silicon
Replacing Triangle Edge Model Jp_x in region bjt of material Silicon
Replacing Triangle Edge Model Jp_y in region bjt of material Silicon
Replacing Triangle Edge Model Jpmag in region bjt of material Silicon
Replacing Node Model LogNetDoping in region bjt of material Silicon
Replacing Node Model NC in region bjt of material Silicon
Replacing Node Model NCharge in region bjt of material Silicon
Replacing Node Model NCharge:Electrons in region bjt of material Silicon
Replacing Node Model NIE in region bjt of material Silicon
Replacing Node Model NTOT in region bjt of material Silicon
Replacing Node Model NV in region bjt of material Silicon
Replacing Node Model NetDoping in region bjt of material Silicon
Replacing Node Model PCharge in region bjt of material Silicon
Replacing Node Model PCharge:Holes in region bjt of material Silicon
Replacing Edge Model Potential@n0 in region bjt of material Silicon
Replacing Edge Model Potential@n1 in region bjt of material Silicon
Replacing Node Model PotentialIntrinsicCharge in region bjt of material Silicon
Replacing Node Model PotentialIntrinsicCharge:Potential in region bjt of material Silicon
Replacing Node Model PotentialNodeCharge in region bjt of material Silicon
Replacing Node Model PotentialNodeCharge:Electrons in region bjt of material Silicon
Replacing Node Model PotentialNodeCharge:Holes in region bjt of material Silicon
Replacing Node Model Tn in region bjt of material Silicon
Replacing Node Model USRH in region bjt of material Silicon
Replacing Node Model USRH:Electrons in region bjt of material Silicon
Replacing Node Model USRH:Holes in region bjt of material Silicon
Replacing Node Model V_t in region bjt of material Silicon
Replacing Edge Model V_t_edge in region bjt of material Silicon
Replacing Node Model basenodeelectrons in region bjt of material Silicon
Replacing Node Model basenodeelectrons:Electrons in region bjt of material Silicon
Replacing Node Model basenodeholes in region bjt of material Silicon
Replacing Node Model basenodeholes:Holes in region bjt of material Silicon
Replacing Node Model basenodemodel in region bjt of material Silicon
Replacing Node Model basenodemodel:Potential in region bjt of material Silicon
Replacing Edge Model beta_n in region bjt of material Silicon
Replacing Edge Model beta_p in region bjt of material Silicon
Replacing Node Model collectornodeelectrons in region bjt of material Silicon
Replacing Node Model collectornodeelectrons:Electrons in region bjt of material Silicon
Replacing Node Model collectornodeholes in region bjt of material Silicon
Replacing Node Model collectornodeholes:Holes in region bjt of material Silicon
Replacing Node Model collectornodemodel in region bjt of material Silicon
Replacing Node Model collectornodemodel:Potential in region bjt of material Silicon
Replacing Node Model contactcharge_node in region bjt of material Silicon
Replacing Node Model emitternodeelectrons in region bjt of material Silicon
Replacing Node Model emitternodeelectrons:Electrons in region bjt of material Silicon
Replacing Node Model emitternodeholes in region bjt of material Silicon
Replacing Node Model emitternodeholes:Holes in region bjt of material Silicon
Replacing Node Model emitternodemodel in region bjt of material Silicon
Replacing Node Model emitternodemodel:Potential in region bjt of material Silicon
Replacing Edge Model mu_arora_n_lf in region bjt of material Silicon
Replacing Node Model mu_arora_n_node in region bjt of material Silicon
Replacing Edge Model mu_arora_p_lf in region bjt of material Silicon
Replacing Node Model mu_arora_p_node in region bjt of material Silicon
Replacing Edge Model mu_n in region bjt of material Silicon
Replacing Edge Model mu_n:Electrons@n0 in region bjt of material Silicon
Replacing Edge Model mu_n:Electrons@n1 in region bjt of material Silicon
Replacing Edge Model mu_n:Holes@n0 in region bjt of material Silicon
Replacing Edge Model mu_n:Holes@n1 in region bjt of material Silicon
Replacing Edge Model mu_n:Potential@n0 in region bjt of material Silicon
Replacing Edge Model mu_n:Potential@n1 in region bjt of material Silicon
Replacing Edge Model mu_p in region bjt of material Silicon
Replacing Edge Model mu_p:Electrons@n0 in region bjt of material Silicon
Replacing Edge Model mu_p:Electrons@n1 in region bjt of material Silicon
Replacing Edge Model mu_p:Holes@n0 in region bjt of material Silicon
Replacing Edge Model mu_p:Holes@n1 in region bjt of material Silicon
Replacing Edge Model mu_p:Potential@n0 in region bjt of material Silicon
Replacing Edge Model mu_p:Potential@n1 in region bjt of material Silicon
Replacing Edge Model vsat_n in region bjt of material Silicon
Replacing Edge Model vsat_p in region bjt of material Silicon
Replacing Node Model basenodemodel in region bjt of material Silicon
Replacing Node Model basenodemodel:Potential in region bjt of material Silicon
Warning: Replacing Contact Equation with Contact Equation of the same name.
Contact: base, Equation: PotentialEquation
Replacing Node Model basenodeelectrons in region bjt of material Silicon
Replacing Node Model basenodeelectrons:Electrons in region bjt of material Silicon
Replacing Node Model basenodeholes in region bjt of material Silicon
Replacing Node Model basenodeholes:Holes in region bjt of material Silicon
Warning: Replacing Contact Equation with Contact Equation of the same name.
Contact: base, Equation: ElectronContinuityEquation
Warning: Replacing Contact Equation with Contact Equation of the same name.
Contact: base, Equation: HoleContinuityEquation
Replacing Node Model emitternodemodel in region bjt of material Silicon
Replacing Node Model emitternodemodel:Potential in region bjt of material Silicon
Warning: Replacing Contact Equation with Contact Equation of the same name.
Contact: emitter, Equation: PotentialEquation
Replacing Node Model emitternodeelectrons in region bjt of material Silicon
Replacing Node Model emitternodeelectrons:Electrons in region bjt of material Silicon
Replacing Node Model emitternodeholes in region bjt of material Silicon
Replacing Node Model emitternodeholes:Holes in region bjt of material Silicon
Warning: Replacing Contact Equation with Contact Equation of the same name.
Contact: emitter, Equation: ElectronContinuityEquation
Warning: Replacing Contact Equation with Contact Equation of the same name.
Contact: emitter, Equation: HoleContinuityEquation
Replacing Node Model collectornodemodel in region bjt of material Silicon
Replacing Node Model collectornodemodel:Potential in region bjt of material Silicon
Warning: Replacing Contact Equation with Contact Equation of the same name.
Contact: collector, Equation: PotentialEquation
Replacing Node Model collectornodeelectrons in region bjt of material Silicon
Replacing Node Model collectornodeelectrons:Electrons in region bjt of material Silicon
Replacing Node Model collectornodeholes in region bjt of material Silicon
Replacing Node Model collectornodeholes:Holes in region bjt of material Silicon
Warning: Replacing Contact Equation with Contact Equation of the same name.
Contact: collector, Equation: ElectronContinuityEquation
Warning: Replacing Contact Equation with Contact Equation of the same name.
Contact: collector, Equation: HoleContinuityEquation
creating solution dcop with 6 nodes
number of equations 41337
creating solution dcop_prev with 6 nodes
Iteration: 0
  Device: "bjt"	RelError: 9.89786e-02	AbsError: 2.26824e+04
    Region: "bjt"	RelError: 9.89786e-02	AbsError: 2.26824e+04
      Equation: "ElectronContinuityEquation"	RelError: 2.92319e-02	AbsError: 2.24931e+04
      Equation: "HoleContinuityEquation"	RelError: 6.97467e-02	AbsError: 1.89245e+02
      Equation: "PotentialEquation"	RelError: 2.53422e-13	AbsError: 1.78512e-16
  Circuit: 	RelError: 7.27479e-07	AbsError: 9.09167e-17
number of equations 41337
Iteration: 0
  Device: "bjt"	RelError: 1.23354e-01	AbsError: 8.29570e+03
    Region: "bjt"	RelError: 1.23354e-01	AbsError: 8.29570e+03
      Equation: "ElectronContinuityEquation"	RelError: 9.65737e-02	AbsError: 8.18020e+03
      Equation: "HoleContinuityEquation"	RelError: 2.67800e-02	AbsError: 1.15499e+02
      Equation: "PotentialEquation"	RelError: 1.50596e-13	AbsError: 1.30251e-16
  Circuit: 	RelError: 5.78058e-07	AbsError: 6.08114e-17
Iteration: 1
  Device: "bjt"	RelError: 6.04411e-02	AbsError: 8.33608e+03
    Region: "bjt"	RelError: 6.04411e-02	AbsError: 8.33608e+03
      Equation: "ElectronContinuityEquation"	RelError: 3.68998e-02	AbsError: 8.18020e+03
      Equation: "HoleContinuityEquation"	RelError: 2.35413e-02	AbsError: 1.55884e+02
      Equation: "PotentialEquation"	RelError: 1.89292e-13	AbsError: 1.41996e-16
  Circuit: 	RelError: 8.47936e-08	AbsError: 1.39818e-17
number of equations 41337
Iteration: 0
  Device: "bjt"	RelError: 4.92766e-02	AbsError: 8.28100e+03
    Region: "bjt"	RelError: 4.92766e-02	AbsError: 8.28100e+03
      Equation: "ElectronContinuityEquation"	RelError: 2.51255e-02	AbsError: 8.18020e+03
      Equation: "HoleContinuityEquation"	RelError: 2.41511e-02	AbsError: 1.00802e+02
      Equation: "PotentialEquation"	RelError: 9.53952e-14	AbsError: 1.26069e-16
  Circuit: 	RelError: 9.24954e-08	AbsError: 1.41423e-17
ACHEADER: f V(base) V(collector) V(emitter) I(base) I(collector) I(emitter) IR(base) II(base) IR(collector) II(collector) IR(emitter) II(emitter)
last end 0.000000e+00 -1.000000e+00
number of equations 41337
Iteration: 0
  Device: "bjt"	RelError: 1.14345e+02	AbsError: 3.10374e+16
    Region: "bjt"	RelError: 1.14345e+02	AbsError: 3.10374e+16
      Equation: "ElectronContinuityEquation"	RelError: 4.88247e-01	AbsError: 1.85418e+16
      Equation: "HoleContinuityEquation"	RelError: 4.95552e-01	AbsError: 1.24956e+16
      Equation: "PotentialEquation"	RelError: 1.13361e+02	AbsError: 2.50000e-02
  Circuit: 	RelError: 1.00000e+00	AbsError: 2.50000e-02
Iteration: 1
  Device: "bjt"	RelError: 7.65443e-01	AbsError: 9.43834e+14
    Region: "bjt"	RelError: 7.65443e-01	AbsError: 9.43834e+14
      Equation: "ElectronContinuityEquation"	RelError: 2.70194e-01	AbsError: 4.64751e+14
      Equation: "HoleContinuityEquation"	RelError: 2.64079e-01	AbsError: 4.79082e+14
      Equation: "PotentialEquation"	RelError: 2.31170e-01	AbsError: 3.32699e-04
  Circuit: 	RelError: 3.65190e-03	AbsError: 3.82717e-13
Iteration: 2
  Device: "bjt"	RelError: 7.71879e-02	AbsError: 7.67975e+11
    Region: "bjt"	RelError: 7.71879e-02	AbsError: 7.67975e+11
      Equation: "ElectronContinuityEquation"	RelError: 3.25816e-02	AbsError: 2.37322e+11
      Equation: "HoleContinuityEquation"	RelError: 4.45558e-02	AbsError: 5.30653e+11
      Equation: "PotentialEquation"	RelError: 5.05502e-05	AbsError: 4.29205e-07
  Circuit: 	RelError: 3.57352e-04	AbsError: 3.58516e-14
Iteration: 3
  Device: "bjt"	RelError: 1.36675e-01	AbsError: 6.88386e+05
    Region: "bjt"	RelError: 1.36675e-01	AbsError: 6.88386e+05
      Equation: "ElectronContinuityEquation"	RelError: 7.16728e-02	AbsError: 9.99489e+04
      Equation: "HoleContinuityEquation"	RelError: 6.50020e-02	AbsError: 5.88437e+05
      Equation: "PotentialEquation"	RelError: 1.03229e-11	AbsError: 3.71371e-13
  Circuit: 	RelError: 2.66238e-06	AbsError: 2.75028e-16
Iteration: 4
  Device: "bjt"	RelError: 1.27772e-01	AbsError: 8.34027e+03
    Region: "bjt"	RelError: 1.27772e-01	AbsError: 8.34027e+03
      Equation: "ElectronContinuityEquation"	RelError: 6.67373e-02	AbsError: 8.18020e+03
      Equation: "HoleContinuityEquation"	RelError: 6.10348e-02	AbsError: 1.60070e+02
      Equation: "PotentialEquation"	RelError: 2.79735e-13	AbsError: 1.47792e-16
  Circuit: 	RelError: 2.58843e-07	AbsError: 5.16936e-17
Iteration: 5
  Device: "bjt"	RelError: 2.92733e-02	AbsError: 8.26210e+03
    Region: "bjt"	RelError: 2.92733e-02	AbsError: 8.26210e+03
      Equation: "ElectronContinuityEquation"	RelError: 2.96878e-03	AbsError: 8.18020e+03
      Equation: "HoleContinuityEquation"	RelError: 2.63045e-02	AbsError: 8.18964e+01
      Equation: "PotentialEquation"	RelError: 2.68883e-13	AbsError: 1.52718e-16
  Circuit: 	RelError: 2.19612e-06	AbsError: 2.22496e-16
Iteration: 6
  Device: "bjt"	RelError: 3.03271e-02	AbsError: 8.30414e+03
    Region: "bjt"	RelError: 3.03271e-02	AbsError: 8.30414e+03
      Equation: "ElectronContinuityEquation"	RelError: 8.34475e-04	AbsError: 8.18020e+03
      Equation: "HoleContinuityEquation"	RelError: 2.94926e-02	AbsError: 1.23940e+02
      Equation: "PotentialEquation"	RelError: 2.57531e-13	AbsError: 1.59075e-16
  Circuit: 	RelError: 5.38640e-07	AbsError: 5.52955e-17
Iteration: 7
  Device: "bjt"	RelError: 2.94638e-02	AbsError: 8.31726e+03
    Region: "bjt"	RelError: 2.94638e-02	AbsError: 8.31726e+03
      Equation: "ElectronContinuityEquation"	RelError: 8.53494e-04	AbsError: 8.18020e+03
      Equation: "HoleContinuityEquation"	RelError: 2.86103e-02	AbsError: 1.37058e+02
      Equation: "PotentialEquation"	RelError: 4.27952e-13	AbsError: 1.58825e-16
  Circuit: 	RelError: 2.20074e-06	AbsError: 2.20335e-16
Iteration: 8
  Device: "bjt"	RelError: 4.19583e-02	AbsError: 8.26719e+03
    Region: "bjt"	RelError: 4.19583e-02	AbsError: 8.26719e+03
      Equation: "ElectronContinuityEquation"	RelError: 1.07494e-03	AbsError: 8.18020e+03
      Equation: "HoleContinuityEquation"	RelError: 4.08834e-02	AbsError: 8.69897e+01
      Equation: "PotentialEquation"	RelError: 2.77822e-13	AbsError: 1.66944e-16
  Circuit: 	RelError: 2.33291e-06	AbsError: 2.34646e-16
Iteration: 9
  Device: "bjt"	RelError: 5.06189e-02	AbsError: 8.27450e+03
    Region: "bjt"	RelError: 5.06189e-02	AbsError: 8.27450e+03
      Equation: "ElectronContinuityEquation"	RelError: 1.07389e-03	AbsError: 8.18020e+03
      Equation: "HoleContinuityEquation"	RelError: 4.95451e-02	AbsError: 9.42974e+01
      Equation: "PotentialEquation"	RelError: 3.84835e-13	AbsError: 1.62032e-16
  Circuit: 	RelError: 2.50378e-06	AbsError: 2.52465e-16
Iteration: 10
  Device: "bjt"	RelError: 4.78625e-02	AbsError: 8.29061e+03
    Region: "bjt"	RelError: 4.78625e-02	AbsError: 8.29061e+03
      Equation: "ElectronContinuityEquation"	RelError: 6.55664e-04	AbsError: 8.18020e+03
      Equation: "HoleContinuityEquation"	RelError: 4.72069e-02	AbsError: 1.10412e+02
      Equation: "PotentialEquation"	RelError: 4.11901e-13	AbsError: 1.69339e-16
  Circuit: 	RelError: 1.89236e-06	AbsError: 1.89818e-16
Iteration: 11
  Device: "bjt"	RelError: 2.63352e-02	AbsError: 8.29341e+03
    Region: "bjt"	RelError: 2.63352e-02	AbsError: 8.29341e+03
      Equation: "ElectronContinuityEquation"	RelError: 3.06638e-05	AbsError: 8.18020e+03
      Equation: "HoleContinuityEquation"	RelError: 2.63045e-02	AbsError: 1.13209e+02
      Equation: "PotentialEquation"	RelError: 4.16232e-13	AbsError: 1.70555e-16
  Circuit: 	RelError: 3.28537e-07	AbsError: 3.30863e-17
Iteration: 12
  Device: "bjt"	RelError: 4.96013e-02	AbsError: 8.26549e+03
    Region: "bjt"	RelError: 4.96013e-02	AbsError: 8.26549e+03
      Equation: "ElectronContinuityEquation"	RelError: 5.54194e-05	AbsError: 8.18020e+03
      Equation: "HoleContinuityEquation"	RelError: 4.95459e-02	AbsError: 8.52961e+01
      Equation: "PotentialEquation"	RelError: 4.82171e-13	AbsError: 1.75202e-16
  Circuit: 	RelError: 3.34993e-06	AbsError: 3.35344e-16
Iteration: 13
  Device: "bjt"	RelError: 2.95886e-02	AbsError: 8.32498e+03
    Region: "bjt"	RelError: 2.95886e-02	AbsError: 8.32498e+03
      Equation: "ElectronContinuityEquation"	RelError: 9.57373e-05	AbsError: 8.18020e+03
      Equation: "HoleContinuityEquation"	RelError: 2.94929e-02	AbsError: 1.44784e+02
      Equation: "PotentialEquation"	RelError: 6.65453e-13	AbsError: 1.12087e-16
  Circuit: 	RelError: 3.40266e-06	AbsError: 3.41062e-16
Iteration: 14
  Device: "bjt"	RelError: 4.09792e-02	AbsError: 8.26622e+03
    Region: "bjt"	RelError: 4.09792e-02	AbsError: 8.26622e+03
      Equation: "ElectronContinuityEquation"	RelError: 9.57384e-05	AbsError: 8.18020e+03
      Equation: "HoleContinuityEquation"	RelError: 4.08835e-02	AbsError: 8.60254e+01
      Equation: "PotentialEquation"	RelError: 3.25079e-13	AbsError: 1.11760e-16
  Circuit: 	RelError: 9.38216e-07	AbsError: 9.51182e-17
Iteration: 15
  Device: "bjt"	RelError: 2.63864e-02	AbsError: 8.26902e+03
    Region: "bjt"	RelError: 2.63864e-02	AbsError: 8.26902e+03
      Equation: "ElectronContinuityEquation"	RelError: 8.18203e-05	AbsError: 8.18020e+03
      Equation: "HoleContinuityEquation"	RelError: 2.63045e-02	AbsError: 8.88165e+01
      Equation: "PotentialEquation"	RelError: 1.58727e-13	AbsError: 1.61620e-16
  Circuit: 	RelError: 1.58610e-06	AbsError: 1.59643e-16
Iteration: 16
  Device: "bjt"	RelError: 4.95744e-02	AbsError: 8.27940e+03
    Region: "bjt"	RelError: 4.95744e-02	AbsError: 8.27940e+03
      Equation: "ElectronContinuityEquation"	RelError: 2.84922e-05	AbsError: 8.18020e+03
      Equation: "HoleContinuityEquation"	RelError: 4.95459e-02	AbsError: 9.91966e+01
      Equation: "PotentialEquation"	RelError: 1.89993e-13	AbsError: 1.72758e-16
  Circuit: 	RelError: 9.01906e-07	AbsError: 9.13385e-17
Iteration: 17
  Device: "bjt"	RelError: 7.66625e-03	AbsError: 8.29544e+03
    Region: "bjt"	RelError: 7.66625e-03	AbsError: 8.29544e+03
      Equation: "ElectronContinuityEquation"	RelError: 1.07401e-03	AbsError: 8.18020e+03
      Equation: "HoleContinuityEquation"	RelError: 6.59224e-03	AbsError: 1.15239e+02
      Equation: "PotentialEquation"	RelError: 3.59353e-13	AbsError: 1.52591e-16
  Circuit: 	RelError: 8.65019e-07	AbsError: 8.77241e-17
Succeeded
number of equations 41337
Iteration: 0
  Device: "bjt"	RelError: 4.19565e-02	AbsError: 8.27902e+03
    Region: "bjt"	RelError: 4.19565e-02	AbsError: 8.27902e+03
      Equation: "ElectronContinuityEquation"	RelError: 1.07297e-03	AbsError: 8.18020e+03
      Equation: "HoleContinuityEquation"	RelError: 4.08835e-02	AbsError: 9.88213e+01
      Equation: "PotentialEquation"	RelError: 4.27611e-13	AbsError: 1.60619e-16
  Circuit: 	RelError: 1.23222e-07	AbsError: 1.35231e-17
Iteration: 1
  Device: "bjt"	RelError: 4.20137e-03	AbsError: 8.26341e+03
    Region: "bjt"	RelError: 4.20137e-03	AbsError: 8.26341e+03
      Equation: "ElectronContinuityEquation"	RelError: 9.57373e-05	AbsError: 8.18020e+03
      Equation: "HoleContinuityEquation"	RelError: 4.10563e-03	AbsError: 8.32090e+01
      Equation: "PotentialEquation"	RelError: 3.43549e-13	AbsError: 1.05283e-16
  Circuit: 	RelError: 3.66134e-07	AbsError: 3.67117e-17
number of equations 41337
Iteration: 0
  Device: "bjt"	RelError: 5.06200e-02	AbsError: 8.29305e+03
    Region: "bjt"	RelError: 5.06200e-02	AbsError: 8.29305e+03
      Equation: "ElectronContinuityEquation"	RelError: 1.07413e-03	AbsError: 8.18020e+03
      Equation: "HoleContinuityEquation"	RelError: 4.95459e-02	AbsError: 1.12854e+02
      Equation: "PotentialEquation"	RelError: 3.32053e-13	AbsError: 1.44002e-16
  Circuit: 	RelError: 8.58536e-08	AbsError: 9.53947e-18
Iteration: 1
  Device: "bjt"	RelError: 2.86268e-02	AbsError: 8.27780e+03
    Region: "bjt"	RelError: 2.86268e-02	AbsError: 8.27780e+03
      Equation: "ElectronContinuityEquation"	RelError: 1.65448e-05	AbsError: 8.18020e+03
      Equation: "HoleContinuityEquation"	RelError: 2.86103e-02	AbsError: 9.75967e+01
      Equation: "PotentialEquation"	RelError: 4.31089e-13	AbsError: 1.56831e-16
  Circuit: 	RelError: 7.97772e-08	AbsError: 8.01793e-18
Iteration: 2
  Device: "bjt"	RelError: 4.09000e-02	AbsError: 8.28244e+03
    Region: "bjt"	RelError: 4.09000e-02	AbsError: 8.28244e+03
      Equation: "ElectronContinuityEquation"	RelError: 1.65426e-05	AbsError: 8.18020e+03
      Equation: "HoleContinuityEquation"	RelError: 4.08835e-02	AbsError: 1.02242e+02
      Equation: "PotentialEquation"	RelError: 4.66731e-13	AbsError: 1.60480e-16
  Circuit: 	RelError: 3.82468e-07	AbsError: 3.82755e-17
Iteration: 3
  Device: "bjt"	RelError: 4.96269e-02	AbsError: 8.27744e+03
    Region: "bjt"	RelError: 4.96269e-02	AbsError: 8.27744e+03
      Equation: "ElectronContinuityEquation"	RelError: 8.18170e-05	AbsError: 8.18020e+03
      Equation: "HoleContinuityEquation"	RelError: 4.95450e-02	AbsError: 9.72433e+01
      Equation: "PotentialEquation"	RelError: 2.88687e-13	AbsError: 1.51187e-16
  Circuit: 	RelError: 1.67920e-07	AbsError: 1.68560e-17
Iteration: 4
  Device: "bjt"	RelError: 6.68799e-03	AbsError: 8.29047e+03
    Region: "bjt"	RelError: 6.68799e-03	AbsError: 8.29047e+03
      Equation: "ElectronContinuityEquation"	RelError: 9.57463e-05	AbsError: 8.18020e+03
      Equation: "HoleContinuityEquation"	RelError: 6.59224e-03	AbsError: 1.10270e+02
      Equation: "PotentialEquation"	RelError: 2.27110e-13	AbsError: 1.59254e-16
  Circuit: 	RelError: 4.01834e-07	AbsError: 4.02936e-17
number of equations 41337
Iteration: 0
  Device: "bjt"	RelError: 4.09792e-02	AbsError: 8.27721e+03
    Region: "bjt"	RelError: 4.09792e-02	AbsError: 8.27721e+03
      Equation: "ElectronContinuityEquation"	RelError: 9.57267e-05	AbsError: 8.18020e+03
      Equation: "HoleContinuityEquation"	RelError: 4.08835e-02	AbsError: 9.70149e+01
      Equation: "PotentialEquation"	RelError: 4.75800e-13	AbsError: 1.60978e-16
  Circuit: 	RelError: 2.56274e-07	AbsError: 2.56988e-17
Iteration: 1
  Device: "bjt"	RelError: 2.90990e-03	AbsError: 8.29485e+03
    Region: "bjt"	RelError: 2.90990e-03	AbsError: 8.29485e+03
      Equation: "ElectronContinuityEquation"	RelError: 1.07299e-03	AbsError: 8.18020e+03
      Equation: "HoleContinuityEquation"	RelError: 1.83691e-03	AbsError: 1.14651e+02
      Equation: "PotentialEquation"	RelError: 2.37633e-13	AbsError: 1.67349e-16
  Circuit: 	RelError: 2.33432e-07	AbsError: 2.43383e-17
creating solution ssac_real with 6 nodes
creating solution ssac_imag with 6 nodes
Device: bjt	Region: bjt	Creating: Electrons_Real
Device: bjt	Region: bjt	Creating: Electrons_Imag
Device: bjt	Region: bjt	Creating: Holes_Real
Device: bjt	Region: bjt	Creating: Holes_Imag
Device: bjt	Region: bjt	Creating: Potential_Real
Device: bjt	Region: bjt	Creating: Potential_Imag
AC Iteration:
number of equations 41337
AC: 1000 -2.24083707622895e-26 1.07240002028164e-32 -0.025 1.93987879109106e-14 3.02165184073864e-14 -4.96158145833348e-14 1.23298433153619e-11 -1.25796939659254e-06 -1.34513341090733e-11 4.5897512675138e-07 -5.61259797670794e-12 7.98994269730493e-07
AC Iteration:
number of equations 41337
AC: 2154.43469003188 -2.24083707622895e-26 1.07240002028164e-32 -0.025 1.93987879109106e-14 3.02165184073864e-14 -4.96158145833348e-14 1.63821365091883e-11 -2.7102129070059e-06 -1.42868748200616e-11 9.8883193493411e-07 -6.75141760617784e-12 1.72138097184952e-06
AC Iteration:
number of equations 41337
AC: 4641.58883361278 -2.24083707622895e-26 1.07240002028164e-32 -0.025 1.93987879109106e-14 3.02165184073864e-14 -4.96158145833348e-14 3.50210379271335e-11 -5.83897670411219e-06 -1.82310755953035e-11 2.13037382321782e-06 -1.92055293626325e-11 3.70860288043626e-06
AC Iteration:
number of equations 41337
AC: 10000 -2.24083707622895e-26 1.07240002028164e-32 -0.025 1.93987879109106e-14 3.02165184073864e-14 -4.96158145833348e-14 1.22491269062166e-10 -1.25796939644871e-05 -3.8067062606109e-11 4.58975126711245e-06 -8.1381937218073e-11 7.98994269650664e-06
AC Iteration:
number of equations 41337
AC: 21544.3469003188 -2.24083707622895e-26 1.07240002028164e-32 -0.025 1.93987879109106e-14 3.02165184073864e-14 -4.96158145833348e-14 5.26954606194749e-10 -2.71021290556594e-05 -1.25571267769063e-10 9.88831934628654e-06 -4.07490337116589e-10 1.72138097070458e-05
AC Iteration:
number of equations 41337
AC: 46415.8883361278 -2.24083707622895e-26 1.07240002028164e-32 -0.025 1.93987879109106e-14 3.02165184073864e-14 -4.96158145833348e-14 2.40453359207086e-09 -5.83897668971769e-05 -5.35703940593836e-10 2.13037382010139e-05 -1.87505453694244e-09 3.70860286908601e-05
AC Iteration:
number of equations 41337
AC: 100000 -2.24083707622895e-26 1.07240002028164e-32 -0.025 1.93987879109106e-14 3.02165184073864e-14 -4.96158145833348e-14 1.11195501784375e-08 -0.000125796938205516 -2.43623077723893e-09 4.58975123650923e-05 -8.67784396908075e-09 7.98994258308299e-05
AC Iteration:
number of equations 41337
AC: 215443.469003188 -2.24083707622895e-26 1.07240002028164e-32 -0.025 1.93987879109106e-14 3.02165184073864e-14 -4.96158145833348e-14 5.15721682406937e-08 -0.000271021276163076 -1.12585770286245e-08 9.88831903974698e-05 -4.02790781302597e-08 0.000172138085752602
AC Iteration:
number of equations 41337
AC: 464158.883361278 -2.24083707622895e-26 1.07240002028164e-32 -0.025 1.93987879109106e-14 3.02165184073864e-14 -4.96158145833348e-14 2.3933345197567e-07 -0.000583897525035874 -5.22095392811403e-08 0.00021303735136269 -1.8696219867328e-07 0.000370860173693164
AC Iteration:
number of equations 41337
AC: 1000000 -2.24083707622895e-26 1.07240002028164e-32 -0.025 1.93987879109106e-14 3.02165184073864e-14 -4.96158145833348e-14 1.11084574376383e-06 -0.00125796794269404 -2.4228778560614e-07 0.000458974817127686 -8.67793254290905e-07 0.000798993126143552
AC Iteration:
number of equations 41337
AC: 2154434.69003189 -2.24083707622895e-26 1.07240002028164e-32 -0.025 1.93987879109106e-14 3.02165184073864e-14 -4.96158145833348e-14 5.1560143966653e-06 -0.0027101983681136 -1.12454421946954e-06 0.000988828838748821 -4.02790152915915e-06 0.00172136953593739
AC Iteration:
number of equations 41337
AC: 4641588.83361278 -2.24083707622895e-26 1.07240002028164e-32 -0.025 1.93987879109106e-14 3.02165184073864e-14 -4.96158145833348e-14 2.39313441224999e-05 -0.00583883131968438 -5.21947107359449e-06 0.00213034286240859 -1.86952935258335e-05 0.00370848852478123
AC Iteration:
number of equations 41337
AC: 10000000 -2.24083707622895e-26 1.07240002028164e-32 -0.025 1.93987879109106e-14 3.02165184073864e-14 -4.96158145833348e-14 0.000111064078907488 -0.0125782403270228 -2.422332790651e-05 0.00458944170296373 -8.67637903070178e-05 0.007988799302346
AC Iteration:
number of equations 41337
AC: 21544346.9003189 -2.24083707622895e-26 1.07240002028164e-32 -0.025 1.93987879109106e-14 3.02165184073864e-14 -4.96158145833348e-14 0.000515183540534505 -0.0270876022735143 -0.00011236440681155 0.00988522574523981 -0.000402462062518754 0.0172023833138638
AC Iteration:
number of equations 41337
AC: 46415888.3361278 -2.24083707622895e-26 1.07240002028164e-32 -0.025 1.93987879109106e-14 3.02165184073864e-14 -4.96158145833348e-14 0.00238418245051091 -0.0582449426516139 -0.000520040955573091 0.021272896594598 -0.00186248729399761 0.0369721137324745
AC Iteration:
number of equations 41337
AC: 100000000 -2.24083707622895e-26 1.07240002028164e-32 -0.025 1.93987879109106e-14 3.02165184073864e-14 -4.96158145833348e-14 0.010916295849019 -0.124368933725505 -0.00238187284436353 0.0455934032332736 -0.00852681314063343 0.0787761980994905
AC Iteration:
number of equations 41337
AC: 215443469.003189 -2.24083707622895e-26 1.07240002028164e-32 -0.025 1.93987879109106e-14 3.02165184073864e-14 -4.96158145833348e-14 0.0476751855736075 -0.257610854593754 -0.0104185518110257 0.0960271663456079 -0.0372226736196424 0.16158996989736
AC Iteration:
number of equations 41337
AC: 464158883.361278 -2.24083707622895e-26 1.07240002028164e-32 -0.025 1.93987879109106e-14 3.02165184073864e-14 -4.96158145833348e-14 0.174100662338139 -0.479320858438404 -0.0383162334473865 0.190760955809379 -0.13564828655625 0.288609322709693
AC Iteration:
number of equations 41337
AC: 1000000000 -2.24083707622895e-26 1.07240002028164e-32 -0.025 1.93987879109106e-14 3.02165184073864e-14 -4.96158145833348e-14 0.416726575510023 -0.739476354107981 -0.0945539811404787 0.348421573220735 -0.321720001168263 0.391309600025329
AC Iteration:
number of equations 41337
AC: 2154434690.03189 -2.24083707622895e-26 1.07240002028164e-32 -0.025 1.93987879109106e-14 3.02165184073864e-14 -4.96158145833348e-14 0.68353772427638 -1.1352733023906 -0.172611625425495 0.651534992082847 -0.509428653867275 0.484638368521765
AC Iteration:
number of equations 41337
AC: 4641588833.61278 -2.24083707622895e-26 1.07240002028164e-32 -0.025 1.93987879109106e-14 3.02165184073864e-14 -4.96158145833348e-14 1.15815253652495 -1.92905018638618 -0.369820900221004 1.27684771619097 -0.782847245594558 0.655484186221148
AC Iteration:
number of equations 41337
AC: 10000000000 -2.24083707622895e-26 1.07240002028164e-32 -0.025 1.93987879109106e-14 3.02165184073864e-14 -4.96158145833348e-14 2.23037679871184 -3.11612617703475 -0.986048127825838 2.38182590309215 -1.22521656341679 0.747889659976873
AC Iteration:
number of equations 41337
AC: 21544346900.3189 -2.24083707622895e-26 1.07240002028164e-32 -0.025 1.93987879109106e-14 3.02165184073864e-14 -4.96158145833348e-14 4.27991902871955 -4.39403817498822 -2.56445778307412 3.79411938062308 -1.65714782463136 0.655957897093406
AC Iteration:
number of equations 41337
AC: 46415888336.1278 -2.24083707622895e-26 1.07240002028164e-32 -0.025 1.93987879109106e-14 3.02165184073864e-14 -4.96158145833348e-14 7.20205671830022 -4.82442992936809 -5.10290445667033 4.5205247303566 -1.95919044046526 0.506502988450467
AC Iteration:
number of equations 41337
AC: 100000000000 -2.24083707622895e-26 1.07240002028164e-32 -0.025 1.93987879109106e-14 3.02165184073864e-14 -4.96158145833348e-14 9.44635626848222 -4.34733930841849 -6.95606807534029 4.58492938475073 -2.20669558636078 0.331860903917891
last end -2.500000e-02 -1.000000e+00
number of equations 41337
Iteration: 0
  Device: "bjt"	RelError: 4.81961e+01	AbsError: 3.15593e+16
    Region: "bjt"	RelError: 4.81961e+01	AbsError: 3.15593e+16
      Equation: "ElectronContinuityEquation"	RelError: 4.89774e-01	AbsError: 1.85994e+16
      Equation: "HoleContinuityEquation"	RelError: 4.91252e-01	AbsError: 1.29599e+16
      Equation: "PotentialEquation"	RelError: 4.72150e+01	AbsError: 2.50000e-02
  Circuit: 	RelError: 5.00000e-01	AbsError: 2.50000e-02
Iteration: 1
  Device: "bjt"	RelError: 5.36511e-01	AbsError: 9.91817e+14
    Region: "bjt"	RelError: 5.36511e-01	AbsError: 9.91817e+14
      Equation: "ElectronContinuityEquation"	RelError: 2.50916e-01	AbsError: 4.87900e+14
      Equation: "HoleContinuityEquation"	RelError: 2.52184e-01	AbsError: 5.03917e+14
      Equation: "PotentialEquation"	RelError: 3.34114e-02	AbsError: 3.42004e-04
  Circuit: 	RelError: 2.40024e-03	AbsError: 2.76515e-13
Iteration: 2
  Device: "bjt"	RelError: 2.93451e-02	AbsError: 1.01776e+12
    Region: "bjt"	RelError: 2.93451e-02	AbsError: 1.01776e+12
      Equation: "ElectronContinuityEquation"	RelError: 1.35537e-02	AbsError: 2.87318e+11
      Equation: "HoleContinuityEquation"	RelError: 1.57671e-02	AbsError: 7.30440e+11
      Equation: "PotentialEquation"	RelError: 2.42761e-05	AbsError: 3.83720e-07
  Circuit: 	RelError: 6.71320e-04	AbsError: 6.75446e-14
Iteration: 3
  Device: "bjt"	RelError: 2.82437e-02	AbsError: 1.16201e+06
    Region: "bjt"	RelError: 2.82437e-02	AbsError: 1.16201e+06
      Equation: "ElectronContinuityEquation"	RelError: 1.00519e-02	AbsError: 1.12485e+05
      Equation: "HoleContinuityEquation"	RelError: 1.81918e-02	AbsError: 1.04953e+06
      Equation: "PotentialEquation"	RelError: 2.86343e-11	AbsError: 4.07149e-13
  Circuit: 	RelError: 9.88089e-07	AbsError: 1.05944e-16
Iteration: 4
  Device: "bjt"	RelError: 2.80196e-02	AbsError: 8.32470e+03
    Region: "bjt"	RelError: 2.80196e-02	AbsError: 8.32470e+03
      Equation: "ElectronContinuityEquation"	RelError: 1.01541e-02	AbsError: 8.18020e+03
      Equation: "HoleContinuityEquation"	RelError: 1.78655e-02	AbsError: 1.44498e+02
      Equation: "PotentialEquation"	RelError: 2.91446e-13	AbsError: 1.08938e-16
  Circuit: 	RelError: 2.02221e-07	AbsError: 3.63963e-17
Iteration: 5
  Device: "bjt"	RelError: 2.04986e-02	AbsError: 8.31304e+03
    Region: "bjt"	RelError: 2.04986e-02	AbsError: 8.31304e+03
      Equation: "ElectronContinuityEquation"	RelError: 2.30814e-03	AbsError: 8.18020e+03
      Equation: "HoleContinuityEquation"	RelError: 1.81905e-02	AbsError: 1.32844e+02
      Equation: "PotentialEquation"	RelError: 1.70104e-13	AbsError: 1.37215e-16
  Circuit: 	RelError: 1.84690e-07	AbsError: 2.30186e-17
Iteration: 6
  Device: "bjt"	RelError: 1.83270e-02	AbsError: 8.31532e+03
    Region: "bjt"	RelError: 1.83270e-02	AbsError: 8.31532e+03
      Equation: "ElectronContinuityEquation"	RelError: 4.58566e-04	AbsError: 8.18020e+03
      Equation: "HoleContinuityEquation"	RelError: 1.78684e-02	AbsError: 1.35126e+02
      Equation: "PotentialEquation"	RelError: 4.16824e-13	AbsError: 9.86927e-17
  Circuit: 	RelError: 1.01579e-06	AbsError: 1.03235e-16
Iteration: 7
  Device: "bjt"	RelError: 2.34639e-02	AbsError: 8.27585e+03
    Region: "bjt"	RelError: 2.34639e-02	AbsError: 8.27585e+03
      Equation: "ElectronContinuityEquation"	RelError: 5.27046e-03	AbsError: 8.18020e+03
      Equation: "HoleContinuityEquation"	RelError: 1.81935e-02	AbsError: 9.56488e+01
      Equation: "PotentialEquation"	RelError: 5.19570e-13	AbsError: 1.42874e-16
  Circuit: 	RelError: 1.01579e-07	AbsError: 1.66625e-17
Iteration: 8
  Device: "bjt"	RelError: 1.22589e-02	AbsError: 8.26673e+03
    Region: "bjt"	RelError: 1.22589e-02	AbsError: 8.26673e+03
      Equation: "ElectronContinuityEquation"	RelError: 7.62412e-03	AbsError: 8.18020e+03
      Equation: "HoleContinuityEquation"	RelError: 4.63477e-03	AbsError: 8.65302e+01
      Equation: "PotentialEquation"	RelError: 2.39415e-13	AbsError: 8.79765e-17
  Circuit: 	RelError: 4.70958e-07	AbsError: 5.69375e-17
Iteration: 9
  Device: "bjt"	RelError: 2.43827e-02	AbsError: 8.28765e+03
    Region: "bjt"	RelError: 2.43827e-02	AbsError: 8.28765e+03
      Equation: "ElectronContinuityEquation"	RelError: 7.56643e-03	AbsError: 8.18020e+03
      Equation: "HoleContinuityEquation"	RelError: 1.68162e-02	AbsError: 1.07449e+02
      Equation: "PotentialEquation"	RelError: 1.92915e-13	AbsError: 9.30406e-17
  Circuit: 	RelError: 8.95332e-08	AbsError: 1.76292e-17
Iteration: 10
  Device: "bjt"	RelError: 4.91309e-03	AbsError: 8.27634e+03
    Region: "bjt"	RelError: 4.91309e-03	AbsError: 8.27634e+03
      Equation: "ElectronContinuityEquation"	RelError: 1.84813e-03	AbsError: 8.18020e+03
      Equation: "HoleContinuityEquation"	RelError: 3.06495e-03	AbsError: 9.61372e+01
      Equation: "PotentialEquation"	RelError: 4.37444e-13	AbsError: 1.26361e-16
  Circuit: 	RelError: 1.51359e-07	AbsError: 1.74715e-17
Succeeded
number of equations 41337
Iteration: 0
  Device: "bjt"	RelError: 3.13121e-03	AbsError: 8.27797e+03
    Region: "bjt"	RelError: 3.13121e-03	AbsError: 8.27797e+03
      Equation: "ElectronContinuityEquation"	RelError: 7.55777e-05	AbsError: 8.18020e+03
      Equation: "HoleContinuityEquation"	RelError: 3.05563e-03	AbsError: 9.77715e+01
      Equation: "PotentialEquation"	RelError: 1.52391e-13	AbsError: 1.10240e-16
  Circuit: 	RelError: 7.15481e-09	AbsError: 9.47940e-19
number of equations 41337
Iteration: 0
  Device: "bjt"	RelError: 1.84795e-02	AbsError: 8.27140e+03
    Region: "bjt"	RelError: 1.84795e-02	AbsError: 8.27140e+03
      Equation: "ElectronContinuityEquation"	RelError: 2.79685e-04	AbsError: 8.18020e+03
      Equation: "HoleContinuityEquation"	RelError: 1.81998e-02	AbsError: 9.12000e+01
      Equation: "PotentialEquation"	RelError: 3.57527e-13	AbsError: 8.85186e-17
  Circuit: 	RelError: 2.75786e-07	AbsError: 2.80219e-17
Iteration: 1
  Device: "bjt"	RelError: 2.73512e-02	AbsError: 8.28995e+03
    Region: "bjt"	RelError: 2.73512e-02	AbsError: 8.28995e+03
      Equation: "ElectronContinuityEquation"	RelError: 9.47902e-03	AbsError: 8.18020e+03
      Equation: "HoleContinuityEquation"	RelError: 1.78722e-02	AbsError: 1.09755e+02
      Equation: "PotentialEquation"	RelError: 1.59006e-13	AbsError: 1.32115e-16
  Circuit: 	RelError: 3.35410e-07	AbsError: 4.43385e-17
Iteration: 2
  Device: "bjt"	RelError: 7.74984e-03	AbsError: 8.26356e+03
    Region: "bjt"	RelError: 7.74984e-03	AbsError: 8.26356e+03
      Equation: "ElectronContinuityEquation"	RelError: 7.56643e-03	AbsError: 8.18020e+03
      Equation: "HoleContinuityEquation"	RelError: 1.83405e-04	AbsError: 8.33600e+01
      Equation: "PotentialEquation"	RelError: 2.41754e-13	AbsError: 1.11493e-16
  Circuit: 	RelError: 8.59077e-08	AbsError: 1.67351e-17
number of equations 41337
Iteration: 0
  Device: "bjt"	RelError: 2.13366e-03	AbsError: 8.29173e+03
    Region: "bjt"	RelError: 2.13366e-03	AbsError: 8.29173e+03
      Equation: "ElectronContinuityEquation"	RelError: 1.84813e-03	AbsError: 8.18020e+03
      Equation: "HoleContinuityEquation"	RelError: 2.85526e-04	AbsError: 1.11534e+02
      Equation: "PotentialEquation"	RelError: 3.00938e-13	AbsError: 9.34185e-17
  Circuit: 	RelError: 1.86443e-08	AbsError: 3.78242e-18
AC Iteration:
number of equations 41337
AC: 1000 2.02323708943208e-34 -5.75026665326185e-33 -0.05 4.82453908651528e-14 1.08833189947273e-13 -1.5707901394877e-13 1.2700479887968e-11 -1.26655556151203e-06 -9.9345698623448e-12 4.58975127351187e-07 -3.43181641067013e-12 8.07580434056108e-07
AC Iteration:
number of equations 41337
AC: 2154.43469003188 2.02323708943208e-34 -5.75026665326185e-33 -0.05 4.82453908651528e-14 1.08833189947273e-13 -1.5707901394877e-13 1.67857185549149e-11 -2.72871123856269e-06 -1.13292140888182e-11 9.88831936208037e-07 -1.10873651463546e-11 1.73987930213031e-06
AC Iteration:
number of equations 41337
AC: 4641.58883361278 2.02323708943208e-34 -5.75026665326185e-33 -0.05 4.82453908651528e-14 1.08833189947273e-13 -1.5707901394877e-13 3.57458383357854e-11 -5.87883015132464e-06 -1.53791931761458e-11 2.13037382595961e-06 -2.41911481401345e-11 3.74845632491143e-06
AC Iteration:
number of equations 41337
AC: 10000 2.02323708943208e-34 -5.75026665326185e-33 -0.05 4.82453908651528e-14 1.08833189947273e-13 -1.5707901394877e-13 1.24163251823033e-10 -1.26655556136555e-05 -3.46277045077706e-11 4.58975127311686e-06 -9.32898142377511e-11 8.07580433952155e-06
AC Iteration:
number of equations 41337
AC: 21544.3469003188 2.02323708943208e-34 -5.75026665326185e-33 -0.05 4.82453908651528e-14 1.08833189947273e-13 -1.5707901394877e-13 5.34622665063555e-10 -2.72871123709492e-05 -1.23184271094252e-10 9.88831935901831e-06 -4.17501790262298e-10 1.73987930095457e-05
AC Iteration:
number of equations 41337
AC: 46415.8883361278 2.02323708943208e-34 -5.75026665326185e-33 -0.05 4.82453908651528e-14 1.08833189947273e-13 -1.5707901394877e-13 2.43889572053558e-09 -5.8788301366471e-05 -5.35234819554906e-10 2.13037382284834e-05 -1.90766469542084e-09 3.74845631330639e-05
AC Iteration:
number of equations 41337
AC: 100000 2.02323708943208e-34 -5.75026665326185e-33 -0.05 4.82453908651528e-14 1.08833189947273e-13 -1.5707901394877e-13 1.12752504844052e-08 -0.000126655554669118 -2.44626971075815e-09 4.58975124218811e-05 -8.82621032204106e-09 8.0758042237371e-05
AC Iteration:
number of equations 41337
AC: 215443.469003188 2.02323708943208e-34 -5.75026665326185e-33 -0.05 4.82453908651528e-14 1.08833189947273e-13 -1.5707901394877e-13 5.22953790302675e-08 -0.000272871109034725 -1.13193994091359e-08 9.88831904894005e-05 -4.09460907305698e-08 0.000173987918527193
AC Iteration:
number of equations 41337
AC: 464158.883361278 2.02323708943208e-34 -5.75026665326185e-33 -0.05 4.82453908651528e-14 1.08833189947273e-13 -1.5707901394877e-13 2.4269080159586e-07 -0.000587882866915838 -5.25013251824314e-08 0.000213037351291213 -1.90021358591543e-07 0.000374845515652518
AC Iteration:
number of equations 41337
AC: 1000000 2.02323708943208e-34 -5.75026665326185e-33 -0.05 4.82453908651528e-14 1.08833189947273e-13 -1.5707901394877e-13 1.126426473403e-06 -0.00126655407920263 -2.4365282791478e-07 0.00045897481425981 -8.82004310251085e-07 0.000807579265520088
AC Iteration:
number of equations 41337
AC: 2154434.69003189 2.02323708943208e-34 -5.75026665326185e-33 -0.05 4.82453908651528e-14 1.08833189947273e-13 -1.5707901394877e-13 5.22833614276853e-06 -0.00272869641556407 -1.1308911412203e-06 0.00098882880541565 -4.09385253127295e-06 0.00173986761680509
AC Iteration:
number of equations 41337
AC: 4641588.83361278 2.02323708943208e-34 -5.75026665326185e-33 -0.05 4.82453908651528e-14 1.08833189947273e-13 -1.5707901394877e-13 2.42670178635938e-05 -0.00587868192590222 -5.24894006722138e-06 0.00213034251902432 -1.90013861058766e-05 0.00374833947529507
AC Iteration:
number of equations 41337
AC: 10000000 2.02323708943208e-34 -5.75026665326185e-33 -0.05 4.82453908651528e-14 1.08833189947273e-13 -1.5707901394877e-13 0.000112621754845516 -0.0126640735725714 -2.43600678818258e-05 0.00458943824852156 -8.81842007371905e-05 0.00807463601193079
AC Iteration:
number of equations 41337
AC: 21544346.9003189 2.02323708943208e-34 -5.75026665326185e-33 -0.05 4.82453908651528e-14 1.08833189947273e-13 -1.5707901394877e-13 0.000522405385940238 -0.0272723018444675 -0.000112997942990658 0.00988519119961264 -0.000409047930540139 0.0173871175261724
AC Iteration:
number of equations 41337
AC: 46415888.3361278 2.02323708943208e-34 -5.75026665326185e-33 -0.05 4.82453908651528e-14 1.08833189947273e-13 -1.5707901394877e-13 0.00241752660117044 -0.058640653157851 -0.000522956653998216 0.0212725531096616 -0.00189290451667738 0.0373681686701203
AC Iteration:
number of equations 41337
AC: 100000000 2.02323708943208e-34 -5.75026665326185e-33 -0.05 4.82453908651528e-14 1.08833189947273e-13 -1.5707901394877e-13 0.0110673519550702 -0.125199921797804 -0.00239488434496603 0.0455900618730262 -0.00866480692087957 0.0796105367741442
AC Iteration:
number of equations 41337
AC: 215443469.003189 2.02323708943208e-34 -5.75026665326185e-33 -0.05 4.82453908651528e-14 1.08833189947273e-13 -1.5707901394877e-13 0.0483046757837822 -0.259209961153247 -0.0104690458123319 0.0959976294723526 -0.0378014591042501 0.163218696314356
AC Iteration:
number of equations 41337
AC: 464158883.361278 2.02323708943208e-34 -5.75026665326185e-33 -0.05 4.82453908651528e-14 1.08833189947273e-13 -1.5707901394877e-13 0.176028815011474 -0.481581349740823 -0.0384231959143912 0.190579212643516 -0.137468835128602 0.291052104828864
AC Iteration:
number of equations 41337
AC: 1000000000 2.02323708943208e-34 -5.75026665326185e-33 -0.05 4.82453908651528e-14 1.08833189947273e-13 -1.5707901394877e-13 0.419837453362926 -0.741527015925212 -0.0945008350868977 0.347945395104604 -0.324882772418226 0.393838343674175
AC Iteration:
number of equations 41337
AC: 2154434690.03189 2.02323708943208e-34 -5.75026665326185e-33 -0.05 4.82453908651528e-14 1.08833189947273e-13 -1.5707901394877e-13 0.687431474947605 -1.13792106084041 -0.172319795379519 0.650923694228896 -0.513610755438763 0.487902555421184
AC Iteration:
number of equations 41337
AC: 4641588833.61278 2.02323708943208e-34 -5.75026665326185e-33 -0.05 4.82453908651528e-14 1.08833189947273e-13 -1.5707901394877e-13 1.16460179513455 -1.9320934596506 -0.369491381526666 1.27577094654951 -0.789617417325713 0.659622512481986
AC Iteration:
number of equations 41337
AC: 10000000000 2.02323708943208e-34 -5.75026665326185e-33 -0.05 4.82453908651528e-14 1.08833189947273e-13 -1.5707901394877e-13 2.23909921308298 -3.11656520949975 -0.984971128240831 2.37946427919068 -1.23501331627042 0.750743513594637
AC Iteration:
number of equations 41337
AC: 21544346900.3189 2.02323708943208e-34 -5.75026665326185e-33 -0.05 4.82453908651528e-14 1.08833189947273e-13 -1.5707901394877e-13 4.28711784138419 -4.39107673483314 -2.56062910496162 3.79132779466626 -1.66821403975243 0.655882546290868
AC Iteration:
number of equations 41337
AC: 46415888336.1278 2.02323708943208e-34 -5.75026665326185e-33 -0.05 4.82453908651528e-14 1.08833189947273e-13 -1.5707901394877e-13 7.20624019286875 -4.82128625822758 -5.09740989308567 4.52055399216291 -1.96895626345235 0.50344841567073
AC Iteration:
number of equations 41337
AC: 100000000000 2.02323708943208e-34 -5.75026665326185e-33 -0.05 4.82453908651528e-14 1.08833189947273e-13 -1.5707901394877e-13 9.4490894025374 -4.34486910008842 -6.95242313667889 4.58702423411565 -2.2132189497843 0.327464054537998
last end -5.000000e-02 -1.000000e+00
number of equations 41337
Iteration: 0
  Device: "bjt"	RelError: 2.55642e+01	AbsError: 3.21235e+16
    Region: "bjt"	RelError: 2.55642e+01	AbsError: 3.21235e+16
      Equation: "ElectronContinuityEquation"	RelError: 4.90490e-01	AbsError: 1.86418e+16
      Equation: "HoleContinuityEquation"	RelError: 4.91269e-01	AbsError: 1.34817e+16
      Equation: "PotentialEquation"	RelError: 2.45824e+01	AbsError: 2.50000e-02
  Circuit: 	RelError: 3.33333e-01	AbsError: 2.50000e-02
Iteration: 1
  Device: "bjt"	RelError: 5.99162e-01	AbsError: 1.03943e+15
    Region: "bjt"	RelError: 5.99162e-01	AbsError: 1.03943e+15
      Equation: "ElectronContinuityEquation"	RelError: 2.54742e-01	AbsError: 5.04089e+14
      Equation: "HoleContinuityEquation"	RelError: 2.51899e-01	AbsError: 5.35338e+14
      Equation: "PotentialEquation"	RelError: 9.25202e-02	AbsError: 3.34120e-04
  Circuit: 	RelError: 5.10083e-03	AbsError: 6.05505e-13
Iteration: 2
  Device: "bjt"	RelError: 1.45899e-02	AbsError: 1.20946e+12
    Region: "bjt"	RelError: 1.45899e-02	AbsError: 1.20946e+12
      Equation: "ElectronContinuityEquation"	RelError: 1.20630e-02	AbsError: 3.37039e+11
      Equation: "HoleContinuityEquation"	RelError: 2.44019e-03	AbsError: 8.72419e+11
      Equation: "PotentialEquation"	RelError: 8.67021e-05	AbsError: 3.98970e-07
  Circuit: 	RelError: 1.32337e-03	AbsError: 1.33406e-13
Iteration: 3
  Device: "bjt"	RelError: 1.84144e-02	AbsError: 1.55004e+06
    Region: "bjt"	RelError: 1.84144e-02	AbsError: 1.55004e+06
      Equation: "ElectronContinuityEquation"	RelError: 1.11764e-02	AbsError: 1.78532e+05
      Equation: "HoleContinuityEquation"	RelError: 7.23804e-03	AbsError: 1.37150e+06
      Equation: "PotentialEquation"	RelError: 4.73508e-11	AbsError: 5.21026e-13
  Circuit: 	RelError: 5.48081e-07	AbsError: 6.01058e-17
Iteration: 4
  Device: "bjt"	RelError: 1.26257e-02	AbsError: 8.33408e+03
    Region: "bjt"	RelError: 1.26257e-02	AbsError: 8.33408e+03
      Equation: "ElectronContinuityEquation"	RelError: 1.08188e-02	AbsError: 8.18020e+03
      Equation: "HoleContinuityEquation"	RelError: 1.80691e-03	AbsError: 1.53880e+02
      Equation: "PotentialEquation"	RelError: 2.80322e-13	AbsError: 1.35214e-16
  Circuit: 	RelError: 4.57694e-07	AbsError: 5.48478e-17
Iteration: 5
  Device: "bjt"	RelError: 6.74474e-03	AbsError: 8.31878e+03
    Region: "bjt"	RelError: 6.74474e-03	AbsError: 8.31878e+03
      Equation: "ElectronContinuityEquation"	RelError: 5.71787e-03	AbsError: 8.18020e+03
      Equation: "HoleContinuityEquation"	RelError: 1.02687e-03	AbsError: 1.38581e+02
      Equation: "PotentialEquation"	RelError: 2.77903e-13	AbsError: 2.24800e-16
  Circuit: 	RelError: 8.00244e-08	AbsError: 1.72960e-17
Succeeded
number of equations 41337
Iteration: 0
  Device: "bjt"	RelError: 4.00642e-03	AbsError: 8.33064e+03
    Region: "bjt"	RelError: 4.00642e-03	AbsError: 8.33064e+03
      Equation: "ElectronContinuityEquation"	RelError: 2.08301e-03	AbsError: 8.18020e+03
      Equation: "HoleContinuityEquation"	RelError: 1.92342e-03	AbsError: 1.50446e+02
      Equation: "PotentialEquation"	RelError: 2.45134e-13	AbsError: 1.51882e-16
  Circuit: 	RelError: 5.10332e-08	AbsError: 8.95593e-18
number of equations 41337
Iteration: 0
  Device: "bjt"	RelError: 3.19694e-03	AbsError: 8.34246e+03
    Region: "bjt"	RelError: 3.19694e-03	AbsError: 8.34246e+03
      Equation: "ElectronContinuityEquation"	RelError: 2.07868e-03	AbsError: 8.18020e+03
      Equation: "HoleContinuityEquation"	RelError: 1.11827e-03	AbsError: 1.62257e+02
      Equation: "PotentialEquation"	RelError: 2.26983e-13	AbsError: 1.74773e-16
  Circuit: 	RelError: 7.24953e-08	AbsError: 1.25847e-17
number of equations 41337
Iteration: 0
  Device: "bjt"	RelError: 3.19885e-03	AbsError: 8.28868e+03
    Region: "bjt"	RelError: 3.19885e-03	AbsError: 8.28868e+03
      Equation: "ElectronContinuityEquation"	RelError: 2.08301e-03	AbsError: 8.18020e+03
      Equation: "HoleContinuityEquation"	RelError: 1.11585e-03	AbsError: 1.08479e+02
      Equation: "PotentialEquation"	RelError: 2.23916e-13	AbsError: 1.53448e-16
  Circuit: 	RelError: 5.19688e-08	AbsError: 1.00084e-17
AC Iteration:
number of equations 41337
AC: 1000 3.85796437787509e-33 0 -0.075 9.35081453350402e-14 3.14013438859621e-13 -4.07521797608944e-13 1.47307446690212e-11 -1.27553573364156e-06 -2.42839316393358e-12 4.58975127924734e-07 -1.57558443482239e-11 8.16560605613751e-07
AC Iteration:
number of equations 41337
AC: 2154.43469003188 3.85796437787509e-33 0 -0.075 9.35081453350402e-14 3.14013438859621e-13 -4.07521797608944e-13 1.89230561236099e-11 -2.74805843292053e-06 -3.33281789403609e-12 9.88831937459793e-07 -2.316970752899e-11 1.75922649521682e-06
AC Iteration:
number of equations 41337
AC: 4641.58883361278 3.85796437787509e-33 0 -0.075 9.35081453350402e-14 3.14013438859621e-13 -4.07521797608944e-13 3.81632124260049e-11 -5.92051241800035e-06 -7.58617301813431e-12 2.13037382864409e-06 -2.96504863960158e-11 3.79013858892225e-06
AC Iteration:
number of equations 41337
AC: 10000 3.85796437787509e-33 0 -0.075 9.35081453350402e-14 3.14013438859621e-13 -4.07521797608944e-13 1.27857262996674e-10 -1.27553573349184e-05 -2.66762397664945e-11 4.58975127893587e-06 -1.04218236165435e-10 8.16560605496054e-06
AC Iteration:
number of equations 41337
AC: 21544.3469003188 3.85796437787509e-33 0 -0.075 9.35081453350402e-14 3.14013438859621e-13 -4.07521797608944e-13 5.44300397792713e-10 -2.7480584314226e-05 -1.15958946212348e-10 9.8883193714641e-06 -4.30253762446776e-10 1.75922649408508e-05
AC Iteration:
number of equations 41337
AC: 46415.8883361278 3.85796437787509e-33 0 -0.075 9.35081453350402e-14 3.14013438859621e-13 -4.07521797608944e-13 2.47642061441987e-09 -5.92051240302454e-05 -5.3020122181203e-10 2.13037382551609e-05 -1.94375346383919e-09 3.79013857715695e-05
AC Iteration:
number of equations 41337
AC: 100000 3.85796437787509e-33 0 -0.075 9.35081453350402e-14 3.14013438859621e-13 -4.07521797608944e-13 1.14418598601599e-08 -0.000127553571851769 -2.45308745613539e-09 4.58975124757285e-05 -8.98534246055213e-09 8.16560593669177e-05
AC Iteration:
number of equations 41337
AC: 215443.469003188 3.85796437787509e-33 0 -0.075 9.35081453350402e-14 3.14013438859621e-13 -4.07521797608944e-13 5.30600475795794e-08 -0.00027480582816835 -1.13782751000389e-08 9.88831905785059e-05 -4.16479168810162e-08 0.000175922637574268
AC Iteration:
number of equations 41337
AC: 464158.883361278 3.85796437787509e-33 0 -0.075 9.35081453350402e-14 3.14013438859621e-13 -4.07521797608944e-13 2.46234078993606e-07 -0.000592051090563121 -5.28047659628826e-08 0.000213037351192776 -1.9326846494035e-07 0.000379013739389362
AC Iteration:
number of equations 41337
AC: 1000000 3.85796437787509e-33 0 -0.075 9.35081453350402e-14 3.14013438859621e-13 -4.07521797608944e-13 1.14286682456319e-06 -0.00127553422112333 -2.45089497590091e-07 0.000458974811172967 -8.97000481838738e-07 0.000816559410551808
AC Iteration:
number of equations 41337
AC: 2154434.69003189 3.85796437787509e-33 0 -0.075 9.35081453350402e-14 3.14013438859621e-13 -4.07521797608944e-13 5.30463738904272e-06 -0.00274804330783748 -1.13758981651559e-06 0.000988828769953504 -4.16342840322043e-06 0.00175921454466773
AC Iteration:
number of equations 41337
AC: 4641588.83361278 3.85796437787509e-33 0 -0.075 9.35081453350402e-14 3.14013438859621e-13 -4.07521797608944e-13 2.46211461679472e-05 -0.00592036117190861 -5.28005888306582e-06 0.00213034215460964 -1.93242747453027e-05 0.00379001908678212
AC Iteration:
number of equations 41337
AC: 10000000 3.85796437787509e-33 0 -0.075 9.35081453350402e-14 3.14013438859621e-13 -4.07521797608944e-13 0.000114265058670876 -0.0127538450938734 -2.45044781507006e-05 0.00458943458454291 -8.96825499371545e-05 0.00816441120715262
AC Iteration:
number of equations 41337
AC: 21544346.9003189 3.85796437787509e-33 0 -0.075 9.35081453350402e-14 3.14013438859621e-13 -4.07521797608944e-13 0.000530024090596116 -0.0274654721027565 -0.000113667023041949 0.00988515456249971 -0.000415995011204661 0.0175803245216711
AC Iteration:
number of equations 41337
AC: 46415888.3361278 3.85796437787509e-33 0 -0.075 9.35081453350402e-14 3.14013438859621e-13 -4.07521797608944e-13 0.00245270032163895 -0.0590544734982453 -0.000526035687370531 0.0212721888626865 -0.00192498744829008 0.0377823542560536
AC Iteration:
number of equations 41337
AC: 100000000 3.85796437787509e-33 0 -0.075 9.35081453350402e-14 3.14013438859621e-13 -4.07521797608944e-13 0.0112266389842889 -0.12606857425942 -0.0024086193420116 0.0455865196978129 -0.00881030580492739 0.080482741152505
AC Iteration:
number of equations 41337
AC: 215443469.003189 3.85796437787509e-33 0 -0.075 9.35081453350402e-14 3.14013438859621e-13 -4.07521797608944e-13 0.0489674352663854 -0.260878533548234 -0.0105222554821699 0.0959663606916875 -0.0384107889618366 0.164918624815577
AC Iteration:
number of equations 41337
AC: 464158883.361278 3.85796437787509e-33 0 -0.075 9.35081453350402e-14 3.14013438859621e-13 -4.07521797608944e-13 0.178048054536975 -0.483926383070343 -0.038535175361499 0.190387720683997 -0.139375429045369 0.293589203306487
AC Iteration:
number of equations 41337
AC: 1000000000 3.85796437787509e-33 0 -0.075 9.35081453350402e-14 3.14013438859621e-13 -4.07521797608944e-13 0.423066224870492 -0.743648667948478 -0.0944455627302715 0.347448006042748 -0.328165516404058 0.396459359287446
AC Iteration:
number of equations 41337
AC: 2154434690.03189 3.85796437787509e-33 0 -0.075 9.35081453350402e-14 3.14013438859621e-13 -4.07521797608944e-13 0.691484880188602 -1.14069795857768 -0.172030474514572 0.650287034598601 -0.517949811277125 0.491321453681219
AC Iteration:
number of equations 41337
AC: 4641588833.61278 3.85796437787509e-33 0 -0.075 9.35081453350402e-14 3.14013438859621e-13 -4.07521797608944e-13 1.17140911207112 -1.93526944591381 -0.369220899387012 1.27462803010649 -0.796686148541116 0.663960744583306
AC Iteration:
number of equations 41337
AC: 10000000000 3.85796437787509e-33 0 -0.075 9.35081453350402e-14 3.14013438859621e-13 -4.07521797608944e-13 2.24847092220133 -3.11685868145729 -0.984115735790209 2.37684061331306 -1.24523838705517 0.75371801927063
AC Iteration:
number of equations 41337
AC: 21544346900.3189 3.85796437787509e-33 0 -0.075 9.35081453350402e-14 3.14013438859621e-13 -4.07521797608944e-13 4.295179381396 -4.38698847087256 -2.55726426954336 3.78742146132839 -1.67969335970293 0.65580736861223
AC Iteration:
number of equations 41337
AC: 46415888336.1278 3.85796437787509e-33 0 -0.075 9.35081453350402e-14 3.14013438859621e-13 -4.07521797608944e-13 7.20992231066717 -4.81529501977398 -5.09121129831872 4.51761136117639 -1.97900485653601 0.500507431489402
AC Iteration:
number of equations 41337
AC: 100000000000 3.85796437787509e-33 0 -0.075 9.35081453350402e-14 3.14013438859621e-13 -4.07521797608944e-13 9.44866717533584 -4.33992431186453 -6.94524885837646 4.58611422191683 -2.22027221751361 0.323415263785667
last end -7.500000e-02 -1.000000e+00
number of equations 41337
Iteration: 0
  Device: "bjt"	RelError: 4.70747e+01	AbsError: 3.26185e+16
    Region: "bjt"	RelError: 4.70747e+01	AbsError: 3.26185e+16
      Equation: "ElectronContinuityEquation"	RelError: 4.90893e-01	AbsError: 1.87143e+16
      Equation: "HoleContinuityEquation"	RelError: 4.91288e-01	AbsError: 1.39042e+16
      Equation: "PotentialEquation"	RelError: 4.60925e+01	AbsError: 2.50000e-02
  Circuit: 	RelError: 2.50000e-01	AbsError: 2.50000e-02
Iteration: 1
  Device: "bjt"	RelError: 5.67900e-01	AbsError: 1.08090e+15
    Region: "bjt"	RelError: 5.67900e-01	AbsError: 1.08090e+15
      Equation: "ElectronContinuityEquation"	RelError: 2.51968e-01	AbsError: 5.12800e+14
      Equation: "HoleContinuityEquation"	RelError: 2.52091e-01	AbsError: 5.68102e+14
      Equation: "PotentialEquation"	RelError: 6.38401e-02	AbsError: 3.13344e-04
  Circuit: 	RelError: 2.58801e-03	AbsError: 4.91977e-13
Iteration: 2
  Device: "bjt"	RelError: 2.92451e-03	AbsError: 1.25300e+12
    Region: "bjt"	RelError: 2.92451e-03	AbsError: 1.25300e+12
      Equation: "ElectronContinuityEquation"	RelError: 1.34482e-03	AbsError: 3.56333e+11
      Equation: "HoleContinuityEquation"	RelError: 1.43629e-03	AbsError: 8.96670e+11
      Equation: "PotentialEquation"	RelError: 1.43404e-04	AbsError: 4.32106e-07
  Circuit: 	RelError: 3.26738e-04	AbsError: 3.35365e-14
Iteration: 3
  Device: "bjt"	RelError: 5.19219e-03	AbsError: 1.50017e+06
    Region: "bjt"	RelError: 5.19219e-03	AbsError: 1.50017e+06
      Equation: "ElectronContinuityEquation"	RelError: 3.56415e-03	AbsError: 2.21875e+05
      Equation: "HoleContinuityEquation"	RelError: 1.62804e-03	AbsError: 1.27830e+06
      Equation: "PotentialEquation"	RelError: 1.28943e-10	AbsError: 6.20953e-13
  Circuit: 	RelError: 1.48282e-07	AbsError: 2.46569e-17
Iteration: 4
  Device: "bjt"	RelError: 5.93968e-03	AbsError: 8.46418e+03
    Region: "bjt"	RelError: 5.93968e-03	AbsError: 8.46418e+03
      Equation: "ElectronContinuityEquation"	RelError: 4.31342e-03	AbsError: 8.18020e+03
      Equation: "HoleContinuityEquation"	RelError: 1.62626e-03	AbsError: 2.83985e+02
      Equation: "PotentialEquation"	RelError: 2.11915e-13	AbsError: 4.58872e-16
  Circuit: 	RelError: 1.34960e-07	AbsError: 2.70558e-17
Succeeded
number of equations 41337
Iteration: 0
  Device: "bjt"	RelError: 2.80270e-03	AbsError: 8.30351e+03
    Region: "bjt"	RelError: 2.80270e-03	AbsError: 8.30351e+03
      Equation: "ElectronContinuityEquation"	RelError: 1.74417e-03	AbsError: 8.18020e+03
      Equation: "HoleContinuityEquation"	RelError: 1.05853e-03	AbsError: 1.23308e+02
      Equation: "PotentialEquation"	RelError: 2.09664e-13	AbsError: 1.26151e-16
  Circuit: 	RelError: 1.69907e-07	AbsError: 2.26992e-17
number of equations 41337
Iteration: 0
  Device: "bjt"	RelError: 1.00514e-03	AbsError: 8.28955e+03
    Region: "bjt"	RelError: 1.00514e-03	AbsError: 8.28955e+03
      Equation: "ElectronContinuityEquation"	RelError: 3.57320e-04	AbsError: 8.18020e+03
      Equation: "HoleContinuityEquation"	RelError: 6.47820e-04	AbsError: 1.09348e+02
      Equation: "PotentialEquation"	RelError: 8.96795e-14	AbsError: 1.06976e-16
  Circuit: 	RelError: 7.64595e-09	AbsError: 1.16873e-18
number of equations 41337
Iteration: 0
  Device: "bjt"	RelError: 6.44493e-04	AbsError: 8.35303e+03
    Region: "bjt"	RelError: 6.44493e-04	AbsError: 8.35303e+03
      Equation: "ElectronContinuityEquation"	RelError: 3.57448e-04	AbsError: 8.18020e+03
      Equation: "HoleContinuityEquation"	RelError: 2.87045e-04	AbsError: 1.72834e+02
      Equation: "PotentialEquation"	RelError: 2.09400e-13	AbsError: 1.06686e-16
  Circuit: 	RelError: 2.89518e-08	AbsError: 5.69731e-18
AC Iteration:
number of equations 41337
AC: 1000 5.20611533894615e-33 2.12267454610077e-33 -0.1 1.66699827972829e-13 8.49720359118465e-13 -1.01642010388056e-12 1.60938636193835e-11 -1.2849227491929e-06 1.79730546218231e-11 4.58975128498578e-07 -3.56360509583343e-11 8.25947620604635e-07
AC Iteration:
number of equations 41337
AC: 2154.43469003188 5.20611533894615e-33 2.12267454610077e-33 -0.1 1.66699827972829e-13 8.49720359118465e-13 -1.01642010388056e-12 2.0212047759451e-11 -2.76828214486121e-06 1.71899737446364e-11 9.88831938700374e-07 -3.97982610270581e-11 1.77945020594227e-06
AC Iteration:
number of equations 41337
AC: 4641.58883361278 5.20611533894615e-33 2.12267454610077e-33 -0.1 1.66699827972829e-13 8.49720359118465e-13 -1.01642010388056e-12 3.96663496371296e-11 -5.96408308456306e-06 1.29755883721514e-11 2.13037383131901e-06 -6.246727210237e-11 3.83370925276582e-06
AC Iteration:
number of equations 41337
AC: 10000 5.20611533894615e-33 2.12267454610077e-33 -0.1 1.66699827972829e-13 8.49720359118465e-13 -1.01642010388056e-12 1.31048855705226e-10 -1.28492274904015e-05 -6.65542050410193e-12 4.58975128463102e-06 -1.27162729526027e-10 8.25947620471456e-06
AC Iteration:
number of equations 41337
AC: 21544.3469003188 5.20611533894615e-33 2.12267454610077e-33 -0.1 1.66699827972829e-13 8.49720359118465e-13 -1.01642010388056e-12 5.53467475688503e-10 -2.76828214333157e-05 -9.62301699223603e-11 9.88831938379415e-06 -4.59437086767161e-10 1.77945020473189e-05
AC Iteration:
number of equations 41337
AC: 46415.8883361278 5.20611533894615e-33 2.12267454610077e-33 -0.1 1.66699827972829e-13 8.49720359118465e-13 -1.01642010388056e-12 2.51486798155154e-09 -5.96408306926846e-05 -5.13016813562181e-10 2.1303738281438e-05 -2.0023804404229e-09 3.83370924067381e-05
AC Iteration:
number of equations 41337
AC: 100000 5.20611533894615e-33 2.12267454610077e-33 -0.1 1.66699827972829e-13 8.49720359118465e-13 -1.01642010388056e-12 1.16162773130442e-08 -0.000128492273374859 -2.44773889296528e-09 4.58975125294382e-05 -9.16644568733892e-09 8.25947608359301e-05
AC Iteration:
number of equations 41337
AC: 215443.469003188 5.20611533894615e-33 2.12267454610077e-33 -0.1 1.66699827972829e-13 8.49720359118465e-13 -1.01642010388056e-12 5.38658032520567e-08 -0.000276828199041456 -1.14281575169476e-08 9.88831906639745e-05 -4.24113715483723e-08 0.000177945008357638
AC Iteration:
number of equations 41337
AC: 464158.883361278 5.20611533894615e-33 2.12267454610077e-33 -0.1 1.66699827972829e-13 8.49720359118465e-13 -1.01642010388056e-12 2.4996853897187e-07 -0.000596408154010002 -5.31116131962494e-08 0.000213037351071021 -1.96693241587861e-07 0.000383370802961758
AC Iteration:
number of equations 41337
AC: 1000000 5.20611533894615e-33 2.12267454610077e-33 -0.1 1.66699827972829e-13 8.49720359118465e-13 -1.01642010388056e-12 1.16019422435079e-06 -0.00128492120457729 -2.46588375268683e-07 0.000458974807861404 -9.12821015864504e-07 0.000825946397334556
AC Iteration:
number of equations 41337
AC: 2154434.69003189 5.20611533894615e-33 2.12267454610077e-33 -0.1 1.66699827972829e-13 8.49720359118465e-13 -1.01642010388056e-12 5.3850568688752e-06 -0.00276826669879632 -1.14462119960844e-06 0.000988828732330904 -4.23679266819151e-06 0.00177943797336217
AC Iteration:
number of equations 41337
AC: 4641588.83361278 5.20611533894615e-33 2.12267454610077e-33 -0.1 1.66699827972829e-13 8.49720359118465e-13 -1.01642010388056e-12 2.49943970503277e-05 -0.00596392862881708 -5.31276874694116e-06 0.00213034176859529 -1.9664688160591e-05 0.00383358693089567
AC Iteration:
number of equations 41337
AC: 10000000 5.20611533894615e-33 2.12267454610077e-33 -0.1 1.66699827972829e-13 8.49720359118465e-13 -1.01642010388056e-12 0.000115997087463952 -0.0128476831601601 -2.46563170203106e-05 0.00458943070455693 -9.12621630692341e-05 0.00825825316411878
AC Iteration:
number of equations 41337
AC: 21544346.9003189 5.20611533894615e-33 2.12267454610077e-33 -0.1 1.66699827972829e-13 8.49720359118465e-13 -1.01642010388056e-12 0.000538054003828829 -0.0276673886688093 -0.000114370548395368 0.00988511576902135 -0.000423318733498325 0.0177822799872501
AC Iteration:
number of equations 41337
AC: 46415888.3361278 5.20611533894615e-33 2.12267454610077e-33 -0.1 1.66699827972829e-13 8.49720359118465e-13 -1.01642010388056e-12 0.00248976942616973 -0.0594869902817359 -0.000529272906435092 0.0212718032126958 -0.00195880706107179 0.0382152577420994
AC Iteration:
number of equations 41337
AC: 100000000 5.20611533894615e-33 2.12267454610077e-33 -0.1 1.66699827972829e-13 8.49720359118465e-13 -1.01642010388056e-12 0.0113944459897057 -0.126976086276872 -0.00242305237953604 0.045582770692472 -0.0089636242812121 0.0813940124393641
AC Iteration:
number of equations 41337
AC: 215443469.003189 5.20611533894615e-33 2.12267454610077e-33 -0.1 1.66699827972829e-13 8.49720359118465e-13 -1.01642010388056e-12 0.0496645082139863 -0.262618592038825 -0.0105780356079402 0.0959333152611597 -0.039051852575742 0.166691820579544
AC Iteration:
number of equations 41337
AC: 464158883.361278 5.20611533894615e-33 2.12267454610077e-33 -0.1 1.66699827972829e-13 8.49720359118465e-13 -1.01642010388056e-12 0.180160017589542 -0.486358014183587 -0.0386512801751768 0.190186377764049 -0.141370597320202 0.29622277680293
AC Iteration:
number of equations 41337
AC: 1000000000 5.20611533894615e-33 2.12267454610077e-33 -0.1 1.66699827972829e-13 8.49720359118465e-13 -1.01642010388056e-12 0.426411757356207 -0.745845654720286 -0.0943844003319794 0.346930019567167 -0.331570868865727 0.399176378071301
AC Iteration:
number of equations 41337
AC: 2154434690.03189 5.20611533894615e-33 2.12267454610077e-33 -0.1 1.66699827972829e-13 8.49720359118465e-13 -1.01642010388056e-12 0.695693477920087 -1.14361518854903 -0.171728982781679 0.649627430347369 -0.522456061148168 0.494903829798945
AC Iteration:
number of equations 41337
AC: 4641588833.61278 5.20611533894615e-33 2.12267454610077e-33 -0.1 1.66699827972829e-13 8.49720359118465e-13 -1.01642010388056e-12 1.1785435923894 -1.93859077824834 -0.368940876809124 1.2734303752297 -0.804091232467222 0.668499962906785
AC Iteration:
number of equations 41337
AC: 10000000000 5.20611533894615e-33 2.12267454610077e-33 -0.1 1.66699827972829e-13 8.49720359118465e-13 -1.01642010388056e-12 2.25826521407272 -3.11707351696386 -0.983169218630733 2.37408218224399 -1.25597783743783 0.756751084365919
AC Iteration:
number of equations 41337
AC: 21544346900.3189 5.20611533894615e-33 2.12267454610077e-33 -0.1 1.66699827972829e-13 8.49720359118465e-13 -1.01642010388056e-12 4.30339124400427 -4.3826318200426 -2.55352248363522 3.78349841851889 -1.69170393362131 0.655481878687843
AC Iteration:
number of equations 41337
AC: 46415888336.1278 5.20611533894615e-33 2.12267454610077e-33 -0.1 1.66699827972829e-13 8.49720359118465e-13 -1.01642010388056e-12 7.21357704084901 -4.80938022126527 -5.08472731150692 4.51531110490047 -1.98931007196003 0.496997769309742
AC Iteration:
number of equations 41337
AC: 100000000000 5.20611533894615e-33 2.12267454610077e-33 -0.1 1.66699827972829e-13 8.49720359118465e-13 -1.01642010388056e-12 9.44859631627187 -4.33505470286248 -6.93869937364973 4.58596445812514 -2.22704773022024 0.318697776670776
last end -1.000000e-01 -1.000000e+00
number of equations 41337
Iteration: 0
  Device: "bjt"	RelError: 1.08662e+01	AbsError: 3.31744e+16
    Region: "bjt"	RelError: 1.08662e+01	AbsError: 3.31744e+16
      Equation: "ElectronContinuityEquation"	RelError: 4.91053e-01	AbsError: 1.89542e+16
      Equation: "HoleContinuityEquation"	RelError: 4.91279e-01	AbsError: 1.42202e+16
      Equation: "PotentialEquation"	RelError: 9.88388e+00	AbsError: 2.50000e-02
  Circuit: 	RelError: 2.00000e-01	AbsError: 2.50000e-02
Iteration: 1
  Device: "bjt"	RelError: 5.24404e-01	AbsError: 1.09987e+15
    Region: "bjt"	RelError: 5.24404e-01	AbsError: 1.09987e+15
      Equation: "ElectronContinuityEquation"	RelError: 2.51754e-01	AbsError: 5.31491e+14
      Equation: "HoleContinuityEquation"	RelError: 2.51929e-01	AbsError: 5.68380e+14
      Equation: "PotentialEquation"	RelError: 2.07214e-02	AbsError: 3.13865e-04
  Circuit: 	RelError: 5.53630e-03	AbsError: 8.13797e-13
Iteration: 2
  Device: "bjt"	RelError: 1.91384e-03	AbsError: 1.12972e+12
    Region: "bjt"	RelError: 1.91384e-03	AbsError: 1.12972e+12
      Equation: "ElectronContinuityEquation"	RelError: 1.15583e-03	AbsError: 3.39416e+11
      Equation: "HoleContinuityEquation"	RelError: 7.34168e-04	AbsError: 7.90304e+11
      Equation: "PotentialEquation"	RelError: 2.38422e-05	AbsError: 4.48613e-07
  Circuit: 	RelError: 7.01846e-04	AbsError: 7.44665e-14
Iteration: 3
  Device: "bjt"	RelError: 1.84058e-03	AbsError: 1.20838e+06
    Region: "bjt"	RelError: 1.84058e-03	AbsError: 1.20838e+06
      Equation: "ElectronContinuityEquation"	RelError: 1.30859e-03	AbsError: 1.82414e+05
      Equation: "HoleContinuityEquation"	RelError: 5.31990e-04	AbsError: 1.02597e+06
      Equation: "PotentialEquation"	RelError: 1.68053e-11	AbsError: 5.30238e-13
  Circuit: 	RelError: 1.10710e-07	AbsError: 1.71180e-17
Iteration: 4
  Device: "bjt"	RelError: 6.38345e-04	AbsError: 8.55269e+03
    Region: "bjt"	RelError: 6.38345e-04	AbsError: 8.55269e+03
      Equation: "ElectronContinuityEquation"	RelError: 1.56040e-04	AbsError: 8.18020e+03
      Equation: "HoleContinuityEquation"	RelError: 4.82305e-04	AbsError: 3.72490e+02
      Equation: "PotentialEquation"	RelError: 2.44284e-13	AbsError: 7.25185e-16
  Circuit: 	RelError: 2.59333e-08	AbsError: 4.55898e-18
Succeeded
number of equations 41337
Iteration: 0
  Device: "bjt"	RelError: 3.99485e-04	AbsError: 8.28348e+03
    Region: "bjt"	RelError: 3.99485e-04	AbsError: 8.28348e+03
      Equation: "ElectronContinuityEquation"	RelError: 2.65768e-05	AbsError: 8.18020e+03
      Equation: "HoleContinuityEquation"	RelError: 3.72908e-04	AbsError: 1.03279e+02
      Equation: "PotentialEquation"	RelError: 3.36589e-13	AbsError: 1.57109e-16
  Circuit: 	RelError: 2.68018e-08	AbsError: 3.18944e-18
number of equations 41337
Iteration: 0
  Device: "bjt"	RelError: 2.18764e-04	AbsError: 8.29129e+03
    Region: "bjt"	RelError: 2.18764e-04	AbsError: 8.29129e+03
      Equation: "ElectronContinuityEquation"	RelError: 2.65759e-05	AbsError: 8.18020e+03
      Equation: "HoleContinuityEquation"	RelError: 1.92188e-04	AbsError: 1.11095e+02
      Equation: "PotentialEquation"	RelError: 3.19258e-13	AbsError: 1.43457e-16
  Circuit: 	RelError: 8.77144e-09	AbsError: 1.53360e-18
number of equations 41337
Iteration: 0
  Device: "bjt"	RelError: 1.29862e-04	AbsError: 8.34180e+03
    Region: "bjt"	RelError: 1.29862e-04	AbsError: 8.34180e+03
      Equation: "ElectronContinuityEquation"	RelError: 2.65079e-05	AbsError: 8.18020e+03
      Equation: "HoleContinuityEquation"	RelError: 1.03354e-04	AbsError: 1.61598e+02
      Equation: "PotentialEquation"	RelError: 3.02503e-13	AbsError: 1.29780e-16
  Circuit: 	RelError: 7.02122e-09	AbsError: 1.29630e-18
AC Iteration:
number of equations 41337
AC: 1000 -3.79081499776833e-34 0 -0.125 2.86846885461961e-13 2.24852756189922e-12 -2.53537453721031e-12 1.8136482952857e-11 -1.29472664417493e-06 7.18087322161012e-11 4.58975129100885e-07 -9.31639055306828e-11 8.35751514982168e-07
AC Iteration:
number of equations 41337
AC: 2154.43469003188 -3.79081499776833e-34 0 -0.125 2.86846885461961e-13 2.24852756189922e-12 -2.53537453721031e-12 2.22134852515238e-11 -2.7894039963073e-06 7.02630652655219e-11 9.88831939974926e-07 -9.420949913537e-11 1.8005720561314e-06
AC Iteration:
number of equations 41337
AC: 4641.58883361278 -3.79081499776833e-34 0 -0.125 2.86846885461961e-13 2.24852756189922e-12 -2.53537453721031e-12 4.19642963872872e-11 -6.00958873403539e-06 6.65410906419428e-11 2.13037383409973e-06 -1.12590731635162e-10 3.87921489951382e-06
AC Iteration:
number of equations 41337
AC: 10000 -3.79081499776833e-34 0 -0.125 2.86846885461961e-13 2.24852756189922e-12 -2.53537453721031e-12 1.34870530587209e-10 -1.29472664401848e-05 4.74359829927124e-11 4.5897512907175e-06 -1.81221071281951e-10 8.35751514868827e-06
AC Iteration:
number of equations 41337
AC: 21544.3469003188 -3.79081499776833e-34 0 -0.125 2.86846885461961e-13 2.24852756189922e-12 -2.53537453721031e-12 5.64026499823636e-10 -2.7894039947431e-05 -4.34004435514911e-11 9.88831939664775e-06 -5.23448404155233e-10 1.80057205486333e-05
AC Iteration:
number of equations 41337
AC: 46415.8883361278 -3.79081499776833e-34 0 -0.125 2.86846885461961e-13 2.24852756189922e-12 -2.53537453721031e-12 2.55578625916725e-09 -6.00958871840515e-05 -4.62934002571913e-10 2.13037383087675e-05 -2.09205096061312e-09 3.87921488708964e-05
AC Iteration:
number of equations 41337
AC: 100000 -3.79081499776833e-34 0 -0.125 2.86846885461961e-13 2.24852756189922e-12 -2.53537453721031e-12 1.18008131443606e-08 -0.000129472662838934 -2.41045998654922e-09 4.58975125847982e-05 -9.38543003803864e-09 8.35751502456215e-05
AC Iteration:
number of equations 41337
AC: 215443.469003188 -3.79081499776833e-34 0 -0.125 2.86846885461961e-13 2.24852756189922e-12 -2.53537453721031e-12 5.47155781948072e-08 -0.000278940383844613 -1.14484763797775e-08 9.88831907524249e-05 -4.32308555693798e-08 0.000180057193081798
AC Iteration:
number of equations 41337
AC: 464158.883361278 -3.79081499776833e-34 0 -0.125 2.86846885461961e-13 2.24852756189922e-12 -2.53537453721031e-12 2.53905885409979e-07 -0.000600958715542368 -5.34014171174315e-08 0.000213037350940929 -2.00334340533268e-07 0.000387921364635795
AC Iteration:
number of equations 41337
AC: 1000000 -3.79081499776833e-34 0 -0.125 2.86846885461961e-13 2.24852756189922e-12 -2.53537453721031e-12 1.17846362581495e-06 -0.00129472506540881 -2.48131429303522e-07 0.000458974804339776 -9.29543791797748e-07 0.000835750261688513
AC Iteration:
number of equations 41337
AC: 2154434.69003189 -3.79081499776833e-34 0 -0.125 2.86846885461961e-13 2.24852756189922e-12 -2.53537453721031e-12 5.46984659866258e-06 -0.00278938820874784 -1.15197952317277e-06 0.000988828692391637 -4.31419620802801e-06 0.00180055952335004
AC Iteration:
number of equations 41337
AC: 4641588.83361278 -3.79081499776833e-34 0 -0.125 2.86846885461961e-13 2.24852756189922e-12 -2.53537453721031e-12 2.53879272468873e-05 -0.00600943086351007 -5.34711227509613e-06 0.00213034135930369 -2.00237527202986e-05 0.00387908957581327
AC Iteration:
number of equations 41337
AC: 10000000 -3.79081499776833e-34 0 -0.125 2.86846885461961e-13 2.24852756189922e-12 -2.53537453721031e-12 0.000117823215652719 -0.0129456879701103 -2.48158536241145e-05 0.00458942659123523 -9.29281549647999e-05 0.0083562620984476
AC Iteration:
number of equations 41337
AC: 21544346.9003189 -3.79081499776833e-34 0 -0.125 2.86846885461961e-13 2.24852756189922e-12 -2.53537453721031e-12 0.000546520000450713 -0.0278782661506565 -0.00011510983415419 0.00988507464422534 -0.000431042670821672 0.0179931987052837
AC Iteration:
number of equations 41337
AC: 46415888.3361278 -3.79081499776833e-34 0 -0.125 2.86846885461961e-13 2.24852756189922e-12 -2.53537453721031e-12 0.00252884804121329 -0.0599386533524038 -0.000532674321033894 0.0212713944227384 -0.00199447144081057 0.0386673307119705
AC Iteration:
number of equations 41337
AC: 100000000 -3.79081499776833e-34 0 -0.125 2.86846885461961e-13 2.24852756189922e-12 -2.53537453721031e-12 0.0115712750250548 -0.127923307252684 -0.00243820792262394 0.0455787982552656 -0.00912523984426636 0.0823452166679399
AC Iteration:
number of equations 41337
AC: 215443469.003189 -3.79081499776833e-34 0 -0.125 2.86846885461961e-13 2.24852756189922e-12 -2.53537453721031e-12 0.0503977185404344 -0.264430984154013 -0.0106364371478271 0.0958983579678647 -0.0397264225632315 0.168539266609494
AC Iteration:
number of equations 41337
AC: 464158883.361278 -3.79081499776833e-34 0 -0.125 2.86846885461961e-13 2.24852756189922e-12 -2.53537453721031e-12 0.182367437112438 -0.48887374856538 -0.0387711116127994 0.189974600272437 -0.143457471325526 0.298950915379929
AC Iteration:
number of equations 41337
AC: 1000000000 -3.79081499776833e-34 0 -0.125 2.86846885461961e-13 2.24852756189922e-12 -2.53537453721031e-12 0.429868901423757 -0.748112846643808 -0.0943146455627123 0.346391475304272 -0.335096381778086 0.401984228717132
AC Iteration:
number of equations 41337
AC: 2154434690.03189 -3.79081499776833e-34 0 -0.125 2.86846885461961e-13 2.24852756189922e-12 -2.53537453721031e-12 0.70004052622234 -1.14667833962491 -0.171408741147894 0.648949624882947 -0.527119318127913 0.498650512374943
AC Iteration:
number of equations 41337
AC: 4641588833.61278 -3.79081499776833e-34 0 -0.125 2.86846885461961e-13 2.24852756189922e-12 -2.53537453721031e-12 1.18597451122872 -1.94209695941831 -0.368638160843389 1.27220035297402 -0.811814919244733 0.673257241659378
AC Iteration:
number of equations 41337
AC: 10000000000 -3.79081499776833e-34 0 -0.125 2.86846885461961e-13 2.24852756189922e-12 -2.53537453721031e-12 2.2684851787641 -3.11735885200213 -0.982143475723452 2.37127432341774 -1.26722172934525 0.759906688335366
AC Iteration:
number of equations 41337
AC: 21544346900.3189 -3.79081499776833e-34 0 -0.125 2.86846885461961e-13 2.24852756189922e-12 -2.53537453721031e-12 4.3120552758423 -4.37817225460878 -2.54963919729591 3.77963396827318 -1.70430943071415 0.65500090479994
AC Iteration:
number of equations 41337
AC: 46415888336.1278 -3.79081499776833e-34 0 -0.125 2.86846885461961e-13 2.24852756189922e-12 -2.53537453721031e-12 7.2174898330302 -4.80310659763863 -5.07817821016946 4.51316205976195 -1.99994841234703 0.492985769202196
AC Iteration:
number of equations 41337
AC: 100000000000 -3.79081499776833e-34 0 -0.125 2.86846885461961e-13 2.24852756189922e-12 -2.53537453721031e-12 9.44833248432792 -4.33004883219166 -6.93210717141343 4.58614806159065 -2.23368156885165 0.313499820353715
last end -1.250000e-01 -1.000000e+00
number of equations 41337
Iteration: 0
  Device: "bjt"	RelError: 1.93923e+02	AbsError: 3.36038e+16
    Region: "bjt"	RelError: 1.93923e+02	AbsError: 3.36038e+16
      Equation: "ElectronContinuityEquation"	RelError: 4.91114e-01	AbsError: 1.91794e+16
      Equation: "HoleContinuityEquation"	RelError: 4.91285e-01	AbsError: 1.44243e+16
      Equation: "PotentialEquation"	RelError: 1.92940e+02	AbsError: 2.50000e-02
  Circuit: 	RelError: 1.66667e-01	AbsError: 2.50000e-02
Iteration: 1
  Device: "bjt"	RelError: 1.03653e+00	AbsError: 1.08903e+15
    Region: "bjt"	RelError: 1.03653e+00	AbsError: 1.08903e+15
      Equation: "ElectronContinuityEquation"	RelError: 2.51836e-01	AbsError: 5.41621e+14
      Equation: "HoleContinuityEquation"	RelError: 2.51922e-01	AbsError: 5.47413e+14
      Equation: "PotentialEquation"	RelError: 5.32774e-01	AbsError: 3.21252e-04
  Circuit: 	RelError: 1.44536e-02	AbsError: 3.06550e-12
Iteration: 2
  Device: "bjt"	RelError: 2.25916e-03	AbsError: 9.98419e+11
    Region: "bjt"	RelError: 2.25916e-03	AbsError: 9.98419e+11
      Equation: "ElectronContinuityEquation"	RelError: 1.18855e-03	AbsError: 2.95023e+11
      Equation: "HoleContinuityEquation"	RelError: 7.27765e-04	AbsError: 7.03396e+11
      Equation: "PotentialEquation"	RelError: 3.42845e-04	AbsError: 4.00146e-07
  Circuit: 	RelError: 8.03439e-04	AbsError: 8.96559e-14
Iteration: 3
  Device: "bjt"	RelError: 4.52424e-04	AbsError: 1.02979e+06
    Region: "bjt"	RelError: 4.52424e-04	AbsError: 1.02979e+06
      Equation: "ElectronContinuityEquation"	RelError: 2.86517e-04	AbsError: 1.27958e+05
      Equation: "HoleContinuityEquation"	RelError: 1.65906e-04	AbsError: 9.01836e+05
      Equation: "PotentialEquation"	RelError: 1.46359e-10	AbsError: 4.11344e-13
  Circuit: 	RelError: 1.99796e-07	AbsError: 3.88362e-17
Iteration: 4
  Device: "bjt"	RelError: 5.74003e-04	AbsError: 8.85226e+03
    Region: "bjt"	RelError: 5.74003e-04	AbsError: 8.85226e+03
      Equation: "ElectronContinuityEquation"	RelError: 2.15154e-04	AbsError: 8.18020e+03
      Equation: "HoleContinuityEquation"	RelError: 3.58848e-04	AbsError: 6.72057e+02
      Equation: "PotentialEquation"	RelError: 4.70609e-13	AbsError: 1.44079e-15
  Circuit: 	RelError: 7.88813e-08	AbsError: 1.56389e-17
Succeeded
number of equations 41337
Iteration: 0
  Device: "bjt"	RelError: 2.02350e-04	AbsError: 8.26963e+03
    Region: "bjt"	RelError: 2.02350e-04	AbsError: 8.26963e+03
      Equation: "ElectronContinuityEquation"	RelError: 2.10199e-05	AbsError: 8.18020e+03
      Equation: "HoleContinuityEquation"	RelError: 1.81330e-04	AbsError: 8.94323e+01
      Equation: "PotentialEquation"	RelError: 4.55242e-13	AbsError: 1.77257e-16
  Circuit: 	RelError: 1.25164e-08	AbsError: 1.83098e-18
number of equations 41337
Iteration: 0
  Device: "bjt"	RelError: 6.04995e-04	AbsError: 8.29140e+03
    Region: "bjt"	RelError: 6.04995e-04	AbsError: 8.29140e+03
      Equation: "ElectronContinuityEquation"	RelError: 2.15208e-04	AbsError: 8.18020e+03
      Equation: "HoleContinuityEquation"	RelError: 3.89787e-04	AbsError: 1.11200e+02
      Equation: "PotentialEquation"	RelError: 8.18357e-13	AbsError: 1.20115e-16
  Circuit: 	RelError: 1.91771e-08	AbsError: 3.71906e-18
number of equations 41337
Iteration: 0
  Device: "bjt"	RelError: 6.11525e-04	AbsError: 8.26741e+03
    Region: "bjt"	RelError: 6.11525e-04	AbsError: 8.26741e+03
      Equation: "ElectronContinuityEquation"	RelError: 2.15158e-04	AbsError: 8.18020e+03
      Equation: "HoleContinuityEquation"	RelError: 3.96367e-04	AbsError: 8.72122e+01
      Equation: "PotentialEquation"	RelError: 4.41994e-13	AbsError: 6.86744e-17
  Circuit: 	RelError: 6.26570e-08	AbsError: 1.23365e-17
AC Iteration:
number of equations 41337
AC: 1000 -1.82352895806726e-33 -1.54074395550979e-32 -0.15 4.85553313262368e-13 5.90129218075979e-12 -6.38684493360886e-12 2.28476856090941e-11 -1.30496132182133e-06 2.11970777673795e-10 4.58975129795474e-07 -2.38484443726559e-10 8.45986191924358e-07
AC Iteration:
number of equations 41337
AC: 2154.43469003188 -1.82352895806726e-33 -1.54074395550979e-32 -0.15 4.85553313262368e-13 5.90129218075979e-12 -6.38684493360886e-12 2.71429516671845e-11 -2.8114539408693e-06 2.11058475400488e-10 9.88831941490693e-07 -2.4131223964075e-10 1.82262199915264e-06
AC Iteration:
number of equations 41337
AC: 4641.58883361278 -1.82352895806726e-33 -1.54074395550979e-32 -0.15 4.85553313262368e-13 5.90129218075979e-12 -6.38684493360886e-12 4.72314539024335e-11 -6.05709389950987e-06 2.06834723277943e-10 2.1303738373334e-06 -2.56231746645089e-10 3.92672006174704e-06
AC Iteration:
number of equations 41337
AC: 10000 -1.82352895806726e-33 -1.54074395550979e-32 -0.15 4.85553313262368e-13 5.90129218075979e-12 -6.38684493360886e-12 1.41369025160235e-10 -1.30496132166139e-05 1.87221507961315e-10 4.58975129762879e-06 -3.29410203066391e-10 8.45986191810842e-06
AC Iteration:
number of equations 41337
AC: 21544.3469003188 -1.82352895806726e-33 -1.54074395550979e-32 -0.15 4.85553313262368e-13 5.90129218075979e-12 -6.38684493360886e-12 5.77616507485859e-10 -2.81145393927045e-05 9.62264133432846e-11 9.88831941164827e-06 -6.7932172971692e-10 1.82262199788386e-05
AC Iteration:
number of equations 41337
AC: 46415.8883361278 -1.82352895806726e-33 -1.54074395550979e-32 -0.15 4.85553313262368e-13 5.90129218075979e-12 -6.38684493360886e-12 2.6026182492081e-09 -6.0570938835161e-05 -3.26143922836041e-10 2.1303738340745e-05 -2.2771443098454e-09 3.92672004899522e-05
AC Iteration:
number of equations 41337
AC: 100000 -1.82352895806726e-33 -1.54074395550979e-32 -0.15 4.85553313262368e-13 5.90129218075979e-12 -6.38684493360886e-12 1.19984777467155e-08 -0.000130496130567211 -2.28660684032505e-09 4.58975126504528e-05 -9.70470419699954e-09 8.45986179091444e-05
AC Iteration:
number of equations 41337
AC: 215443.469003188 -1.82352895806726e-33 -1.54074395550979e-32 -0.15 4.85553313262368e-13 5.90129218075979e-12 -6.38684493360886e-12 5.56148290018164e-08 -0.000281145377937093 -1.1386268315224e-08 9.88831908580697e-05 -4.41955176039953e-08 0.000182262187067744
AC Iteration:
number of equations 41337
AC: 464158.883361278 -1.82352895806726e-33 -1.54074395550979e-32 -0.15 4.85553313262368e-13 5.90129218075979e-12 -6.38684493360886e-12 2.58064814863928e-07 -0.000605709228450328 -5.36231168385361e-08 0.000213037350823119 -2.04273209647352e-07 0.000392671877656471
AC Iteration:
number of equations 41337
AC: 1000000 -1.82352895806726e-33 -1.54074395550979e-32 -0.15 4.85553313262368e-13 5.90129218075979e-12 -6.38684493360886e-12 1.19775102180762e-06 -0.00130495970665774 -2.49668908967e-07 0.000458974800661236 -9.47286143569325e-07 0.000845984906637939
AC Iteration:
number of equations 41337
AC: 2154434.69003189 -1.82352895806726e-33 -1.54074395550979e-32 -0.15 4.85553313262368e-13 5.90129218075979e-12 -6.38684493360886e-12 5.55935341599134e-06 -0.00281143778934062 -1.15962548501954e-06 0.000988828650170909 -4.39602621577226e-06 0.00182260914629234
AC Iteration:
number of equations 41337
AC: 4641588.83361278 -1.82352895806726e-33 -1.54074395550979e-32 -0.15 4.85553313262368e-13 5.90129218075979e-12 -6.38684493360886e-12 2.58033376852379e-05 -0.00605693238948411 -5.3831115803241e-06 0.00213034092520612 -2.04030248904277e-05 0.00392659153715001
AC Iteration:
number of equations 41337
AC: 10000000 -1.82352895806726e-33 -1.54074395550979e-32 -0.15 4.85553313262368e-13 5.90129218075979e-12 -6.38684493360886e-12 0.000119750857401758 -0.0130479983600074 -2.49833896879704e-05 0.00458942222598671 -9.46876359712812e-05 0.00845857686548583
AC Iteration:
number of equations 41337
AC: 21544346.9003189 -1.82352895806726e-33 -1.54074395550979e-32 -0.15 4.85553313262368e-13 5.90129218075979e-12 -6.38684493360886e-12 0.000555456417872891 -0.0280984021270007 -0.000115886468294484 0.00988503099678895 -0.000439199557099415 0.0182133784468212
AC Iteration:
number of equations 41337
AC: 46415888.3361278 -1.82352895806726e-33 -1.54074395550979e-32 -0.15 4.85553313262368e-13 5.90129218075979e-12 -6.38684493360886e-12 0.00257009397233255 -0.0604100886129044 -0.000536247312617543 0.0212709605867926 -0.00203213099749674 0.0391392009802548
AC Iteration:
number of equations 41337
AC: 100000000 -1.82352895806726e-33 -1.54074395550979e-32 -0.15 4.85553313262368e-13 5.90129218075979e-12 -6.38684493360886e-12 0.011757826213169 -0.128911439764874 -0.00245411665054522 0.0455745841446509 -0.00929582189625832 0.083337574699594
AC Iteration:
number of equations 41337
AC: 215443469.003189 -1.82352895806726e-33 -1.54074395550979e-32 -0.15 4.85553313262368e-13 5.90129218075979e-12 -6.38684493360886e-12 0.0511697221591931 -0.26631709033905 -0.0106975353598809 0.0958613396712899 -0.0404370795750297 0.170462492798132
AC Iteration:
number of equations 41337
AC: 464158883.361278 -1.82352895806726e-33 -1.54074395550979e-32 -0.15 4.85553313262368e-13 5.90129218075979e-12 -6.38684493360886e-12 0.184675800428143 -0.491470836517886 -0.0388943411046933 0.189751718413153 -0.145641868447932 0.301771540334118
AC Iteration:
number of equations 41337
AC: 1000000000 -1.82352895806726e-33 -1.54074395550979e-32 -0.15 4.85553313262368e-13 5.90129218075979e-12 -6.38684493360886e-12 0.433438586208332 -0.750439843760459 -0.0942337301390931 0.34583189610498 -0.338745560868211 0.404872987255288
AC Iteration:
number of equations 41337
AC: 2154434690.03189 -1.82352895806726e-33 -1.54074395550979e-32 -0.15 4.85553313262368e-13 5.90129218075979e-12 -6.38684493360886e-12 0.70451664519832 -1.14987214915319 -0.171062223202169 0.648255346497092 -0.531937753897082 0.502544493070181
AC Iteration:
number of equations 41337
AC: 4641588833.61278 -1.82352895806726e-33 -1.54074395550979e-32 -0.15 4.85553313262368e-13 5.90129218075979e-12 -6.38684493360886e-12 1.19365890212032 -1.94576550185484 -0.368284760563585 1.27094556512983 -0.819842316337334 0.678202356618236
AC Iteration:
number of equations 41337
AC: 10000000000 -1.82352895806726e-33 -1.54074395550979e-32 -0.15 4.85553313262368e-13 5.90129218075979e-12 -6.38684493360886e-12 2.27896106454866 -3.11774454299295 -0.980918425776539 2.36847483337097 -1.27892029104723 0.763155796744739
AC Iteration:
number of equations 41337
AC: 21544346900.3189 -1.82352895806726e-33 -1.54074395550979e-32 -0.15 4.85553313262368e-13 5.90129218075979e-12 -6.38684493360886e-12 4.32079423055989 -4.37410268177599 -2.54530561065029 3.77629534693049 -1.71743514604186 0.654384840968617
AC Iteration:
number of equations 41337
AC: 46415888336.1278 -1.82352895806726e-33 -1.54074395550979e-32 -0.15 4.85553313262368e-13 5.90129218075979e-12 -6.38684493360886e-12 7.22217899015812 -4.79800148402531 -5.07204079342108 4.51262346432503 -2.01091814784193 0.488552792465982
AC Iteration:
number of equations 41337
AC: 100000000000 -1.82352895806726e-33 -1.54074395550979e-32 -0.15 4.85553313262368e-13 5.90129218075979e-12 -6.38684493360886e-12 9.4502713482885 -4.32532947531535 -6.92773584994047 4.5872496084182 -2.24027582606663 0.307803058957242
last end -1.500000e-01 -1.000000e+00
number of equations 41337
Iteration: 0
  Device: "bjt"	RelError: 2.57895e+01	AbsError: 3.39039e+16
    Region: "bjt"	RelError: 2.57895e+01	AbsError: 3.39039e+16
      Equation: "ElectronContinuityEquation"	RelError: 4.91136e-01	AbsError: 1.93895e+16
      Equation: "HoleContinuityEquation"	RelError: 4.91297e-01	AbsError: 1.45144e+16
      Equation: "PotentialEquation"	RelError: 2.48071e+01	AbsError: 2.50000e-02
  Circuit: 	RelError: 1.42857e-01	AbsError: 2.50000e-02
Iteration: 1
  Device: "bjt"	RelError: 5.36022e-01	AbsError: 1.11701e+15
    Region: "bjt"	RelError: 5.36022e-01	AbsError: 1.11701e+15
      Equation: "ElectronContinuityEquation"	RelError: 2.51882e-01	AbsError: 5.39489e+14
      Equation: "HoleContinuityEquation"	RelError: 2.51908e-01	AbsError: 5.77526e+14
      Equation: "PotentialEquation"	RelError: 3.22323e-02	AbsError: 3.13859e-04
  Circuit: 	RelError: 3.83715e-02	AbsError: 8.39991e-12
Iteration: 2
  Device: "bjt"	RelError: 2.02677e-03	AbsError: 1.38231e+12
    Region: "bjt"	RelError: 2.02677e-03	AbsError: 1.38231e+12
      Equation: "ElectronContinuityEquation"	RelError: 1.21310e-03	AbsError: 3.97119e+11
      Equation: "HoleContinuityEquation"	RelError: 7.56941e-04	AbsError: 9.85192e+11
      Equation: "PotentialEquation"	RelError: 5.67286e-05	AbsError: 4.60930e-07
  Circuit: 	RelError: 8.32410e-04	AbsError: 1.01201e-13
Iteration: 3
  Device: "bjt"	RelError: 2.09655e-04	AbsError: 1.82157e+06
    Region: "bjt"	RelError: 2.09655e-04	AbsError: 1.82157e+06
      Equation: "ElectronContinuityEquation"	RelError: 5.35915e-05	AbsError: 2.15803e+05
      Equation: "HoleContinuityEquation"	RelError: 1.56063e-04	AbsError: 1.60577e+06
      Equation: "PotentialEquation"	RelError: 1.74011e-11	AbsError: 7.19264e-13
  Circuit: 	RelError: 1.65082e-07	AbsError: 2.49304e-17
Iteration: 4
  Device: "bjt"	RelError: 2.09734e-04	AbsError: 1.16104e+04
    Region: "bjt"	RelError: 2.09734e-04	AbsError: 1.16104e+04
      Equation: "ElectronContinuityEquation"	RelError: 1.21452e-04	AbsError: 1.06383e+04
      Equation: "HoleContinuityEquation"	RelError: 8.82815e-05	AbsError: 9.72072e+02
      Equation: "PotentialEquation"	RelError: 1.95569e-13	AbsError: 3.51529e-15
  Circuit: 	RelError: 7.01722e-08	AbsError: 1.15529e-17
Succeeded
number of equations 41337
Iteration: 0
  Device: "bjt"	RelError: 1.26552e-04	AbsError: 8.28473e+03
    Region: "bjt"	RelError: 1.26552e-04	AbsError: 8.28473e+03
      Equation: "ElectronContinuityEquation"	RelError: 2.90204e-05	AbsError: 8.18020e+03
      Equation: "HoleContinuityEquation"	RelError: 9.75312e-05	AbsError: 1.04531e+02
      Equation: "PotentialEquation"	RelError: 1.74716e-13	AbsError: 1.19697e-16
  Circuit: 	RelError: 3.36012e-08	AbsError: 7.54443e-18
number of equations 41337
Iteration: 0
  Device: "bjt"	RelError: 2.89671e-04	AbsError: 8.29365e+03
    Region: "bjt"	RelError: 2.89671e-04	AbsError: 8.29365e+03
      Equation: "ElectronContinuityEquation"	RelError: 1.19147e-04	AbsError: 8.18020e+03
      Equation: "HoleContinuityEquation"	RelError: 1.70524e-04	AbsError: 1.13451e+02
      Equation: "PotentialEquation"	RelError: 1.97315e-13	AbsError: 1.11022e-16
  Circuit: 	RelError: 3.40501e-08	AbsError: 7.80937e-18
number of equations 41337
Iteration: 0
  Device: "bjt"	RelError: 1.71729e-04	AbsError: 8.30181e+03
    Region: "bjt"	RelError: 1.71729e-04	AbsError: 8.30181e+03
      Equation: "ElectronContinuityEquation"	RelError: 1.78205e-05	AbsError: 8.18020e+03
      Equation: "HoleContinuityEquation"	RelError: 1.53909e-04	AbsError: 1.21611e+02
      Equation: "PotentialEquation"	RelError: 2.59949e-13	AbsError: 1.11022e-16
  Circuit: 	RelError: 4.82156e-09	AbsError: 6.05083e-19
AC Iteration:
number of equations 41337
AC: 1000 2.60610991402338e-33 -1.49409400301993e-33 -0.175 8.15644012271766e-13 1.54397227253615e-11 -1.62553673516746e-11 2.86625616148694e-11 -1.31565206532152e-06 5.77828187924244e-10 4.58975130766591e-07 -6.08820927307128e-10 8.56676934467421e-07
AC Iteration:
number of equations 41337
AC: 2154.43469003188 2.60610991402338e-33 -1.49409400301993e-33 -0.175 8.15644012271766e-13 1.54397227253615e-11 -1.62553673516746e-11 3.31513823275429e-11 -2.83448644952821e-06 5.77164178046585e-10 9.88831943591404e-07 -6.15731368236945e-10 1.84565450574431e-06
AC Iteration:
number of equations 41337
AC: 4641.58883361278 2.60610991402338e-33 -1.49409400301993e-33 -0.175 8.15644012271766e-13 1.54397227253615e-11 -1.62553673516746e-11 5.37505393961602e-11 -6.10671593515924e-06 5.72620900501336e-10 2.1303738418389e-06 -6.29897848988193e-10 3.97634209287758e-06
AC Iteration:
number of equations 41337
AC: 10000 2.60610991402338e-33 -1.49409400301993e-33 -0.175 8.15644012271766e-13 1.54397227253615e-11 -1.62553673516746e-11 1.49292411445725e-10 -1.31565206515785e-05 5.53207551616708e-10 4.58975130738069e-06 -7.03809873479285e-10 8.56676934338542e-06
AC Iteration:
number of equations 41337
AC: 21544.3469003188 2.60610991402338e-33 -1.49409400301993e-33 -0.175 8.15644012271766e-13 1.54397227253615e-11 -1.62553673516746e-11 5.9354564373964e-10 -2.83448644788818e-05 4.61212978339487e-10 9.88831943250158e-06 -1.05509044602055e-09 1.84565450446065e-05
AC Iteration:
number of equations 41337
AC: 46415.8883361278 2.60610991402338e-33 -1.49409400301993e-33 -0.175 8.15644012271766e-13 1.54397227253615e-11 -1.62553673516746e-11 2.65234944088356e-09 -6.10671591878009e-05 3.60679839250008e-11 2.1303738385486e-05 -2.68886502886067e-09 3.97634207981889e-05
AC Iteration:
number of equations 41337
AC: 100000 2.60610991402338e-33 -1.49409400301993e-33 -0.175 8.15644012271766e-13 1.54397227253615e-11 -1.62553673516746e-11 1.22095841021037e-08 -0.000131565204878054 -1.93810371624813e-09 4.58975127434963e-05 -1.02649498529087e-08 8.56676921269226e-05
AC Iteration:
number of equations 41337
AC: 215443.469003188 2.60610991402338e-33 -1.49409400301993e-33 -0.175 8.15644012271766e-13 1.54397227253615e-11 -1.62553673516746e-11 5.6570655422542e-08 -0.000283448628412401 -1.11026428011103e-08 9.88831910212034e-05 -4.54377954680607e-08 0.000184565437378796
AC Iteration:
number of equations 41337
AC: 464158.883361278 2.60610991402338e-33 -1.49409400301993e-33 -0.175 8.15644012271766e-13 1.54397227253615e-11 -1.62553673516746e-11 2.62478017479422e-07 -0.000610671428112056 -5.36395168552483e-08 0.000213037350809319 -2.08666284269627e-07 0.000397634077339066
AC Iteration:
number of equations 41337
AC: 1000000 2.60610991402338e-33 -1.49409400301993e-33 -0.175 8.15644012271766e-13 1.54397227253615e-11 -1.62553673516746e-11 1.21820729847749e-06 -0.00131565041112875 -2.5107891300307e-07 0.000458974796964289 -9.66325873462962e-07 0.000856675614822046
AC Iteration:
number of equations 41337
AC: 2154434.69003189 2.60610991402338e-33 -1.49409400301993e-33 -0.175 8.15644012271766e-13 1.54397227253615e-11 -1.62553673516746e-11 5.65427539837325e-06 -0.00283446990772902 -1.16750396260157e-06 0.00098882860552691 -4.48303790000136e-06 0.00184564130947299
AC Iteration:
number of equations 41337
AC: 4641588.83361278 2.60610991402338e-33 -1.49409400301993e-33 -0.175 8.15644012271766e-13 1.54397227253615e-11 -1.62553673516746e-11 2.62438800588673e-05 -0.0061065505226047 -5.4210109832611e-06 0.00213034046223939 -2.08055307964142e-05 0.00397621013438437
AC Iteration:
number of equations 41337
AC: 10000000 2.60610991402338e-33 -1.49409400301993e-33 -0.175 8.15644012271766e-13 1.54397227253615e-11 -1.62553673516746e-11 0.000121795099316265 -0.0131548667791038 -2.51605593265711e-05 0.00458941756243704 -9.65540556618289e-05 0.00856544996055473
AC Iteration:
number of equations 41337
AC: 21544346.9003189 2.60610991402338e-33 -1.49409400301993e-33 -0.175 8.15644012271766e-13 1.54397227253615e-11 -1.62553673516746e-11 0.000564933142166168 -0.0283283374870163 -0.000116708521695151 0.0098849843497836 -0.000447851197217892 0.0184433605790168
AC Iteration:
number of equations 41337
AC: 46415888.3361278 2.60610991402338e-33 -1.49409400301993e-33 -0.175 8.15644012271766e-13 1.54397227253615e-11 -1.62553673516746e-11 0.00261382865509584 -0.0609024316677649 -0.000540029436059288 0.021270496943912 -0.00207206958925864 0.0396320089186774
AC Iteration:
number of equations 41337
AC: 100000000 2.60610991402338e-33 -1.49409400301993e-33 -0.175 8.15644012271766e-13 1.54397227253615e-11 -1.62553673516746e-11 0.0119555297985322 -0.129942644877301 -0.00247094476890189 0.0455700824811579 -0.00947663431996623 0.0843732935648482
AC Iteration:
number of equations 41337
AC: 215443469.003189 2.60610991402338e-33 -1.49409400301993e-33 -0.175 8.15644012271766e-13 1.54397227253615e-11 -1.62553673516746e-11 0.0519860148271826 -0.268279175300061 -0.0107619452070931 0.0958218734190427 -0.0411887039828731 0.17246415155151
AC Iteration:
number of equations 41337
AC: 464158883.361278 2.60610991402338e-33 -1.49409400301993e-33 -0.175 8.15644012271766e-13 1.54397227253615e-11 -1.62553673516746e-11 0.187097044509614 -0.494142499945043 -0.0390220884826589 0.189515744966616 -0.147934607230523 0.30467986438988
AC Iteration:
number of equations 41337
AC: 1000000000 2.60610991402338e-33 -1.49409400301993e-33 -0.175 8.15644012271766e-13 1.54397227253615e-11 -1.62553673516746e-11 0.437125012214102 -0.752803668011508 -0.0941424799218227 0.345248317124124 -0.342521793201797 0.407822644098536
AC Iteration:
number of equations 41337
AC: 2154434690.03189 2.60610991402338e-33 -1.49409400301993e-33 -0.175 8.15644012271766e-13 1.54397227253615e-11 -1.62553673516746e-11 0.709124366663331 -1.15317096077497 -0.170702330832869 0.647544279828523 -0.536901027035796 0.506560437629626
AC Iteration:
number of equations 41337
AC: 4641588833.61278 2.60610991402338e-33 -1.49409400301993e-33 -0.175 8.15644012271766e-13 1.54397227253615e-11 -1.62553673516746e-11 1.20165368860679 -1.94954827524689 -0.367961400425343 1.2696531003009 -0.828149739248749 0.683300261810015
AC Iteration:
number of equations 41337
AC: 10000000000 2.60610991402338e-33 -1.49409400301993e-33 -0.175 8.15644012271766e-13 1.54397227253615e-11 -1.62553673516746e-11 2.28997928370281 -3.11801632675393 -0.979831831789558 2.36550987865752 -1.29102340211845 0.766459790155284
AC Iteration:
number of equations 41337
AC: 21544346900.3189 2.60610991402338e-33 -1.49409400301993e-33 -0.175 8.15644012271766e-13 1.54397227253615e-11 -1.62553673516746e-11 4.33029209377791 -4.36914367549795 -2.5412931849265 3.77224346220717 -1.73101022174799 0.653602729902037
AC Iteration:
number of equations 41337
AC: 46415888336.1278 2.60610991402338e-33 -1.49409400301993e-33 -0.175 8.15644012271766e-13 1.54397227253615e-11 -1.62553673516746e-11 7.22661339628106 -4.79042871409669 -5.06547588163687 4.51006029488466 -2.02213071327377 0.483670649477534
AC Iteration:
number of equations 41337
AC: 100000000000 2.60610991402338e-33 -1.49409400301993e-33 -0.175 8.15644012271766e-13 1.54397227253615e-11 -1.62553673516746e-11 9.44943249327262 -4.31825595166763 -6.92091616194772 4.58632815418122 -2.2466897065483 0.301610176451531
last end -1.750000e-01 -1.000000e+00
number of equations 41337
Iteration: 0
  Device: "bjt"	RelError: 1.08935e+01	AbsError: 3.40763e+16
    Region: "bjt"	RelError: 1.08935e+01	AbsError: 3.40763e+16
      Equation: "ElectronContinuityEquation"	RelError: 4.91151e-01	AbsError: 1.95838e+16
      Equation: "HoleContinuityEquation"	RelError: 4.91282e-01	AbsError: 1.44926e+16
      Equation: "PotentialEquation"	RelError: 9.91111e+00	AbsError: 2.50000e-02
  Circuit: 	RelError: 1.25000e-01	AbsError: 2.50000e-02
Iteration: 1
  Device: "bjt"	RelError: 5.26193e-01	AbsError: 1.19099e+15
    Region: "bjt"	RelError: 5.26193e-01	AbsError: 1.19099e+15
      Equation: "ElectronContinuityEquation"	RelError: 2.51912e-01	AbsError: 5.41489e+14
      Equation: "HoleContinuityEquation"	RelError: 2.51909e-01	AbsError: 6.49500e+14
      Equation: "PotentialEquation"	RelError: 2.23723e-02	AbsError: 3.10275e-04
  Circuit: 	RelError: 7.18123e-02	AbsError: 1.99827e-11
Iteration: 2
  Device: "bjt"	RelError: 1.97627e-03	AbsError: 1.65695e+12
    Region: "bjt"	RelError: 1.97627e-03	AbsError: 1.65695e+12
      Equation: "ElectronContinuityEquation"	RelError: 1.19383e-03	AbsError: 4.86191e+11
      Equation: "HoleContinuityEquation"	RelError: 7.67184e-04	AbsError: 1.17076e+12
      Equation: "PotentialEquation"	RelError: 1.52516e-05	AbsError: 5.50670e-07
  Circuit: 	RelError: 2.72808e-04	AbsError: 4.91735e-14
Iteration: 3
  Device: "bjt"	RelError: 1.38856e-04	AbsError: 2.23313e+06
    Region: "bjt"	RelError: 1.38856e-04	AbsError: 2.23313e+06
      Equation: "ElectronContinuityEquation"	RelError: 3.49104e-05	AbsError: 2.97215e+05
      Equation: "HoleContinuityEquation"	RelError: 1.03945e-04	AbsError: 1.93592e+06
      Equation: "PotentialEquation"	RelError: 5.73983e-12	AbsError: 8.27126e-13
  Circuit: 	RelError: 3.24968e-08	AbsError: 5.11502e-18
Iteration: 4
  Device: "bjt"	RelError: 5.07342e-05	AbsError: 9.89270e+03
    Region: "bjt"	RelError: 5.07342e-05	AbsError: 9.89270e+03
      Equation: "ElectronContinuityEquation"	RelError: 1.35239e-05	AbsError: 8.18020e+03
      Equation: "HoleContinuityEquation"	RelError: 3.72103e-05	AbsError: 1.71250e+03
      Equation: "PotentialEquation"	RelError: 2.19369e-13	AbsError: 7.11466e-16
  Circuit: 	RelError: 2.37191e-08	AbsError: 3.95572e-18
Succeeded
number of equations 41337
Iteration: 0
  Device: "bjt"	RelError: 1.15406e-04	AbsError: 8.33492e+03
    Region: "bjt"	RelError: 1.15406e-04	AbsError: 8.33492e+03
      Equation: "ElectronContinuityEquation"	RelError: 3.49496e-05	AbsError: 8.18020e+03
      Equation: "HoleContinuityEquation"	RelError: 8.04560e-05	AbsError: 1.54717e+02
      Equation: "PotentialEquation"	RelError: 2.38085e-13	AbsError: 9.68777e-17
  Circuit: 	RelError: 3.31332e-09	AbsError: 8.12531e-19
number of equations 41337
Iteration: 0
  Device: "bjt"	RelError: 1.17236e-04	AbsError: 8.27612e+03
    Region: "bjt"	RelError: 1.17236e-04	AbsError: 8.27612e+03
      Equation: "ElectronContinuityEquation"	RelError: 4.77514e-05	AbsError: 8.18020e+03
      Equation: "HoleContinuityEquation"	RelError: 6.94849e-05	AbsError: 9.59245e+01
      Equation: "PotentialEquation"	RelError: 2.71331e-13	AbsError: 8.76990e-17
  Circuit: 	RelError: 2.08741e-08	AbsError: 5.72106e-18
number of equations 41337
Iteration: 0
  Device: "bjt"	RelError: 1.16284e-04	AbsError: 8.28500e+03
    Region: "bjt"	RelError: 1.16284e-04	AbsError: 8.28500e+03
      Equation: "ElectronContinuityEquation"	RelError: 4.67940e-05	AbsError: 8.18020e+03
      Equation: "HoleContinuityEquation"	RelError: 6.94897e-05	AbsError: 1.04806e+02
      Equation: "PotentialEquation"	RelError: 2.36864e-13	AbsError: 7.42303e-17
  Circuit: 	RelError: 2.04722e-08	AbsError: 5.61050e-18
AC Iteration:
number of equations 41337
AC: 1000 0 0 -0.2 1.36602708570632e-12 4.03464975516039e-11 -4.17125245159355e-11 3.93822753647489e-11 -1.32684234825442e-06 1.53378984204202e-09 4.58975132507203e-07 -1.57630678931586e-09 8.6786721566333e-07
AC Iteration:
number of equations 41337
AC: 2154.43469003188 0 0 -0.2 1.36602708570632e-12 4.03464975516039e-11 -4.17125245159355e-11 4.39868073997642e-11 -2.85859518326868e-06 1.53287150989856e-09 9.88831947332806e-07 -1.58013608388418e-09 1.86976323574269e-06
AC Iteration:
number of equations 41337
AC: 4641.58883361278 0 0 -0.2 1.36602708570632e-12 4.03464975516039e-11 -4.17125245159355e-11 6.50739692889796e-11 -6.158656627459e-06 1.5285886510882e-09 2.13037384991899e-06 -1.59895151349754e-09 4.02828277709828e-06
AC Iteration:
number of equations 41337
AC: 10000 0 0 -0.2 1.36602708570632e-12 4.03464975516039e-11 -4.17125245159355e-11 1.62329681580398e-10 -1.32684234808567e-05 1.50868862250156e-09 4.58975132473581e-06 -1.67751548998404e-09 8.67867215516585e-06
AC Iteration:
number of equations 41337
AC: 21544.3469003188 0 0 -0.2 1.36602708570632e-12 4.03464975516039e-11 -4.17125245159355e-11 6.14416842261354e-10 -2.85859518158676e-05 1.41636084149407e-09 9.88831946997079e-06 -2.03122436546089e-09 1.86976323442808e-05
AC Iteration:
number of equations 41337
AC: 46415.8883361278 0 0 -0.2 1.36602708570632e-12 4.03464975516039e-11 -4.17125245159355e-11 2.71065868142952e-09 -6.15865661066023e-05 9.87797477468532e-10 2.13037384656393e-05 -3.70023377847786e-09 4.02828276369611e-05
AC Iteration:
number of equations 41337
AC: 100000 0 0 -0.2 1.36602708570632e-12 4.03464975516039e-11 -4.17125245159355e-11 1.24380058131351e-08 -0.000132684233129294 -1.0014057915758e-09 4.5897512911918e-05 -1.14287719171368e-08 8.67867202105515e-05
AC Iteration:
number of equations 41337
AC: 215443.469003188 0 0 -0.2 1.36602708570632e-12 4.03464975516039e-11 -4.17125245159355e-11 5.75928551800859e-08 -0.000285859501365683 -1.02344663476418e-08 9.88831913452848e-05 -4.73224173530035e-08 0.000186976310011245
AC Iteration:
number of equations 41337
AC: 464158.883361278 0 0 -0.2 1.36602708570632e-12 4.03464975516039e-11 -4.17125245159355e-11 2.67182254902826e-07 -0.000615865493134557 -5.30905266117438e-08 0.000213037351111999 -2.13925214597627e-07 0.000402828142046203
AC Iteration:
number of equations 41337
AC: 1000000 0 0 -0.2 1.36602708570632e-12 4.03464975516039e-11 -4.17125245159355e-11 1.24000719131067e-06 -0.00132684065197726 -2.52010368716103e-07 0.00045897479367541 -9.87194251477502e-07 0.00086786585895375
AC Iteration:
number of equations 41337
AC: 2154434.69003189 0 0 -0.2 1.36602708570632e-12 4.03464975516039e-11 -4.17125245159355e-11 5.75542049782419e-06 -0.00285857822062867 -1.1753068163475e-06 0.00098882855904019 -4.57634663626237e-06 0.00186974966899932
AC Iteration:
number of equations 41337
AC: 4641588.83361278 0 0 -0.2 1.36602708570632e-12 4.03464975516039e-11 -4.17125245159355e-11 2.67132872251689e-05 -0.00615848700672423 -5.46070413111707e-06 0.00213033996812507 -2.12350988867941e-05 0.00402814711396981
AC Iteration:
number of equations 41337
AC: 10000000 0 0 -0.2 1.36602708570632e-12 4.03464975516039e-11 -4.17125245159355e-11 0.000123973264118447 -0.0132667275367859 -2.53481983094358e-05 0.0045894125593595 -9.85438930833728e-05 0.0086773157348138
AC Iteration:
number of equations 41337
AC: 21544346.9003189 0 0 -0.2 1.36602708570632e-12 4.03464975516039e-11 -4.17125245159355e-11 0.000575030421813126 -0.0285690045830034 -0.000117581181096071 0.00988493425344867 -0.000457072643268264 0.0186840779045816
AC Iteration:
number of equations 41337
AC: 46415888.3361278 0 0 -0.2 1.36602708570632e-12 4.03464975516039e-11 -4.17125245159355e-11 0.00266042129568606 -0.061417658102378 -0.00054404568301053 0.0212699989549913 -0.00211463136537539 0.0401477346648116
AC Iteration:
number of equations 41337
AC: 100000000 0 0 -0.2 1.36602708570632e-12 4.03464975516039e-11 -4.17125245159355e-11 0.0121660317164805 -0.131020860483313 -0.00248880115357439 0.0455652495038561 -0.00966921394329966 0.0854563550198392
AC Iteration:
number of equations 41337
AC: 215443469.003189 0 0 -0.2 1.36602708570632e-12 4.03464975516039e-11 -4.17125245159355e-11 0.0528529832820278 -0.270323048152963 -0.0108300206274446 0.0957795931852358 -0.0419873278443376 0.174550418851067
AC Iteration:
number of equations 41337
AC: 464158883.361278 0 0 -0.2 1.36602708570632e-12 4.03464975516039e-11 -4.17125245159355e-11 0.189645921175523 -0.496887846846927 -0.0391543596380452 0.189264854752487 -0.150350433963368 0.307676824882067
AC Iteration:
number of equations 41337
AC: 1000000000 0 0 -0.2 1.36602708570632e-12 4.03464975516039e-11 -4.17125245159355e-11 0.440936863432679 -0.755187076627724 -0.0940370615601947 0.344638161012178 -0.346437607050139 0.410818538955221
AC Iteration:
number of equations 41337
AC: 2154434690.03189 0 0 -0.2 1.36602708570632e-12 4.03464975516039e-11 -4.17125245159355e-11 0.713852790529185 -1.15654977105939 -0.17031876466318 0.646817668185177 -0.542008571154078 0.510672084336817
AC Iteration:
number of equations 41337
AC: 4641588833.61278 0 0 -0.2 1.36602708570632e-12 4.03464975516039e-11 -4.17125245159355e-11 1.20990113963139 -1.95341988707841 -0.367640993164189 1.26833499755613 -0.836706622022794 0.68851335932821
AC Iteration:
number of equations 41337
AC: 10000000000 0 0 -0.2 1.36602708570632e-12 4.03464975516039e-11 -4.17125245159355e-11 2.30135956982348 -3.11823504636078 -0.97880015477171 2.36244243395809 -1.30343398657412 0.769815419483813
AC Iteration:
number of equations 41337
AC: 21544346900.3189 0 0 -0.2 1.36602708570632e-12 4.03464975516039e-11 -4.17125245159355e-11 4.34023619005018 -4.36377039551487 -2.53741554548026 3.76779683592739 -1.74490217433105 0.652806982999761
AC Iteration:
number of equations 41337
AC: 46415888336.1278 0 0 -0.2 1.36602708570632e-12 4.03464975516039e-11 -4.17125245159355e-11 7.23098525046119 -4.78173848050457 -5.05860844470447 4.50643042066343 -2.03361501508197 0.478736359621158
AC Iteration:
number of equations 41337
AC: 100000000000 0 0 -0.2 1.36602708570632e-12 4.03464975516039e-11 -4.17125245159355e-11 9.44746622205519 -4.31023309967473 -6.91276053077017 4.58443479001469 -2.25337217166122 0.295372568944706
last end -2.000000e-01 -1.000000e+00
number of equations 41337
Iteration: 0
  Device: "bjt"	RelError: 1.01737e+02	AbsError: 3.41269e+16
    Region: "bjt"	RelError: 1.01737e+02	AbsError: 3.41269e+16
      Equation: "ElectronContinuityEquation"	RelError: 4.91157e-01	AbsError: 1.97606e+16
      Equation: "HoleContinuityEquation"	RelError: 4.91283e-01	AbsError: 1.43663e+16
      Equation: "PotentialEquation"	RelError: 1.00755e+02	AbsError: 2.50000e-02
  Circuit: 	RelError: 2.16331e-01	AbsError: 2.50000e-02
Iteration: 1
  Device: "bjt"	RelError: 5.93858e-01	AbsError: 1.25648e+15
    Region: "bjt"	RelError: 5.93858e-01	AbsError: 1.25648e+15
      Equation: "ElectronContinuityEquation"	RelError: 2.51934e-01	AbsError: 5.73769e+14
      Equation: "HoleContinuityEquation"	RelError: 2.51960e-01	AbsError: 6.82709e+14
      Equation: "PotentialEquation"	RelError: 8.99638e-02	AbsError: 3.36013e-04
  Circuit: 	RelError: 1.30213e-01	AbsError: 5.35866e-11
Iteration: 2
  Device: "bjt"	RelError: 1.97307e-03	AbsError: 1.72615e+12
    Region: "bjt"	RelError: 1.97307e-03	AbsError: 1.72615e+12
      Equation: "ElectronContinuityEquation"	RelError: 1.13719e-03	AbsError: 5.45565e+11
      Equation: "HoleContinuityEquation"	RelError: 7.59553e-04	AbsError: 1.18059e+12
      Equation: "PotentialEquation"	RelError: 7.63282e-05	AbsError: 5.61574e-07
  Circuit: 	RelError: 2.95158e-04	AbsError: 8.89995e-14
Iteration: 3
  Device: "bjt"	RelError: 2.57783e-04	AbsError: 1.99015e+06
    Region: "bjt"	RelError: 2.57783e-04	AbsError: 1.99015e+06
      Equation: "ElectronContinuityEquation"	RelError: 1.85338e-05	AbsError: 3.38191e+05
      Equation: "HoleContinuityEquation"	RelError: 2.39249e-04	AbsError: 1.65195e+06
      Equation: "PotentialEquation"	RelError: 2.66414e-11	AbsError: 6.72127e-13
  Circuit: 	RelError: 2.32151e-07	AbsError: 5.70362e-17
Iteration: 4
  Device: "bjt"	RelError: 5.20253e-05	AbsError: 1.10338e+04
    Region: "bjt"	RelError: 5.20253e-05	AbsError: 1.10338e+04
      Equation: "ElectronContinuityEquation"	RelError: 1.83870e-05	AbsError: 8.18020e+03
      Equation: "HoleContinuityEquation"	RelError: 3.36384e-05	AbsError: 2.85365e+03
      Equation: "PotentialEquation"	RelError: 8.49753e-13	AbsError: 1.45232e-15
  Circuit: 	RelError: 6.84494e-08	AbsError: 2.32696e-17
Succeeded
number of equations 41337
Iteration: 0
  Device: "bjt"	RelError: 4.06785e-05	AbsError: 8.28828e+03
    Region: "bjt"	RelError: 4.06785e-05	AbsError: 8.28828e+03
      Equation: "ElectronContinuityEquation"	RelError: 1.40948e-05	AbsError: 8.18020e+03
      Equation: "HoleContinuityEquation"	RelError: 2.65837e-05	AbsError: 1.08083e+02
      Equation: "PotentialEquation"	RelError: 2.43824e-13	AbsError: 1.30798e-16
  Circuit: 	RelError: 1.88350e-08	AbsError: 7.56336e-18
number of equations 41337
Iteration: 0
  Device: "bjt"	RelError: 1.05098e-05	AbsError: 8.27586e+03
    Region: "bjt"	RelError: 1.05098e-05	AbsError: 8.27586e+03
      Equation: "ElectronContinuityEquation"	RelError: 7.17895e-06	AbsError: 8.18020e+03
      Equation: "HoleContinuityEquation"	RelError: 3.33090e-06	AbsError: 9.56576e+01
      Equation: "PotentialEquation"	RelError: 1.84272e-13	AbsError: 1.03830e-16
  Circuit: 	RelError: 2.98435e-08	AbsError: 1.23102e-17
number of equations 41337
Iteration: 0
  Device: "bjt"	RelError: 1.74835e-05	AbsError: 8.27683e+03
    Region: "bjt"	RelError: 1.74835e-05	AbsError: 8.27683e+03
      Equation: "ElectronContinuityEquation"	RelError: 7.62565e-06	AbsError: 8.18020e+03
      Equation: "HoleContinuityEquation"	RelError: 9.85787e-06	AbsError: 9.66316e+01
      Equation: "PotentialEquation"	RelError: 1.27855e-13	AbsError: 1.12037e-16
  Circuit: 	RelError: 2.35734e-08	AbsError: 9.66533e-18
AC Iteration:
number of equations 41337
AC: 1000 3.08148791101958e-33 -2.03239217185381e-33 -0.225 2.28762999352451e-12 1.05379900474159e-10 -1.07667530444566e-10 5.9721906399258e-11 -1.33859944661203e-06 4.0292111485708e-09 4.58975136281583e-07 -4.09113301132799e-09 8.79624310243789e-07
AC Iteration:
number of equations 41337
AC: 2154.43469003188 3.08148791101958e-33 -2.03239217185381e-33 -0.225 2.28762999352451e-12 1.05379900474159e-10 -1.07667530444566e-10 6.42107271119315e-11 -2.88392508382514e-06 4.02845682034117e-09 9.88831955470599e-07 -4.09599283793236e-09 1.89509312818424e-06
AC Iteration:
number of equations 41337
AC: 4641.58883361278 3.08148791101958e-33 -2.03239217185381e-33 -0.225 2.28762999352451e-12 1.05379900474159e-10 -1.07667530444566e-10 8.54687936429597e-11 -6.21322824390995e-06 4.02417531164655e-09 2.13037386745459e-06 -4.11178970707497e-09 4.08285437613333e-06
AC Iteration:
number of equations 41337
AC: 10000 3.08148791101958e-33 -2.03239217185381e-33 -0.225 2.28762999352451e-12 1.05379900474159e-10 -1.07667530444566e-10 1.84980595203549e-10 -1.33859944643958e-05 4.00391203525994e-09 4.58975136247671e-06 -4.19042281656168e-09 8.79624310122448e-06
AC Iteration:
number of equations 41337
AC: 21544.3469003188 3.08148791101958e-33 -2.03239217185381e-33 -0.225 2.28762999352451e-12 1.05379900474159e-10 -1.07667530444566e-10 6.45179436487806e-10 -2.88392508209962e-05 3.91068144174164e-09 9.88831955118854e-06 -4.55793370858986e-09 1.89509312682633e-05
AC Iteration:
number of equations 41337
AC: 46415.8883361278 3.08148791101958e-33 -2.03239217185381e-33 -0.225 2.28762999352451e-12 1.05379900474159e-10 -1.07667530444566e-10 2.78053204042729e-09 -6.21322822666096e-05 3.47853270106205e-09 2.13037386400729e-05 -6.25325259331443e-09 4.08285436244508e-05
AC Iteration:
number of equations 41337
AC: 100000 3.08148791101958e-33 -2.03239217185381e-33 -0.225 2.28762999352451e-12 1.05379900474159e-10 -1.07667530444566e-10 1.26920870286905e-08 -0.000133859942919306 1.47386348363901e-09 4.58975132839335e-05 -1.41576209365082e-08 8.79624296291231e-05
AC Iteration:
number of equations 41337
AC: 215443.469003188 3.08148791101958e-33 -2.03239217185381e-33 -0.225 2.28762999352451e-12 1.05379900474159e-10 -1.07667530444566e-10 5.86979116764621e-08 -0.000288392490963927 -7.83268439309511e-09 9.88831921039413e-05 -5.08326110091215e-08 0.000189509298847417
AC Iteration:
number of equations 41337
AC: 464158.883361278 3.08148791101958e-33 -2.03239217185381e-33 -0.225 2.28762999352451e-12 1.05379900474159e-10 -1.07667530444566e-10 2.72239258746573e-07 -0.000621322650204074 -5.10296777769625e-08 0.000213037352318238 -2.21034722290036e-07 0.000408285297923943
AC Iteration:
number of equations 41337
AC: 1000000 3.08148791101958e-33 -2.03239217185381e-33 -0.225 2.28762999352451e-12 1.05379900474159e-10 -1.07667530444566e-10 1.26340662617965e-06 -0.00133859770457737 -2.51530867524671e-07 0.000458974792010205 -1.01105518217439e-06 0.000879622913272604
AC Iteration:
number of equations 41337
AC: 2154434.69003189 3.08148791101958e-33 -2.03239217185381e-33 -0.225 2.28762999352451e-12 1.05379900474159e-10 -1.07667530444566e-10 5.86396098023311e-06 -0.0028839076636034 -1.1821684376634e-06 0.000988828512764794 -4.67800108788775e-06 0.00189507915835025
AC Iteration:
number of equations 41337
AC: 4641588.83361278 3.08148791101958e-33 -2.03239217185381e-33 -0.225 2.28762999352451e-12 1.05379900474159e-10 -1.07667530444566e-10 2.72169825503343e-05 -0.00621305404760682 -5.5016360960663e-06 0.00213033944160729 -2.16977075669833e-05 0.00408271468288544
AC Iteration:
number of equations 41337
AC: 10000000 3.08148791101958e-33 -2.03239217185381e-33 -0.225 2.28762999352451e-12 1.05379900474159e-10 -1.07667530444566e-10 0.00012631048409572 -0.0133842527759311 -2.55471850577591e-05 0.00458940715843219 -0.000100681414278321 0.00879484638913203
AC Iteration:
number of equations 41337
AC: 21544346.9003189 3.08148791101958e-33 -2.03239217185381e-33 -0.225 2.28762999352451e-12 1.05379900474159e-10 -1.07667530444566e-10 0.000585864671073962 -0.0288218466708985 -0.0001185119534058 0.00988488002612055 -0.00046697279215777 0.0189369743621712
AC Iteration:
number of equations 41337
AC: 46415888.3361278 3.08148791101958e-33 -2.03239217185381e-33 -0.225 2.28762999352451e-12 1.05379900474159e-10 -1.07667530444566e-10 0.00271040751587764 -0.0619588294057251 -0.000548333739704649 0.0212694596483369 -0.00216031417008242 0.0406894466936798
AC Iteration:
number of equations 41337
AC: 100000000 3.08148791101958e-33 -2.03239217185381e-33 -0.225 2.28762999352451e-12 1.05379900474159e-10 -1.07667530444566e-10 0.0123917200706129 -0.132152221569578 -0.00250785140113667 0.0455600177323802 -0.00987578288616795 0.0865929616787545
AC Iteration:
number of equations 41337
AC: 215443469.003189 3.08148791101958e-33 -2.03239217185381e-33 -0.225 2.28762999352451e-12 1.05379900474159e-10 -1.07667530444566e-10 0.0537798988056352 -0.272458053819436 -0.0109023017294422 0.0957339308806899 -0.042841681098867 0.176731208930862
AC Iteration:
number of equations 41337
AC: 464158883.361278 3.08148791101958e-33 -2.03239217185381e-33 -0.225 2.28762999352451e-12 1.05379900474159e-10 -1.07667530444566e-10 0.192343877108577 -0.499707596401104 -0.0392911334309738 0.18899614063683 -0.152910816262064 0.310766054210077
AC Iteration:
number of equations 41337
AC: 1000000000 3.08148791101958e-33 -2.03239217185381e-33 -0.225 2.28762999352451e-12 1.05379900474159e-10 -1.07667530444566e-10 0.444887183604167 -0.757569969523752 -0.0939108613743961 0.34399683091455 -0.350512672128994 0.413845176605295
AC Iteration:
number of equations 41337
AC: 2154434690.03189 3.08148791101958e-33 -2.03239217185381e-33 -0.225 2.28762999352451e-12 1.05379900474159e-10 -1.07667530444566e-10 0.718692793718761 -1.15998259524165 -0.169890787300147 0.646075873477452 -0.547272034928125 0.514853074565725
AC Iteration:
number of equations 41337
AC: 4641588833.61278 3.08148791101958e-33 -2.03239217185381e-33 -0.225 2.28762999352451e-12 1.05379900474159e-10 -1.07667530444566e-10 1.21833959170734 -1.95734234579677 -0.367255599522264 1.26700845945018 -0.845519349101311 0.693786279929358
AC Iteration:
number of equations 41337
AC: 10000000000 3.08148791101958e-33 -2.03239217185381e-33 -0.225 2.28762999352451e-12 1.05379900474159e-10 -1.07667530444566e-10 2.31282134767598 -3.11844232187181 -0.977573234487567 2.35941337304986 -1.31612138096879 0.773121711140722
AC Iteration:
number of equations 41337
AC: 21544346900.3189 3.08148791101958e-33 -2.03239217185381e-33 -0.225 2.28762999352451e-12 1.05379900474159e-10 -1.07667530444566e-10 4.34996948489266 -4.35875648858622 -2.53310647836242 3.76386283421856 -1.75901003514537 0.651855142943802
AC Iteration:
number of equations 41337
AC: 46415888336.1278 3.08148791101958e-33 -2.03239217185381e-33 -0.225 2.28762999352451e-12 1.05379900474159e-10 -1.07667530444566e-10 7.23563302724085 -4.77442526676889 -5.05191016974651 4.50439256565595 -2.04516682026142 0.473594299256543
AC Iteration:
number of equations 41337
AC: 100000000000 3.08148791101958e-33 -2.03239217185381e-33 -0.225 2.28762999352451e-12 1.05379900474159e-10 -1.07667530444566e-10 9.44720998177452 -4.30364902373818 -6.90629305752981 4.58423757551305 -2.25998525115844 0.288979437738573
last end -2.250000e-01 -1.000000e+00
number of equations 41337
Iteration: 0
  Device: "bjt"	RelError: 2.38077e+01	AbsError: 3.40656e+16
    Region: "bjt"	RelError: 2.38077e+01	AbsError: 3.40656e+16
      Equation: "ElectronContinuityEquation"	RelError: 4.91159e-01	AbsError: 1.99179e+16
      Equation: "HoleContinuityEquation"	RelError: 4.91283e-01	AbsError: 1.41478e+16
      Equation: "PotentialEquation"	RelError: 2.28253e+01	AbsError: 2.50000e-02
  Circuit: 	RelError: 3.30000e-01	AbsError: 2.50000e-02
Iteration: 1
  Device: "bjt"	RelError: 5.24739e-01	AbsError: 1.26478e+15
    Region: "bjt"	RelError: 5.24739e-01	AbsError: 1.26478e+15
      Equation: "ElectronContinuityEquation"	RelError: 2.51951e-01	AbsError: 5.92113e+14
      Equation: "HoleContinuityEquation"	RelError: 2.52009e-01	AbsError: 6.72671e+14
      Equation: "PotentialEquation"	RelError: 2.07782e-02	AbsError: 3.42092e-04
  Circuit: 	RelError: 1.85312e-01	AbsError: 1.39315e-10
Iteration: 2
  Device: "bjt"	RelError: 1.88754e-03	AbsError: 1.55875e+12
    Region: "bjt"	RelError: 1.88754e-03	AbsError: 1.55875e+12
      Equation: "ElectronContinuityEquation"	RelError: 1.05947e-03	AbsError: 5.42776e+11
      Equation: "HoleContinuityEquation"	RelError: 8.11220e-04	AbsError: 1.01597e+12
      Equation: "PotentialEquation"	RelError: 1.68501e-05	AbsError: 4.95968e-07
  Circuit: 	RelError: 1.79154e-04	AbsError: 8.59897e-14
Iteration: 3
  Device: "bjt"	RelError: 2.58519e-04	AbsError: 1.29410e+06
    Region: "bjt"	RelError: 2.58519e-04	AbsError: 1.29410e+06
      Equation: "ElectronContinuityEquation"	RelError: 1.33249e-05	AbsError: 3.14579e+05
      Equation: "HoleContinuityEquation"	RelError: 2.45194e-04	AbsError: 9.79523e+05
      Equation: "PotentialEquation"	RelError: 3.74320e-11	AbsError: 3.86420e-13
  Circuit: 	RelError: 7.50718e-08	AbsError: 1.76617e-17
Iteration: 4
  Device: "bjt"	RelError: 1.45166e-05	AbsError: 1.77010e+04
    Region: "bjt"	RelError: 1.45166e-05	AbsError: 1.77010e+04
      Equation: "ElectronContinuityEquation"	RelError: 7.77448e-06	AbsError: 1.34103e+04
      Equation: "HoleContinuityEquation"	RelError: 6.74207e-06	AbsError: 4.29064e+03
      Equation: "PotentialEquation"	RelError: 1.32239e-12	AbsError: 3.61167e-15
  Circuit: 	RelError: 9.27440e-09	AbsError: 3.53659e-18
Succeeded
number of equations 41337
Iteration: 0
  Device: "bjt"	RelError: 1.07071e-05	AbsError: 8.32880e+03
    Region: "bjt"	RelError: 1.07071e-05	AbsError: 8.32880e+03
      Equation: "ElectronContinuityEquation"	RelError: 7.56796e-06	AbsError: 8.18020e+03
      Equation: "HoleContinuityEquation"	RelError: 3.13914e-06	AbsError: 1.48603e+02
      Equation: "PotentialEquation"	RelError: 4.23379e-13	AbsError: 8.20550e-17
  Circuit: 	RelError: 1.27497e-08	AbsError: 9.53892e-18
number of equations 41337
Iteration: 0
  Device: "bjt"	RelError: 8.01626e-06	AbsError: 8.26016e+03
    Region: "bjt"	RelError: 8.01626e-06	AbsError: 8.26016e+03
      Equation: "ElectronContinuityEquation"	RelError: 1.61291e-06	AbsError: 8.18020e+03
      Equation: "HoleContinuityEquation"	RelError: 6.40334e-06	AbsError: 7.99602e+01
      Equation: "PotentialEquation"	RelError: 9.66041e-14	AbsError: 8.21476e-17
  Circuit: 	RelError: 2.09262e-09	AbsError: 1.54645e-18
number of equations 41337
Iteration: 0
  Device: "bjt"	RelError: 7.50132e-06	AbsError: 8.25593e+03
    Region: "bjt"	RelError: 7.50132e-06	AbsError: 8.25593e+03
      Equation: "ElectronContinuityEquation"	RelError: 1.46199e-06	AbsError: 8.18020e+03
      Equation: "HoleContinuityEquation"	RelError: 6.03933e-06	AbsError: 7.57269e+01
      Equation: "PotentialEquation"	RelError: 3.42901e-13	AbsError: 7.68984e-17
  Circuit: 	RelError: 3.98695e-10	AbsError: 2.96776e-19
AC Iteration:
number of equations 41337
AC: 1000 2.1425970631308e-33 -2.15679905526965e-33 -0.25 3.83966531595923e-12 2.75175952850686e-10 -2.79015618184647e-10 9.28897614633612e-11 -1.3510179483875e-06 1.05439322741389e-08 4.58975145448169e-07 -1.06401072360334e-08 8.92042802850046e-07
AC Iteration:
number of equations 41337
AC: 2154.43469003188 2.1425970631308e-33 -2.15679905526965e-33 -0.25 3.83966531595923e-12 2.75175952850686e-10 -2.79015618184647e-10 9.75433095416374e-11 -2.91067993484869e-06 1.05430731418144e-08 9.88831975214764e-07 -1.06477920034859e-08 1.92184795942785e-06
AC Iteration:
number of equations 41337
AC: 4641.58883361278 2.1425970631308e-33 -2.15679905526965e-33 -0.25 3.83966531595923e-12 2.75175952850686e-10 -2.79015618184647e-10 1.19279085432913e-10 -6.27086982307601e-06 1.05385583432907e-08 2.13037390997815e-06 -1.06620829869673e-08 4.14049591268393e-06
AC Iteration:
number of equations 41337
AC: 10000 2.1425970631308e-33 -2.15679905526965e-33 -0.25 3.83966531595923e-12 2.75175952850686e-10 -2.79015618184647e-10 2.20578178910292e-10 -1.35101794821024e-05 1.05185402029085e-08 4.58975145415096e-06 -1.07431833041197e-08 8.92042802707295e-06
AC Iteration:
number of equations 41337
AC: 21544.3469003188 2.1425970631308e-33 -2.15679905526965e-33 -0.25 3.83966531595923e-12 2.75175952850686e-10 -2.79015618184647e-10 6.89886443512378e-10 -2.91067993307256e-05 1.04249122853548e-08 9.88831974878194e-06 -1.11127805083449e-08 1.92184795803571e-05
AC Iteration:
number of equations 41337
AC: 46415.8883361278 2.1425970631308e-33 -2.15679905526965e-33 -0.25 3.83966531595923e-12 2.75175952850686e-10 -2.79015618184647e-10 2.86832348992525e-09 -6.27086980533263e-05 9.989325027158e-09 2.13037390654536e-05 -1.28593899265012e-08 4.14049589842302e-05
AC Iteration:
number of equations 41337
AC: 100000 2.1425970631308e-33 -2.15679905526965e-33 -0.25 3.83966531595923e-12 2.75175952850686e-10 -2.79015618184647e-10 1.29777819352236e-08 -0.000135101793046711 7.96669736168679e-09 4.58975141944727e-05 -2.09409202611451e-08 8.92042788435442e-05
AC Iteration:
number of equations 41337
AC: 215443.469003188 2.1425970631308e-33 -2.15679905526965e-33 -0.25 3.83966531595923e-12 2.75175952850686e-10 -2.79015618184647e-10 5.99067716853058e-08 -0.00029106797556354 -1.41844624871154e-09 9.88831940209714e-05 -5.84507766174531e-08 0.000192184781534559
AC Iteration:
number of equations 41337
AC: 464158.883361278 2.1425970631308e-33 -2.15679905526965e-33 -0.25 3.83966531595923e-12 2.75175952850686e-10 -2.79015618184647e-10 2.77725956658226e-07 -0.000627086803095223 -4.4983264899881e-08 0.000213037355982684 -2.32566441765942e-07 0.000414049447156092
AC Iteration:
number of equations 41337
AC: 1000000 2.1425970631308e-33 -2.15679905526965e-33 -0.25 3.83966531595923e-12 2.75175952850686e-10 -2.79015618184647e-10 1.28875199046969e-06 -0.00135101615608789 -2.47193229643815e-07 0.000458974795223775 -1.04074073386892e-06 0.000892041361564454
AC Iteration:
number of equations 41337
AC: 2154434.69003189 2.1425970631308e-33 -2.15679905526965e-33 -0.25 3.83966531595923e-12 2.75175952850686e-10 -2.79015618184647e-10 5.98147981374632e-06 -0.00291066201197964 -1.18576040618989e-06 0.00098882847293243 -4.79188792436092e-06 0.00192183354672316
AC Iteration:
number of equations 41337
AC: 4641588.83361278 2.1425970631308e-33 -2.15679905526965e-33 -0.25 3.83966531595923e-12 2.75175952850686e-10 -2.79015618184647e-10 2.77623060286135e-05 -0.00627069060056649 -5.54202912047668e-06 0.00213033888829732 -2.22024681070951e-05 0.0041403517907597
AC Iteration:
number of equations 41337
AC: 10000000 2.1425970631308e-33 -2.15679905526965e-33 -0.25 3.83966531595923e-12 2.75175952850686e-10 -2.79015618184647e-10 0.000128840799493066 -0.0135083875443564 -2.57582981985169e-05 0.00458940129332461 -0.000102999852139799 0.00891898703829258
AC Iteration:
number of equations 41337
AC: 21544346.9003189 2.1425970631308e-33 -2.15679905526965e-33 -0.25 3.83966531595923e-12 2.75175952850686e-10 -2.79015618184647e-10 0.000597593571803514 -0.0290888932793037 -0.000119513443390622 0.00988482074289816 -0.000477696686479175 0.0192040804084863
AC Iteration:
number of equations 41337
AC: 46415888.3361278 2.1425970631308e-33 -2.15679905526965e-33 -0.25 3.83966531595923e-12 2.75175952850686e-10 -2.79015618184647e-10 0.0027645128044083 -0.062530253470281 -0.000552960284008837 0.0212688692914122 -0.00220977670177236 0.0412614626512816
AC Iteration:
number of equations 41337
AC: 100000000 2.1425970631308e-33 -2.15679905526965e-33 -0.25 3.83966531595923e-12 2.75175952850686e-10 -2.79015618184647e-10 0.0126358291007188 -0.133345388342489 -0.00252839623776634 0.0455542923714937 -0.0100992741480286 0.0877918687383451
AC Iteration:
number of equations 41337
AC: 215443469.003189 2.1425970631308e-33 -2.15679905526965e-33 -0.25 3.83966531595923e-12 2.75175952850686e-10 -2.79015618184647e-10 0.0547793148254485 -0.274697645826833 -0.0109798704631442 0.0956840855522609 -0.0437632334568566 0.179020777920004
AC Iteration:
number of equations 41337
AC: 464158883.361278 2.1425970631308e-33 -2.15679905526965e-33 -0.25 3.83966531595923e-12 2.75175952850686e-10 -2.79015618184647e-10 0.195220113642391 -0.502604904705281 -0.0394339057875186 0.188705440969257 -0.155643458624306 0.313954878420439
AC Iteration:
number of equations 41337
AC: 1000000000 2.1425970631308e-33 -2.15679905526965e-33 -0.25 3.83966531595923e-12 2.75175952850686e-10 -2.79015618184647e-10 0.448997112326147 -0.759931698023788 -0.0937613211969944 0.343316940203866 -0.354770698777914 0.416889307946439
AC Iteration:
number of equations 41337
AC: 2154434690.03189 2.1425970631308e-33 -2.15679905526965e-33 -0.25 3.83966531595923e-12 2.75175952850686e-10 -2.79015618184647e-10 0.723656250543587 -1.1634489636396 -0.169417816765262 0.64531422099219 -0.552703901398775 0.519087629116092
AC Iteration:
number of equations 41337
AC: 4641588833.61278 2.1425970631308e-33 -2.15679905526965e-33 -0.25 3.83966531595923e-12 2.75175952850686e-10 -2.79015618184647e-10 1.22700867986212 -1.96127724829958 -0.366836156640494 1.26566495056021 -0.854596726556223 0.699089269238528
AC Iteration:
number of equations 41337
AC: 10000000000 2.1425970631308e-33 -2.15679905526965e-33 -0.25 3.83966531595923e-12 2.75175952850686e-10 -2.79015618184647e-10 2.32450220957132 -3.11851479521878 -0.976314958751093 2.35634369735855 -1.32906004021553 0.776335152902828
AC Iteration:
number of equations 41337
AC: 21544346900.3189 2.1425970631308e-33 -2.15679905526965e-33 -0.25 3.83966531595923e-12 2.75175952850686e-10 -2.79015618184647e-10 4.35985385474469 -4.35346534561471 -2.52879926959936 3.75982729913024 -1.77327075777054 0.650729598017914
AC Iteration:
number of equations 41337
AC: 46415888336.1278 2.1425970631308e-33 -2.15679905526965e-33 -0.25 3.83966531595923e-12 2.75175952850686e-10 -2.79015618184647e-10 7.24016058341646 -4.76656671394422 -5.04510157562573 4.50197786674818 -2.05672425949386 0.468280513594338
AC Iteration:
number of equations 41337
AC: 100000000000 2.1425970631308e-33 -2.15679905526965e-33 -0.25 3.83966531595923e-12 2.75175952850686e-10 -2.79015618184647e-10 9.44619002655665 -4.29669912916822 -6.89915972444729 4.58371626445211 -2.26652426069728 0.282498500093337
last end -2.500000e-01 -1.000000e+00
number of equations 41337
Iteration: 0
  Device: "bjt"	RelError: 7.93461e+01	AbsError: 3.39814e+16
    Region: "bjt"	RelError: 7.93461e+01	AbsError: 3.39814e+16
      Equation: "ElectronContinuityEquation"	RelError: 4.91159e-01	AbsError: 2.00523e+16
      Equation: "HoleContinuityEquation"	RelError: 4.91283e-01	AbsError: 1.39291e+16
      Equation: "PotentialEquation"	RelError: 7.83637e+01	AbsError: 2.50000e-02
  Circuit: 	RelError: 4.13127e-01	AbsError: 2.50000e-02
Iteration: 1
  Device: "bjt"	RelError: 7.39573e-01	AbsError: 1.23210e+15
    Region: "bjt"	RelError: 7.39573e-01	AbsError: 1.23210e+15
      Equation: "ElectronContinuityEquation"	RelError: 2.51964e-01	AbsError: 5.94033e+14
      Equation: "HoleContinuityEquation"	RelError: 2.52047e-01	AbsError: 6.38065e+14
      Equation: "PotentialEquation"	RelError: 2.35562e-01	AbsError: 3.30932e-04
  Circuit: 	RelError: 2.19596e-01	AbsError: 3.61195e-10
Iteration: 2
  Device: "bjt"	RelError: 1.99026e-03	AbsError: 1.36878e+12
    Region: "bjt"	RelError: 1.99026e-03	AbsError: 1.36878e+12
      Equation: "ElectronContinuityEquation"	RelError: 1.02527e-03	AbsError: 4.82497e+11
      Equation: "HoleContinuityEquation"	RelError: 9.09160e-04	AbsError: 8.86282e+11
      Equation: "PotentialEquation"	RelError: 5.58369e-05	AbsError: 3.87215e-07
  Circuit: 	RelError: 2.43606e-04	AbsError: 3.76760e-13
Iteration: 3
  Device: "bjt"	RelError: 2.55687e-04	AbsError: 1.85658e+06
    Region: "bjt"	RelError: 2.55687e-04	AbsError: 1.85658e+06
      Equation: "ElectronContinuityEquation"	RelError: 4.61117e-06	AbsError: 8.24642e+05
      Equation: "HoleContinuityEquation"	RelError: 2.51074e-04	AbsError: 1.03194e+06
      Equation: "PotentialEquation"	RelError: 2.27689e-09	AbsError: 4.43462e-13
  Circuit: 	RelError: 4.63185e-08	AbsError: 5.98001e-17
Iteration: 4
  Device: "bjt"	RelError: 9.49723e-06	AbsError: 3.68976e+04
    Region: "bjt"	RelError: 9.49723e-06	AbsError: 3.68976e+04
      Equation: "ElectronContinuityEquation"	RelError: 5.36271e-06	AbsError: 3.02673e+04
      Equation: "HoleContinuityEquation"	RelError: 4.13452e-06	AbsError: 6.63034e+03
      Equation: "PotentialEquation"	RelError: 2.01290e-12	AbsError: 9.32664e-15
  Circuit: 	RelError: 5.90509e-09	AbsError: 6.11049e-18
Succeeded
number of equations 41337
Iteration: 0
  Device: "bjt"	RelError: 9.46417e-06	AbsError: 8.52405e+03
    Region: "bjt"	RelError: 9.46417e-06	AbsError: 8.52405e+03
      Equation: "ElectronContinuityEquation"	RelError: 5.36145e-06	AbsError: 8.18020e+03
      Equation: "HoleContinuityEquation"	RelError: 4.10272e-06	AbsError: 3.43851e+02
      Equation: "PotentialEquation"	RelError: 2.92834e-13	AbsError: 1.31795e-16
  Circuit: 	RelError: 2.93904e-09	AbsError: 4.81895e-18
number of equations 41337
Iteration: 0
  Device: "bjt"	RelError: 3.99292e-06	AbsError: 8.28664e+03
    Region: "bjt"	RelError: 3.99292e-06	AbsError: 8.28664e+03
      Equation: "ElectronContinuityEquation"	RelError: 3.06287e-06	AbsError: 8.18020e+03
      Equation: "HoleContinuityEquation"	RelError: 9.30048e-07	AbsError: 1.06442e+02
      Equation: "PotentialEquation"	RelError: 1.61829e-13	AbsError: 1.11022e-16
  Circuit: 	RelError: 7.22671e-09	AbsError: 1.18307e-17
number of equations 41337
Iteration: 0
  Device: "bjt"	RelError: 5.86302e-06	AbsError: 8.30555e+03
    Region: "bjt"	RelError: 5.86302e-06	AbsError: 8.30555e+03
      Equation: "ElectronContinuityEquation"	RelError: 3.06413e-06	AbsError: 8.18020e+03
      Equation: "HoleContinuityEquation"	RelError: 2.79889e-06	AbsError: 1.25352e+02
      Equation: "PotentialEquation"	RelError: 3.41183e-13	AbsError: 1.11061e-16
  Circuit: 	RelError: 3.03685e-11	AbsError: 4.71137e-20
AC Iteration:
number of equations 41337
AC: 1000 -2.98519141380022e-33 4.19855036620791e-34 -0.275 6.47464942032645e-12 7.18463056813603e-10 -7.24937706237462e-10 1.49432429706487e-10 -1.36421923411186e-06 2.75514539681719e-08 4.58975168862221e-07 -2.76991603500424e-08 9.05244065183113e-07
AC Iteration:
number of equations 41337
AC: 2154.43469003188 -2.98519141380022e-33 4.19855036620791e-34 -0.275 6.47464942032645e-12 7.18463056813603e-10 -7.24937706237462e-10 1.54135395994444e-10 -2.93912124276575e-06 2.75506020068002e-08 9.88832025659865e-07 -2.77043394261023e-08 1.95028921694644e-06
AC Iteration:
number of equations 41337
AC: 4641.58883361278 -2.98519141380022e-33 4.19855036620791e-34 -0.275 6.47464942032645e-12 7.18463056813603e-10 -7.24937706237462e-10 1.76266517563167e-10 -6.33214476347964e-06 2.75462917589527e-08 2.13037401867375e-06 -2.77225186997024e-08 4.20177074450975e-06
AC Iteration:
number of equations 41337
AC: 10000 -2.98519141380022e-33 4.19855036620791e-34 -0.275 6.47464942032645e-12 7.18463056813603e-10 -7.24937706237462e-10 2.79641175847139e-10 -1.36421923392921e-05 2.7525901003438e-08 4.58975168830041e-06 -2.78086967481301e-08 9.05244065026675e-06
AC Iteration:
number of equations 41337
AC: 21544.3469003188 -2.98519141380022e-33 4.19855036620791e-34 -0.275 6.47464942032645e-12 7.18463056813603e-10 -7.24937706237462e-10 7.59253137167674e-10 -2.93912124093654e-05 2.74307892752795e-08 9.8883202529777e-06 -2.81922901689618e-08 1.95028921547726e-05
AC Iteration:
number of equations 41337
AC: 46415.8883361278 -2.98519141380022e-33 4.19855036620791e-34 -0.275 6.47464942032645e-12 7.18463056813603e-10 -7.24937706237462e-10 2.98407740973427e-09 -6.33214474518349e-05 2.69913791713837e-08 2.13037401513293e-05 -2.99711397887452e-08 4.20177072978732e-05
AC Iteration:
number of equations 41337
AC: 100000 -2.98519141380022e-33 4.19855036620791e-34 -0.275 6.47464942032645e-12 7.18463056813603e-10 -7.24937706237462e-10 1.33102182317464e-08 -0.000136421921563453 2.49508496178045e-08 4.58975165296277e-05 -3.82527157030842e-08 9.05244050275667e-05
AC Iteration:
number of equations 41337
AC: 215443.469003188 -2.98519141380022e-33 4.19855036620791e-34 -0.275 6.47464942032645e-12 7.18463056813603e-10 -7.24937706237462e-10 6.12427106203436e-08 -0.000293912105799744 1.54791404156458e-08 9.88831989983069e-05 -7.668427601837e-08 0.000195028906793272
AC Iteration:
number of equations 41337
AC: 464158.883361278 -2.98519141380022e-33 4.19855036620791e-34 -0.275 6.47464942032645e-12 7.18463056813603e-10 -7.24937706237462e-10 2.83721950402481e-07 -0.00063321429158251 -2.84848166956815e-08 0.000213037366188025 -2.55058789826975e-07 0.00042017692543725
AC Iteration:
number of equations 41337
AC: 1000000 -2.98519141380022e-33 4.19855036620791e-34 -0.275 6.47464942032645e-12 7.18463056813603e-10 -7.24937706237462e-10 1.31637789806372e-06 -0.00136421738627908 -2.32543963362894e-07 0.000458974812084651 -1.08300147145325e-06 0.000905242574921524
AC Iteration:
number of equations 41337
AC: 2154434.69003189 -2.98519141380022e-33 4.19855036620791e-34 -0.275 6.47464942032645e-12 7.18463056813603e-10 -7.24937706237462e-10 6.10949930025267e-06 -0.00293910276458648 -1.17969780878118e-06 0.000988828457871791 -4.92592865485808e-06 0.00195027431457948
AC Iteration:
number of equations 41337
AC: 4641588.83361278 -2.98519141380022e-33 4.19855036620791e-34 -0.275 6.47464942032645e-12 7.18463056813603e-10 -7.24937706237462e-10 2.83562739344828e-05 -0.00633195998819402 -5.57581557510248e-06 0.00213033834216837 -2.27624746955229e-05 0.00420162172621434
AC Iteration:
number of equations 41337
AC: 10000000 -2.98519141380022e-33 4.19855036620791e-34 -0.275 6.47464942032645e-12 7.18463056813603e-10 -7.24937706237462e-10 0.000131596731519364 -0.0136403448882529 -2.59769444190571e-05 0.00458939498162247 -0.00010553632887444 0.00905095071071679
AC Iteration:
number of equations 41337
AC: 21544346.9003189 -2.98519141380022e-33 4.19855036620791e-34 -0.275 6.47464942032645e-12 7.18463056813603e-10 -7.24937706237462e-10 0.000610367772648589 -0.0293727518927073 -0.000120587871633769 0.00988475588705333 -0.00048939271932952 0.0194880040462816
AC Iteration:
number of equations 41337
AC: 46415888.3361278 -2.98519141380022e-33 4.19855036620791e-34 -0.275 6.47464942032645e-12 7.18463056813603e-10 -7.24937706237462e-10 0.00282343050360318 -0.0631374890319119 -0.00055795854723446 0.021268221288493 -0.00226367890663945 0.0418693478880582
AC Iteration:
number of equations 41337
AC: 100000000 -2.98519141380022e-33 4.19855036620791e-34 -0.275 6.47464942032645e-12 7.18463056813603e-10 -7.24937706237462e-10 0.0129014554523034 -0.134611770931296 -0.00255060011530349 0.0455480072455983 -0.0103426192114291 0.089064552694549
AC Iteration:
number of equations 41337
AC: 215443469.003189 -2.98519141380022e-33 4.19855036620791e-34 -0.275 6.47464942032645e-12 7.18463056813603e-10 -7.24937706237462e-10 0.0558633769166935 -0.277061677624176 -0.0110632762971916 0.0956295062310765 -0.0447635783960507 0.181439531843212
AC Iteration:
number of equations 41337
AC: 464158883.361278 -2.98519141380022e-33 4.19855036620791e-34 -0.275 6.47464942032645e-12 7.18463056813603e-10 -7.24937706237462e-10 0.198305159701438 -0.505598866297924 -0.0395828494834323 0.188390084722102 -0.15857871178189 0.317265071733972
AC Iteration:
number of equations 41337
AC: 1000000000 -2.98519141380022e-33 4.19855036620791e-34 -0.275 6.47464942032645e-12 7.18463056813603e-10 -7.24937706237462e-10 0.453303415142296 -0.762278110927451 -0.0935840094227462 0.342593895462566 -0.359252880547467 0.419961397651393
AC Iteration:
number of equations 41337
AC: 2154434690.03189 -2.98519141380022e-33 4.19855036620791e-34 -0.275 6.47464942032645e-12 7.18463056813603e-10 -7.24937706237462e-10 0.728775422191098 -1.16694498024583 -0.168884125053535 0.644528283051443 -0.558352164757049 0.523376322137731
AC Iteration:
number of equations 41337
AC: 4641588833.61278 -2.98519141380022e-33 4.19855036620791e-34 -0.275 6.47464942032645e-12 7.18463056813603e-10 -7.24937706237462e-10 1.23589513000703 -1.96520246912509 -0.366322138068552 1.26430921327443 -0.863986069360251 0.704395421855899
AC Iteration:
number of equations 41337
AC: 10000000000 -2.98519141380022e-33 4.19855036620791e-34 -0.275 6.47464942032645e-12 7.18463056813603e-10 -7.24937706237462e-10 2.33618745413397 -3.11851891832686 -0.974806910015831 2.35334362299232 -1.34225327725763 0.779410665154008
AC Iteration:
number of equations 41337
AC: 21544346900.3189 -2.98519141380022e-33 4.19855036620791e-34 -0.275 6.47464942032645e-12 7.18463056813603e-10 -7.24937706237462e-10 4.36936786508296 -4.34864864820338 -2.52401001016361 3.75643560816501 -1.78763694529812 0.649429708628754
AC Iteration:
number of equations 41337
AC: 46415888336.1278 -2.98519141380022e-33 4.19855036620791e-34 -0.275 6.47464942032645e-12 7.18463056813603e-10 -7.24937706237462e-10 7.24499723204121 -4.76051168287225 -5.03856936333816 4.50145079604031 -2.06826301880004 0.462890641807754
AC Iteration:
number of equations 41337
AC: 100000000000 -2.98519141380022e-33 4.19855036620791e-34 -0.275 6.47464942032645e-12 7.18463056813603e-10 -7.24937706237462e-10 9.44748333900626 -4.29146875152482 -6.89421185794411 4.5850056719063 -2.27308148718883 0.276064608664026
last end -2.750000e-01 -1.000000e+00
number of equations 41337
Iteration: 0
  Device: "bjt"	RelError: 9.80796e+00	AbsError: 3.41625e+16
    Region: "bjt"	RelError: 9.80796e+00	AbsError: 3.41625e+16
      Equation: "ElectronContinuityEquation"	RelError: 4.91158e-01	AbsError: 2.01591e+16
      Equation: "HoleContinuityEquation"	RelError: 4.91283e-01	AbsError: 1.40034e+16
      Equation: "PotentialEquation"	RelError: 8.82552e+00	AbsError: 2.50000e-02
  Circuit: 	RelError: 4.57229e-01	AbsError: 2.50000e-02
Iteration: 1
  Device: "bjt"	RelError: 5.35900e-01	AbsError: 1.24042e+15
    Region: "bjt"	RelError: 5.35900e-01	AbsError: 1.24042e+15
      Equation: "ElectronContinuityEquation"	RelError: 2.51993e-01	AbsError: 6.28641e+14
      Equation: "HoleContinuityEquation"	RelError: 2.52071e-01	AbsError: 6.11775e+14
      Equation: "PotentialEquation"	RelError: 3.18347e-02	AbsError: 3.07775e-04
  Circuit: 	RelError: 2.36918e-01	AbsError: 9.39977e-10
Iteration: 2
  Device: "bjt"	RelError: 2.07340e-03	AbsError: 1.30425e+12
    Region: "bjt"	RelError: 2.07340e-03	AbsError: 1.30425e+12
      Equation: "ElectronContinuityEquation"	RelError: 1.07586e-03	AbsError: 4.03154e+11
      Equation: "HoleContinuityEquation"	RelError: 9.75536e-04	AbsError: 9.01099e+11
      Equation: "PotentialEquation"	RelError: 2.20114e-05	AbsError: 3.94203e-07
  Circuit: 	RelError: 2.34292e-04	AbsError: 9.08058e-13
Iteration: 3
  Device: "bjt"	RelError: 2.63774e-04	AbsError: 3.05093e+06
    Region: "bjt"	RelError: 2.63774e-04	AbsError: 3.05093e+06
      Equation: "ElectronContinuityEquation"	RelError: 6.95915e-06	AbsError: 2.16083e+06
      Equation: "HoleContinuityEquation"	RelError: 2.56815e-04	AbsError: 8.90092e+05
      Equation: "PotentialEquation"	RelError: 7.09179e-11	AbsError: 1.14355e-12
  Circuit: 	RelError: 9.99295e-08	AbsError: 5.91665e-17
Iteration: 4
  Device: "bjt"	RelError: 2.07232e-06	AbsError: 1.66961e+04
    Region: "bjt"	RelError: 2.07232e-06	AbsError: 1.66961e+04
      Equation: "ElectronContinuityEquation"	RelError: 1.15102e-06	AbsError: 8.18634e+03
      Equation: "HoleContinuityEquation"	RelError: 9.21300e-07	AbsError: 8.50975e+03
      Equation: "PotentialEquation"	RelError: 2.57888e-12	AbsError: 3.67171e-15
  Circuit: 	RelError: 5.89462e-09	AbsError: 1.95205e-17
Succeeded
number of equations 41337
Iteration: 0
  Device: "bjt"	RelError: 9.53268e-07	AbsError: 8.32510e+03
    Region: "bjt"	RelError: 9.53268e-07	AbsError: 8.32510e+03
      Equation: "ElectronContinuityEquation"	RelError: 5.45526e-07	AbsError: 8.18635e+03
      Equation: "HoleContinuityEquation"	RelError: 4.07742e-07	AbsError: 1.38753e+02
      Equation: "PotentialEquation"	RelError: 1.20294e-13	AbsError: 1.25771e-16
  Circuit: 	RelError: 3.77592e-09	AbsError: 1.49252e-17
number of equations 41337
Iteration: 0
  Device: "bjt"	RelError: 1.19888e-06	AbsError: 8.28044e+03
    Region: "bjt"	RelError: 1.19888e-06	AbsError: 8.28044e+03
      Equation: "ElectronContinuityEquation"	RelError: 2.46891e-07	AbsError: 8.18636e+03
      Equation: "HoleContinuityEquation"	RelError: 9.51986e-07	AbsError: 9.40850e+01
      Equation: "PotentialEquation"	RelError: 1.33389e-13	AbsError: 1.18964e-16
  Circuit: 	RelError: 2.12998e-09	AbsError: 8.41976e-18
number of equations 41337
Iteration: 0
  Device: "bjt"	RelError: 1.61286e-06	AbsError: 8.30042e+03
    Region: "bjt"	RelError: 1.61286e-06	AbsError: 8.30042e+03
      Equation: "ElectronContinuityEquation"	RelError: 1.17726e-06	AbsError: 8.18635e+03
      Equation: "HoleContinuityEquation"	RelError: 4.35601e-07	AbsError: 1.14065e+02
      Equation: "PotentialEquation"	RelError: 2.83519e-13	AbsError: 1.11022e-16
  Circuit: 	RelError: 3.50372e-09	AbsError: 1.38459e-17
AC Iteration:
number of equations 41337
AC: 1000 3.73148926725027e-34 4.04505356771413e-33 -0.3 1.10006745595804e-11 1.8756477131362e-09 -1.88664838769549e-09 2.4851594011651e-10 -1.37834597663827e-06 7.19437163246094e-08 4.58975229851133e-07 -7.21903715167012e-08 9.19370746720495e-07
AC Iteration:
number of equations 41337
AC: 2154.43469003188 3.73148926725027e-34 4.04505356771413e-33 -0.3 1.10006745595804e-11 1.8756477131362e-09 -1.88664838769549e-09 2.53494824741851e-10 -2.96955638691964e-06 7.19427868387301e-08 9.88832157054488e-07 -7.2198248800864e-08 1.98072422969127e-06
AC Iteration:
number of equations 41337
AC: 4641.58883361278 3.73148926725027e-34 4.04505356771413e-33 -0.3 1.10006745595804e-11 1.8756477131362e-09 -1.88664838769549e-09 2.76194255721903e-10 -6.39771529383586e-06 7.19383176331089e-08 2.1303743017477e-06 -7.22153497140147e-08 4.26734099174869e-06
AC Iteration:
number of equations 41337
AC: 10000 3.73148926725027e-34 4.04505356771413e-33 -0.3 1.10006745595804e-11 1.8756477131362e-09 -1.88664838769549e-09 3.82052179042336e-10 -1.37834597644856e-05 7.19177360292773e-08 4.58975229815502e-06 -7.22988559526633e-08 9.193707465661e-06
AC Iteration:
number of equations 41337
AC: 21544.3469003188 3.73148926725027e-34 4.04505356771413e-33 -0.3 1.10006745595804e-11 1.8756477131362e-09 -1.88664838769549e-09 8.72272582707684e-10 -2.96955638502883e-05 7.18219927176406e-08 9.88832156692006e-06 -7.2695233095002e-08 1.98072422818175e-05
AC Iteration:
number of equations 41337
AC: 46415.8883361278 3.73148926725027e-34 4.04505356771413e-33 -0.3 1.10006745595804e-11 1.8756477131362e-09 -1.88664838769549e-09 3.14815410224283e-09 -6.39771527493344e-05 7.1378091068102e-08 2.13037429814559e-05 -7.45258985563871e-08 4.26734097646322e-05
AC Iteration:
number of equations 41337
AC: 100000 3.73148926725027e-34 4.04505356771413e-33 -0.3 1.10006745595804e-11 1.8756477131362e-09 -1.88664838769549e-09 1.37119017945844e-08 -0.000137834595754333 6.93173441268634e-08 4.5897522621239e-05 -8.30275038297177e-08 9.193707312533e-05
AC Iteration:
number of equations 41337
AC: 215443.469003188 3.73148926725027e-34 4.04505356771413e-33 -0.3 1.10006745595804e-11 1.8756477131362e-09 -1.88664838769549e-09 6.2745576031315e-08 -0.000296955619597118 5.97518408037671e-08 9.8883212065468e-05 -1.22461340190099e-07 0.000198072407523174
AC Iteration:
number of equations 41337
AC: 464158.883361278 3.73148926725027e-34 4.04505356771413e-33 -0.3 1.10006745595804e-11 1.8756477131362e-09 -1.88664838769549e-09 2.90338702751274e-07 -0.00063977133843489 1.53531400658573e-08 0.000213037393775644 -3.05512242255782e-07 0.00042673394470918
AC Iteration:
number of equations 41337
AC: 1000000 3.73148926725027e-34 4.04505356771413e-33 -0.3 1.10006745595804e-11 1.8756477131362e-09 -1.88664838769549e-09 1.34673034418591e-06 -0.00137834406696198 -1.90727530033534e-07 0.00045897486581813 -1.15516225702439e-06 0.000919369201887349
AC Iteration:
number of equations 41337
AC: 2154434.69003189 3.73148926725027e-34 4.04505356771413e-33 -0.3 1.10006745595804e-11 1.8756477131362e-09 -1.88664838769549e-09 6.25002212505402e-06 -0.00296953729030403 -1.14726025026796e-06 0.000988828516750523 -5.09885168372303e-06 0.0019807087816032
AC Iteration:
number of equations 41337
AC: 4641588.83361278 3.73148926725027e-34 4.04505356771413e-33 -0.3 1.10006745595804e-11 1.8756477131362e-09 -1.88664838769549e-09 2.90081195291752e-05 -0.00639752433452729 -5.58690821643344e-06 0.00213033790000194 -2.34030443390574e-05 0.0042671865165344
AC Iteration:
number of equations 41337
AC: 10000000 3.73148926725027e-34 4.04505356771413e-33 -0.3 1.10006745595804e-11 1.8756477131362e-09 -1.88664838769549e-09 0.000134621058187124 -0.0137815504895941 -2.61899671731511e-05 0.00458938834132612 -0.000108346771316424 0.00919216297093832
AC Iteration:
number of equations 41337
AC: 21544346.9003189 3.73148926725027e-34 4.04505356771413e-33 -0.3 1.10006745595804e-11 1.8756477131362e-09 -1.88664838769549e-09 0.000624385367281033 -0.0296764858561579 -0.00012173563975243 0.00988468480965006 -0.000502258549941022 0.019791809271388
AC Iteration:
number of equations 41337
AC: 46415888.3361278 3.73148926725027e-34 4.04505356771413e-33 -0.3 1.10006745595804e-11 1.8756477131362e-09 -1.88664838769549e-09 0.00288807176619219 -0.0637870546759654 -0.000563390883980258 0.0212675053101163 -0.00232286940229929 0.0425196313448444
AC Iteration:
number of equations 41337
AC: 100000000 3.73148926725027e-34 4.04505356771413e-33 -0.3 1.10006745595804e-11 1.8756477131362e-09 -1.88664838769549e-09 0.0131926565921176 -0.135964634730977 -0.00257479280665041 0.0455410552163817 -0.010609544956855 0.0904243863295674
AC Iteration:
number of equations 41337
AC: 215443469.003189 3.73148926725027e-34 4.04505356771413e-33 -0.3 1.10006745595804e-11 1.8756477131362e-09 -1.88664838769549e-09 0.0570477814237289 -0.279572269973876 -0.0111537327399229 0.0955692865777676 -0.0458571958362954 0.184010499870238
AC Iteration:
number of equations 41337
AC: 464158883.361278 3.73148926725027e-34 4.04505356771413e-33 -0.3 1.10006745595804e-11 1.8756477131362e-09 -1.88664838769549e-09 0.201636000507892 -0.508706011920653 -0.0397397092354701 0.188045495867979 -0.161751811506838 0.320717751450223
AC Iteration:
number of equations 41337
AC: 1000000000 3.73148926725027e-34 4.04505356771413e-33 -0.3 1.10006745595804e-11 1.8756477131362e-09 -1.88664838769549e-09 0.457842545395167 -0.76460961084034 -0.0933772628899081 0.341819059820231 -0.363997333630633 0.423070507631734
AC Iteration:
number of equations 41337
AC: 2154434690.03189 3.73148926725027e-34 4.04505356771413e-33 -0.3 1.10006745595804e-11 1.8756477131362e-09 -1.88664838769549e-09 0.734093982825759 -1.17047662049853 -0.168289524517874 0.64370773850752 -0.564260678952457 0.527735508132591
AC Iteration:
number of equations 41337
AC: 4641588833.61278 3.73148926725027e-34 4.04505356771413e-33 -0.3 1.10006745595804e-11 1.8756477131362e-09 -1.88664838769549e-09 1.24508790953552 -1.96909788961848 -0.365734546873914 1.26292068698071 -0.873755399072173 0.709705432928353
AC Iteration:
number of equations 41337
AC: 10000000000 3.73148926725027e-34 4.04505356771413e-33 -0.3 1.10006745595804e-11 1.8756477131362e-09 -1.88664838769549e-09 2.34805397074711 -3.11833226773861 -0.973168022289705 2.35032963411654 -1.35575979355329 0.782310425471756
AC Iteration:
number of equations 41337
AC: 21544346900.3189 3.73148926725027e-34 4.04505356771413e-33 -0.3 1.10006745595804e-11 1.8756477131362e-09 -1.88664838769549e-09 4.37885122049939 -4.34372208282933 -2.51906377129921 3.75316927849228 -1.80213090823019 0.647894179368662
AC Iteration:
number of equations 41337
AC: 46415888336.1278 3.73148926725027e-34 4.04505356771413e-33 -0.3 1.10006745595804e-11 1.8756477131362e-09 -1.88664838769549e-09 7.24979917306392 -4.75455374465084 -5.0320365991011 4.50116213883598 -2.07976486863995 0.45735839807519
AC Iteration:
number of equations 41337
AC: 100000000000 3.73148926725027e-34 4.04505356771413e-33 -0.3 1.10006745595804e-11 1.8756477131362e-09 -1.88664838769549e-09 9.44875820022946 -4.28647195034572 -6.8892807357407 4.58653800093436 -2.27958923954442 0.269619762884973
last end -3.000000e-01 -1.000000e+00
number of equations 41337
Iteration: 0
  Device: "bjt"	RelError: 8.31432e+02	AbsError: 3.42565e+16
    Region: "bjt"	RelError: 8.31432e+02	AbsError: 3.42565e+16
      Equation: "ElectronContinuityEquation"	RelError: 4.91156e-01	AbsError: 2.02316e+16
      Equation: "HoleContinuityEquation"	RelError: 4.91283e-01	AbsError: 1.40249e+16
      Equation: "PotentialEquation"	RelError: 8.30450e+02	AbsError: 2.50000e-02
  Circuit: 	RelError: 4.76707e-01	AbsError: 2.50000e-02
Iteration: 1
  Device: "bjt"	RelError: 2.68885e+00	AbsError: 1.30603e+15
    Region: "bjt"	RelError: 2.68885e+00	AbsError: 1.30603e+15
      Equation: "ElectronContinuityEquation"	RelError: 2.52143e-01	AbsError: 6.98465e+14
      Equation: "HoleContinuityEquation"	RelError: 2.52083e-01	AbsError: 6.07565e+14
      Equation: "PotentialEquation"	RelError: 2.18462e+00	AbsError: 3.28344e-04
  Circuit: 	RelError: 2.44517e-01	AbsError: 2.44932e-09
Iteration: 2
  Device: "bjt"	RelError: 7.11889e-03	AbsError: 1.29820e+12
    Region: "bjt"	RelError: 7.11889e-03	AbsError: 1.29820e+12
      Equation: "ElectronContinuityEquation"	RelError: 1.39899e-03	AbsError: 4.52986e+11
      Equation: "HoleContinuityEquation"	RelError: 1.00689e-03	AbsError: 8.45211e+11
      Equation: "PotentialEquation"	RelError: 4.71301e-03	AbsError: 5.16025e-07
  Circuit: 	RelError: 2.47257e-04	AbsError: 2.47367e-12
Iteration: 3
  Device: "bjt"	RelError: 2.63156e-04	AbsError: 6.73576e+06
    Region: "bjt"	RelError: 2.63156e-04	AbsError: 6.73576e+06
      Equation: "ElectronContinuityEquation"	RelError: 6.14325e-07	AbsError: 5.65444e+06
      Equation: "HoleContinuityEquation"	RelError: 2.62531e-04	AbsError: 1.08132e+06
      Equation: "PotentialEquation"	RelError: 1.05963e-08	AbsError: 2.97761e-12
  Circuit: 	RelError: 2.30316e-07	AbsError: 1.13235e-16
Iteration: 4
  Device: "bjt"	RelError: 1.16005e-06	AbsError: 2.25111e+04
    Region: "bjt"	RelError: 1.16005e-06	AbsError: 2.25111e+04
      Equation: "ElectronContinuityEquation"	RelError: 5.01723e-07	AbsError: 8.18424e+03
      Equation: "HoleContinuityEquation"	RelError: 6.58304e-07	AbsError: 1.43269e+04
      Equation: "PotentialEquation"	RelError: 2.37083e-11	AbsError: 6.23778e-15
  Circuit: 	RelError: 2.07632e-09	AbsError: 1.59966e-17
Succeeded
number of equations 41337
Iteration: 0
  Device: "bjt"	RelError: 4.43299e-07	AbsError: 8.29047e+03
    Region: "bjt"	RelError: 4.43299e-07	AbsError: 8.29047e+03
      Equation: "ElectronContinuityEquation"	RelError: 7.93709e-08	AbsError: 8.18426e+03
      Equation: "HoleContinuityEquation"	RelError: 3.63925e-07	AbsError: 1.06217e+02
      Equation: "PotentialEquation"	RelError: 2.70306e-12	AbsError: 1.11022e-16
  Circuit: 	RelError: 7.04082e-12	AbsError: 6.87515e-20
number of equations 41337
Iteration: 0
  Device: "bjt"	RelError: 8.18257e-07	AbsError: 8.26760e+03
    Region: "bjt"	RelError: 8.18257e-07	AbsError: 8.26760e+03
      Equation: "ElectronContinuityEquation"	RelError: 1.66316e-07	AbsError: 8.18424e+03
      Equation: "HoleContinuityEquation"	RelError: 6.51940e-07	AbsError: 8.33599e+01
      Equation: "PotentialEquation"	RelError: 1.89068e-12	AbsError: 1.11022e-16
  Circuit: 	RelError: 3.13396e-10	AbsError: 3.12998e-18
number of equations 41337
Iteration: 0
  Device: "bjt"	RelError: 4.09520e-07	AbsError: 8.28760e+03
    Region: "bjt"	RelError: 4.09520e-07	AbsError: 8.28760e+03
      Equation: "ElectronContinuityEquation"	RelError: 4.55590e-08	AbsError: 8.18426e+03
      Equation: "HoleContinuityEquation"	RelError: 3.63957e-07	AbsError: 1.03347e+02
      Equation: "PotentialEquation"	RelError: 3.99956e-12	AbsError: 1.24289e-16
  Circuit: 	RelError: 1.89492e-10	AbsError: 1.89872e-18
AC Iteration:
number of equations 41337
AC: 1000 -3.47871096204944e-33 0 -0.325 1.89054201364879e-11 4.89611407440079e-09 -4.91501949453843e-09 4.29341287522731e-10 -1.3935542522589e-06 1.87802312203931e-07 4.5897539004293e-07 -1.88234786182831e-07 9.3457886213877e-07
AC Iteration:
number of equations 41337
AC: 2154.43469003188 -3.47871096204944e-33 0 -0.325 1.89054201364879e-11 4.89611407440079e-09 -4.91501949453843e-09 4.34287226674952e-10 -3.00232162349302e-06 1.8780140088965e-07 9.8883250217814e-07 -1.88241235478685e-07 2.01348912112465e-06
AC Iteration:
number of equations 41337
AC: 4641.58883361278 -3.47871096204944e-33 0 -0.325 1.89054201364879e-11 4.89611407440079e-09 -4.91501949453843e-09 4.57682630774675e-10 -6.46830585613022e-06 1.87796980075481e-07 2.130375045298e-06 -1.88257925315494e-07 4.33793081049389e-06
AC Iteration:
number of equations 41337
AC: 10000 -3.47871096204944e-33 0 -0.325 1.89054201364879e-11 4.89611407440079e-09 -4.91501949453843e-09 5.66011464579149e-10 -1.39355425206298e-05 1.87775975300629e-07 4.58975390005517e-06 -1.88347709596897e-07 9.34578861959476e-06
AC Iteration:
number of equations 41337
AC: 21544.3469003188 -3.47871096204944e-33 0 -0.325 1.89054201364879e-11 4.89611407440079e-09 -4.91501949453843e-09 1.06863995705852e-09 -3.00232162153213e-05 1.87679333824145e-07 9.88832501807623e-06 -1.8874589459684e-07 2.01348911958723e-05
AC Iteration:
number of equations 41337
AC: 46415.8883361278 -3.47871096204944e-33 0 -0.325 1.89054201364879e-11 4.89611407440079e-09 -4.91501949453843e-09 3.40087470836635e-09 -6.46830583653895e-05 1.87230664509704e-07 2.13037504161172e-05 -1.90634240648017e-07 4.33793079452511e-05
AC Iteration:
number of equations 41337
AC: 100000 -3.47871096204944e-33 0 -0.325 1.89054201364879e-11 4.89611407440079e-09 -4.91501949453843e-09 1.42260241389987e-08 -0.000139355423247384 1.85147739999142e-07 4.5897538632352e-05 -1.99364917814923e-07 9.34578846093085e-05
AC Iteration:
number of equations 41337
AC: 215443.469003188 -3.47871096204944e-33 0 -0.325 1.89054201364879e-11 4.89611407440079e-09 -4.91501949453843e-09 6.44727259869227e-08 -0.000300232142563815 1.75479737234322e-07 9.88832464976528e-05 -2.39914250200268e-07 0.00020134889606082
AC Iteration:
number of equations 41337
AC: 464158.883361278 -3.47871096204944e-33 0 -0.325 1.89054201364879e-11 4.89611407440079e-09 -4.91501949453843e-09 2.97699096201159e-07 -0.000646830387756677 1.30604430048735e-07 0.000213037467325456 -4.28121640242469e-07 0.000433792920482389
AC Iteration:
number of equations 41337
AC: 1000000 -3.47871096204944e-33 0 -0.325 1.89054201364879e-11 4.89611407440079e-09 -4.91501949453843e-09 1.38023382302107e-06 -0.00139355227350743 -7.76872175273208e-08 0.00045897501797222 -1.30169535925862e-06 0.000934577256314435
AC Iteration:
number of equations 41337
AC: 2154434.69003189 -3.47871096204944e-33 0 -0.325 1.89054201364879e-11 4.89611407440079e-09 -4.91501949453843e-09 6.40486917209519e-06 -0.00300230183614082 -1.04448279406585e-06 0.000988828781493462 -5.35642819468701e-06 0.0020134730629452
AC Iteration:
number of equations 41337
AC: 4641588.83361278 -3.47871096204944e-33 0 -0.325 1.89054201364879e-11 4.89611407440079e-09 -4.91501949453843e-09 2.97261497501743e-05 -0.00646810798986356 -5.53176027552291e-06 0.0021303378398178 -2.41760234825265e-05 0.00433777023407329
AC Iteration:
number of equations 41337
AC: 10000000 -3.47871096204944e-33 0 -0.325 1.89054201364879e-11 4.89611407440079e-09 -4.91501949453843e-09 0.000137952163159288 -0.0139335641949325 -2.63557637962367e-05 0.00458938190871472 -0.000111511158301591 0.00934418312905842
AC Iteration:
number of equations 41337
AC: 21544346.9003189 -3.47871096204944e-33 0 -0.325 1.89054201364879e-11 4.89611407440079e-09 -4.91501949453843e-09 0.000639824027791725 -0.0300034485836521 -0.000122924134583165 0.00988460804084284 -0.000516504408749075 0.0201188489711986
AC Iteration:
number of equations 41337
AC: 46415888.3361278 -3.47871096204944e-33 0 -0.325 1.89054201364879e-11 4.89611407440079e-09 -4.91501949453843e-09 0.00295925370294997 -0.0644861040727864 -0.000569265680878535 0.0212667163245325 -0.00238815670774907 0.0432194717472458
AC Iteration:
number of equations 41337
AC: 100000000 -3.47871096204944e-33 0 -0.325 1.89054201364879e-11 4.89611407440079e-09 -4.91501949453843e-09 0.0135130716724624 -0.137418712472629 -0.00260115807655433 0.0455333672609779 -0.0109035058789601 0.0918861716184601
AC Iteration:
number of equations 41337
AC: 215443469.003189 -3.47871096204944e-33 0 -0.325 1.89054201364879e-11 4.89611407440079e-09 -4.91501949453843e-09 0.0583466509993288 -0.282255585259408 -0.0112519806334486 0.0955028318542929 -0.0470574641351301 0.186760440984945
AC Iteration:
number of equations 41337
AC: 464158883.361278 -3.47871096204944e-33 0 -0.325 1.89054201364879e-11 4.89611407440079e-09 -4.91501949453843e-09 0.205247715649706 -0.511956358519151 -0.0399055355295649 0.187668900321899 -0.165196778371427 0.324345718558383
AC Iteration:
number of equations 41337
AC: 1000000000 -3.47871096204944e-33 0 -0.325 1.89054201364879e-11 4.89611407440079e-09 -4.91501949453843e-09 0.462664532414059 -0.766953138495613 -0.093141281840599 0.340986847476887 -0.369053870604206 0.426249195032226
AC Iteration:
number of equations 41337
AC: 2154434690.03189 -3.47871096204944e-33 0 -0.325 1.89054201364879e-11 4.89611407440079e-09 -4.91501949453843e-09 0.739685426344698 -1.17406715218715 -0.167634136622228 0.642840682323853 -0.570502785650792 0.53220045683968
AC Iteration:
number of equations 41337
AC: 4641588833.61278 -3.47871096204944e-33 0 -0.325 1.89054201364879e-11 4.89611407440079e-09 -4.91501949453843e-09 1.25468479094505 -1.97295306600141 -0.365070533242721 1.26147699848084 -0.884005367350374 0.715031509762352
AC Iteration:
number of equations 41337
AC: 10000000000 -3.47871096204944e-33 0 -0.325 1.89054201364879e-11 4.89611407440079e-09 -4.91501949453843e-09 2.36020562787125 -3.11789211055371 -0.971411671312886 2.34726092916091 -1.36967046406775 0.785013139333695
AC Iteration:
number of equations 41337
AC: 21544346900.3189 -3.47871096204944e-33 0 -0.325 1.89054201364879e-11 4.89611407440079e-09 -4.91501949453843e-09 4.38840021031361 -4.33848253625672 -2.51399857479485 3.74985540353869 -1.81681358477965 0.646094091272002
AC Iteration:
number of equations 41337
AC: 46415888336.1278 -3.47871096204944e-33 0 -0.325 1.89054201364879e-11 4.89611407440079e-09 -4.91501949453843e-09 7.25439445705833 -4.74834461851535 -5.02529786180115 4.50077081706063 -2.09127324786417 0.451671833235963
AC Iteration:
number of equations 41337
AC: 100000000000 -3.47871096204944e-33 0 -0.325 1.89054201364879e-11 4.89611407440079e-09 -4.91501949453843e-09 9.44975713280635 -4.2815510159928 -6.88407152409749 4.5881360851244 -2.28609500234754 0.263167958023126
last end -3.250000e-01 -1.000000e+00
number of equations 41337
Iteration: 0
  Device: "bjt"	RelError: 5.41940e+01	AbsError: 3.44938e+16
    Region: "bjt"	RelError: 5.41940e+01	AbsError: 3.44938e+16
      Equation: "ElectronContinuityEquation"	RelError: 4.91155e-01	AbsError: 2.02602e+16
      Equation: "HoleContinuityEquation"	RelError: 4.91283e-01	AbsError: 1.42336e+16
      Equation: "PotentialEquation"	RelError: 5.32116e+01	AbsError: 2.50000e-02
  Circuit: 	RelError: 4.84597e-01	AbsError: 2.50000e-02
Iteration: 1
  Device: "bjt"	RelError: 7.33773e-01	AbsError: 1.41085e+15
    Region: "bjt"	RelError: 7.33773e-01	AbsError: 1.41085e+15
      Equation: "ElectronContinuityEquation"	RelError: 2.52275e-01	AbsError: 7.57966e+14
      Equation: "HoleContinuityEquation"	RelError: 2.52083e-01	AbsError: 6.52883e+14
      Equation: "PotentialEquation"	RelError: 2.29414e-01	AbsError: 3.86538e-04
  Circuit: 	RelError: 2.47534e-01	AbsError: 6.38512e-09
Iteration: 2
  Device: "bjt"	RelError: 2.84203e-03	AbsError: 1.46621e+12
    Region: "bjt"	RelError: 2.84203e-03	AbsError: 1.46621e+12
      Equation: "ElectronContinuityEquation"	RelError: 1.68701e-03	AbsError: 5.91790e+11
      Equation: "HoleContinuityEquation"	RelError: 1.00440e-03	AbsError: 8.74421e+11
      Equation: "PotentialEquation"	RelError: 1.50627e-04	AbsError: 6.28731e-07
  Circuit: 	RelError: 2.57017e-04	AbsError: 6.41911e-12
Iteration: 3
  Device: "bjt"	RelError: 1.06582e-04	AbsError: 1.71540e+07
    Region: "bjt"	RelError: 1.06582e-04	AbsError: 1.71540e+07
      Equation: "ElectronContinuityEquation"	RelError: 9.46383e-07	AbsError: 1.47633e+07
      Equation: "HoleContinuityEquation"	RelError: 1.05623e-04	AbsError: 2.39071e+06
      Equation: "PotentialEquation"	RelError: 1.21116e-08	AbsError: 7.75453e-12
  Circuit: 	RelError: 4.44675e-07	AbsError: 3.16959e-16
Iteration: 4
  Device: "bjt"	RelError: 3.74897e-07	AbsError: 4.93815e+04
    Region: "bjt"	RelError: 3.74897e-07	AbsError: 4.93815e+04
      Equation: "ElectronContinuityEquation"	RelError: 2.03333e-07	AbsError: 2.04076e+04
      Equation: "HoleContinuityEquation"	RelError: 1.71555e-07	AbsError: 2.89739e+04
      Equation: "PotentialEquation"	RelError: 9.01705e-12	AbsError: 1.26615e-14
  Circuit: 	RelError: 1.83927e-09	AbsError: 4.59757e-17
Succeeded
number of equations 41337
Iteration: 0
  Device: "bjt"	RelError: 2.96379e-07	AbsError: 9.25447e+03
    Region: "bjt"	RelError: 2.96379e-07	AbsError: 9.25447e+03
      Equation: "ElectronContinuityEquation"	RelError: 3.44072e-08	AbsError: 8.18020e+03
      Equation: "HoleContinuityEquation"	RelError: 2.61972e-07	AbsError: 1.07427e+03
      Equation: "PotentialEquation"	RelError: 9.84676e-14	AbsError: 2.46988e-16
  Circuit: 	RelError: 9.21881e-11	AbsError: 2.37340e-18
number of equations 41337
Iteration: 0
  Device: "bjt"	RelError: 3.09454e-07	AbsError: 8.26769e+03
    Region: "bjt"	RelError: 3.09454e-07	AbsError: 8.26769e+03
      Equation: "ElectronContinuityEquation"	RelError: 4.74820e-08	AbsError: 8.18020e+03
      Equation: "HoleContinuityEquation"	RelError: 2.61971e-07	AbsError: 8.74867e+01
      Equation: "PotentialEquation"	RelError: 5.92720e-14	AbsError: 1.13977e-16
  Circuit: 	RelError: 8.08640e-11	AbsError: 2.08755e-18
number of equations 41337
Iteration: 0
  Device: "bjt"	RelError: 8.35965e-08	AbsError: 8.27133e+03
    Region: "bjt"	RelError: 8.35965e-08	AbsError: 8.27133e+03
      Equation: "ElectronContinuityEquation"	RelError: 4.89207e-08	AbsError: 8.18020e+03
      Equation: "HoleContinuityEquation"	RelError: 3.46756e-08	AbsError: 9.11312e+01
      Equation: "PotentialEquation"	RelError: 1.47193e-13	AbsError: 1.11022e-16
  Circuit: 	RelError: 2.01260e-10	AbsError: 5.18451e-18
AC Iteration:
number of equations 41337
AC: 1000 1.92592994438724e-34 0 -0.35 3.30357774200332e-11 1.27791329944484e-08 -1.28121687718685e-08 7.64923876728547e-10 -1.41000877873686e-06 4.90138469696346e-07 4.58975812308895e-07 -4.90909669072671e-07 9.51032966341805e-07
AC Iteration:
number of equations 41337
AC: 2154.43469003188 1.92592994438724e-34 0 -0.35 3.30357774200332e-11 1.27791329944484e-08 -1.28121687718685e-08 7.70055134167071e-10 -3.03777182614441e-06 4.90137485416894e-07 9.88833411920548e-07 -4.90910357264043e-07 2.04893841406925e-06
AC Iteration:
number of equations 41337
AC: 4641.58883361278 1.92592994438724e-34 0 -0.35 3.30357774200332e-11 1.27791329944484e-08 -1.28121687718685e-08 7.94109447729205e-10 -6.54468100248386e-06 4.9013293644547e-07 2.13037700527453e-06 -4.90933075005849e-07 4.4143039968588e-06
AC Iteration:
number of equations 41337
AC: 10000 1.92592994438724e-34 0 -0.35 3.30357774200332e-11 1.27791329944484e-08 -1.28121687718685e-08 9.05197464907524e-10 -1.41000877853359e-05 4.90111870540911e-07 4.58975812271183e-06 -4.91019315874327e-07 9.51032966184883e-06
AC Iteration:
number of equations 41337
AC: 21544.3469003188 1.92592994438724e-34 0 -0.35 3.30357774200332e-11 1.27791329944484e-08 -1.28121687718685e-08 1.42123888313109e-09 -3.03777182410753e-05 4.90014047039856e-07 9.88833411542741e-06 -4.91438930209375e-07 2.04893841238501e-05
AC Iteration:
number of equations 41337
AC: 46415.8883361278 1.92592994438724e-34 0 -0.35 3.30357774200332e-11 1.27791329944484e-08 -1.28121687718685e-08 3.81563762403325e-09 -6.54468098212945e-05 4.895600944516e-07 2.13037700150333e-05 -4.93379929841157e-07 4.41430398024522e-05
AC Iteration:
number of equations 41337
AC: 100000 1.92592994438724e-34 0 -0.35 3.30357774200332e-11 1.27791329944484e-08 -1.28121687718685e-08 1.49299288813239e-08 -0.000141000875817715 4.87452929408074e-07 4.58975808499276e-05 -5.02378618000258e-07 9.51032949598934e-05
AC Iteration:
number of equations 41337
AC: 215443.469003188 1.92592994438724e-34 0 -0.35 3.30357774200332e-11 1.27791329944484e-08 -1.28121687718685e-08 6.65180468491921e-08 -0.000303777162054962 4.77672369168622e-07 9.88833373824855e-05 -5.44152553272205e-07 0.000204893824666359
AC Iteration:
number of equations 41337
AC: 464158.883361278 1.92592994438724e-34 0 -0.35 3.30357774200332e-11 1.27791329944484e-08 -1.28121687718685e-08 3.05966536180631e-07 -0.000654467894655491 4.32275043119186e-07 0.00021303766243183 -7.38062237365049e-07 0.000441430232269722
AC Iteration:
number of equations 41337
AC: 1000000 1.92592994438724e-34 0 -0.35 3.30357774200332e-11 1.27791329944484e-08 -1.28121687718685e-08 1.41738703843217e-06 -0.00141000672260946 2.2155979098335e-07 0.000458975431316691 -1.63808754385774e-06 0.000951031292096951
AC Iteration:
number of equations 41337
AC: 2154434.69003189 1.92592994438724e-34 0 -0.35 3.30357774200332e-11 1.27791329944484e-08 -1.28121687718685e-08 6.57609583119868e-06 -0.00303775126503636 -7.56484649604298e-07 0.000988829602031275 -5.8156107323388e-06 0.0020489216715055
AC Iteration:
number of equations 41337
AC: 4641588.83361278 1.92592994438724e-34 0 -0.35 3.30357774200332e-11 1.27791329944484e-08 -1.28121687718685e-08 3.05196359889803e-05 -0.00654447539914023 -5.29596798937228e-06 0.00213033890780716 -2.52050863170991e-05 0.0044141365776406
AC Iteration:
number of equations 41337
AC: 10000000 1.92592994438724e-34 0 -0.35 3.30357774200332e-11 1.27791329944484e-08 -1.28121687718685e-08 0.000141632804392808 -0.014098032110399 -2.63621421588188e-05 0.00458937721442498 -0.000115184412396862 0.00950865576142368
AC Iteration:
number of equations 41337
AC: 21544346.9003189 1.92592994438724e-34 0 -0.35 3.30357774200332e-11 1.27791329944484e-08 -1.28121687718685e-08 0.000656881537909736 -0.0303571781162592 -0.000124051384601541 0.00988452811137949 -0.000532430005562578 0.0204726586583308
AC Iteration:
number of equations 41337
AC: 46415888.3361278 1.92592994438724e-34 0 -0.35 3.30357774200332e-11 1.27791329944484e-08 -1.28121687718685e-08 0.00303788517177301 -0.0652421766839669 -0.000575527505138863 0.0212658522156613 -0.00246050489339145 0.0439764106998976
AC Iteration:
number of equations 41337
AC: 100000000 1.92592994438724e-34 0 -0.35 3.30357774200332e-11 1.27791329944484e-08 -1.28121687718685e-08 0.0138667348026215 -0.138989455303332 -0.00262983810183765 0.0455248675508496 -0.0112283929585484 0.0934654357860447
AC Iteration:
number of equations 41337
AC: 215443469.003189 1.92592994438724e-34 0 -0.35 3.30357774200332e-11 1.27791329944484e-08 -1.28121687718685e-08 0.0597754082827658 -0.285138472864741 -0.0113587635468925 0.0954294341783574 -0.048379058826208 0.189716914483311
AC Iteration:
number of equations 41337
AC: 464158883.361278 1.92592994438724e-34 0 -0.35 3.30357774200332e-11 1.27791329944484e-08 -1.28121687718685e-08 0.209176431334277 -0.515378577009154 -0.0400810893613951 0.187256965829859 -0.168948969431499 0.328180986499799
AC Iteration:
number of equations 41337
AC: 1000000000 1.92592994438724e-34 0 -0.35 3.30357774200332e-11 1.27791329944484e-08 -1.28121687718685e-08 0.467814830661989 -0.769335262371135 -0.0928740699527297 0.340090636507122 -0.374469925969129 0.429530678125975
AC Iteration:
number of equations 41337
AC: 2154434690.03189 1.92592994438724e-34 0 -0.35 3.30357774200332e-11 1.27791329944484e-08 -1.28121687718685e-08 0.745612234582446 -1.17774781323016 -0.166908235301849 0.641914509534466 -0.577150651602291 0.536815093641137
AC Iteration:
number of equations 41337
AC: 4641588833.61278 1.92592994438724e-34 0 -0.35 3.30357774200332e-11 1.27791329944484e-08 -1.28121687718685e-08 1.26475290311838 -1.97678147421065 -0.364285710422988 1.25996451491116 -0.894847451784739 0.720400951720783
AC Iteration:
number of equations 41337
AC: 10000000000 1.92592994438724e-34 0 -0.35 3.30357774200332e-11 1.27791329944484e-08 -1.28121687718685e-08 2.37262988115781 -3.11723314829832 -0.969397057260785 2.34418885400311 -1.38411333228164 0.787502083020389
AC Iteration:
number of equations 41337
AC: 21544346900.3189 1.92592994438724e-34 0 -0.35 3.30357774200332e-11 1.27791329944484e-08 -1.28121687718685e-08 4.39788304592364 -4.33327309464509 -2.50856757455065 3.74691711743835 -1.83179551321056 0.643947624643145
AC Iteration:
number of equations 41337
AC: 46415888336.1278 1.92592994438724e-34 0 -0.35 3.30357774200332e-11 1.27791329944484e-08 -1.28121687718685e-08 7.2591877402764 -4.74274574849072 -5.01869733198681 4.50129473010684 -2.10282397178078 0.445685650115584
AC Iteration:
number of equations 41337
AC: 100000000000 1.92592994438724e-34 0 -0.35 3.30357774200332e-11 1.27791329944484e-08 -1.28121687718685e-08 9.45150432172853 -4.27723361084091 -6.87966913575082 4.5905369659588 -2.29250384090446 0.256561539077967
last end -3.500000e-01 -1.000000e+00
number of equations 41337
Iteration: 0
  Device: "bjt"	RelError: 5.03019e+01	AbsError: 3.49651e+16
    Region: "bjt"	RelError: 5.03019e+01	AbsError: 3.49651e+16
      Equation: "ElectronContinuityEquation"	RelError: 4.91154e-01	AbsError: 2.02322e+16
      Equation: "HoleContinuityEquation"	RelError: 4.91283e-01	AbsError: 1.47329e+16
      Equation: "PotentialEquation"	RelError: 4.93194e+01	AbsError: 2.50000e-02
  Circuit: 	RelError: 4.87669e-01	AbsError: 2.50000e-02
Iteration: 1
  Device: "bjt"	RelError: 7.35727e-01	AbsError: 1.50973e+15
    Region: "bjt"	RelError: 7.35727e-01	AbsError: 1.50973e+15
      Equation: "ElectronContinuityEquation"	RelError: 2.52364e-01	AbsError: 8.02007e+14
      Equation: "HoleContinuityEquation"	RelError: 2.52093e-01	AbsError: 7.07720e+14
      Equation: "PotentialEquation"	RelError: 2.31270e-01	AbsError: 4.19921e-04
  Circuit: 	RelError: 2.48683e-01	AbsError: 1.66574e-08
Iteration: 2
  Device: "bjt"	RelError: 3.06199e-03	AbsError: 1.79776e+12
    Region: "bjt"	RelError: 3.06199e-03	AbsError: 1.79776e+12
      Equation: "ElectronContinuityEquation"	RelError: 1.88818e-03	AbsError: 7.00091e+11
      Equation: "HoleContinuityEquation"	RelError: 9.83414e-04	AbsError: 1.09767e+12
      Equation: "PotentialEquation"	RelError: 1.90391e-04	AbsError: 6.24775e-07
  Circuit: 	RelError: 2.70033e-04	AbsError: 1.80662e-11
Iteration: 3
  Device: "bjt"	RelError: 1.06088e-04	AbsError: 4.45432e+07
    Region: "bjt"	RelError: 1.06088e-04	AbsError: 4.45432e+07
      Equation: "ElectronContinuityEquation"	RelError: 1.62674e-06	AbsError: 3.84213e+07
      Equation: "HoleContinuityEquation"	RelError: 1.04451e-04	AbsError: 6.12193e+06
      Equation: "PotentialEquation"	RelError: 1.03629e-08	AbsError: 2.01645e-11
  Circuit: 	RelError: 9.33790e-07	AbsError: 7.22809e-16
Iteration: 4
  Device: "bjt"	RelError: 1.41668e-07	AbsError: 1.08181e+05
    Region: "bjt"	RelError: 1.41668e-07	AbsError: 1.08181e+05
      Equation: "ElectronContinuityEquation"	RelError: 3.85689e-08	AbsError: 5.39273e+04
      Equation: "HoleContinuityEquation"	RelError: 1.03088e-07	AbsError: 5.42535e+04
      Equation: "PotentialEquation"	RelError: 1.11090e-11	AbsError: 1.92449e-14
  Circuit: 	RelError: 1.84924e-10	AbsError: 9.21062e-18
Succeeded
number of equations 41337
Iteration: 0
  Device: "bjt"	RelError: 9.44733e-08	AbsError: 8.34049e+03
    Region: "bjt"	RelError: 9.44733e-08	AbsError: 8.34049e+03
      Equation: "ElectronContinuityEquation"	RelError: 3.85548e-08	AbsError: 8.18020e+03
      Equation: "HoleContinuityEquation"	RelError: 5.59179e-08	AbsError: 1.60294e+02
      Equation: "PotentialEquation"	RelError: 5.49376e-13	AbsError: 1.32643e-16
  Circuit: 	RelError: 2.38442e-10	AbsError: 1.59511e-17
number of equations 41337
Iteration: 0
  Device: "bjt"	RelError: 6.22740e-08	AbsError: 8.27011e+03
    Region: "bjt"	RelError: 6.22740e-08	AbsError: 8.27011e+03
      Equation: "ElectronContinuityEquation"	RelError: 2.02120e-08	AbsError: 8.18020e+03
      Equation: "HoleContinuityEquation"	RelError: 4.20612e-08	AbsError: 8.99095e+01
      Equation: "PotentialEquation"	RelError: 7.39261e-13	AbsError: 1.11022e-16
  Circuit: 	RelError: 2.46071e-11	AbsError: 1.64907e-18
number of equations 41337
Iteration: 0
  Device: "bjt"	RelError: 6.58974e-08	AbsError: 8.27095e+03
    Region: "bjt"	RelError: 6.58974e-08	AbsError: 8.27095e+03
      Equation: "ElectronContinuityEquation"	RelError: 3.85895e-08	AbsError: 8.18020e+03
      Equation: "HoleContinuityEquation"	RelError: 2.73075e-08	AbsError: 9.07531e+01
      Equation: "PotentialEquation"	RelError: 4.65086e-13	AbsError: 1.11022e-16
  Circuit: 	RelError: 1.89421e-10	AbsError: 1.26723e-17
AC Iteration:
number of equations 41337
AC: 1000 -7.70371977754894e-34 1.15555796663234e-33 -0.375 5.90949996908407e-11 3.33499498008718e-08 -3.34090448005625e-08 1.42221077458815e-09 -1.42788380975815e-06 1.27897058046826e-06 4.58976927442326e-07 -1.2803937803192e-06 9.68906882239885e-07
AC Iteration:
number of equations 41337
AC: 2154.43469003188 -7.70371977754894e-34 1.15555796663234e-33 -0.375 5.90949996908407e-11 3.33499498008718e-08 -3.34090448005625e-08 1.42748205028744e-09 -3.07628241306142e-06 1.27896959553287e-06 9.88835814402917e-07 -1.28039962741539e-06 2.08744659849832e-06
AC Iteration:
number of equations 41337
AC: 4641.58883361278 -7.70371977754894e-34 1.15555796663234e-33 -0.375 5.90949996908407e-11 3.33499498008718e-08 -3.34090448005625e-08 1.4521870369437e-09 -6.62764954686703e-06 1.27896498539735e-06 2.13038218126455e-06 -1.28041773065866e-06 4.49726736539573e-06
AC Iteration:
number of equations 41337
AC: 10000 -7.70371977754894e-34 1.15555796663234e-33 -0.375 5.90949996908407e-11 3.33499498008718e-08 -3.34090448005625e-08 1.5667260924314e-09 -1.42788380954624e-05 1.27894366389601e-06 4.58976927403786e-06 -1.2805103828618e-06 9.68906882090912e-06
AC Iteration:
number of equations 41337
AC: 21544.3469003188 -7.70371977754894e-34 1.15555796663234e-33 -0.375 5.90949996908407e-11 3.33499498008718e-08 -3.34090448005625e-08 2.09774122818825e-09 -3.07628241093869e-05 1.27884461817284e-06 9.8883581401603e-06 -1.28094694185161e-06 2.08744659676017e-05
AC Iteration:
number of equations 41337
AC: 46415.8883361278 -7.70371977754894e-34 1.15555796663234e-33 -0.375 5.90949996908407e-11 3.33499498008718e-08 -3.34090448005625e-08 4.561691981032e-09 -6.62764952564345e-05 1.2783849234175e-06 2.13038217739435e-05 -1.28294508187723e-06 4.49726734797697e-05
AC Iteration:
number of equations 41337
AC: 100000 -7.70371977754894e-34 1.15555796663234e-33 -0.375 5.90949996908407e-11 3.33499498008718e-08 -3.34090448005625e-08 1.59947471635004e-08 -0.000142788378833172 1.27625120313921e-06 4.58976923533948e-05 -1.29223858967753e-06 9.68906864748799e-05
AC Iteration:
number of equations 41337
AC: 215443.469003188 -7.70371977754894e-34 1.15555796663234e-33 -0.375 5.90949996908407e-11 3.33499498008718e-08 -3.34090448005625e-08 6.9066531567879e-08 -0.000307628219879542 1.26634738477119e-06 9.88835775319409e-05 -1.33537509214493e-06 0.000208744642343882
AC Iteration:
number of equations 41337
AC: 464158.883361278 -7.70371977754894e-34 1.15555796663234e-33 -0.375 5.90949996908407e-11 3.33499498008718e-08 -3.34090448005625e-08 3.15400237672202e-07 -0.000662764740420837 1.22037792184887e-06 0.000213038179042787 -1.53559135672354e-06 0.000449726561434053
AC Iteration:
number of equations 41337
AC: 1000000 -7.70371977754894e-34 1.15555796663234e-33 -0.375 5.90949996908407e-11 3.33499498008718e-08 -3.34090448005625e-08 1.45878342075381e-06 -0.00142788166688979 1.00700698076602e-06 0.000458976536566346 -2.4649190211469e-06 0.000968905131155205
AC Iteration:
number of equations 41337
AC: 2154434.69003189 -7.70371977754894e-34 1.15555796663234e-33 -0.375 5.90949996908407e-11 3.33499498008718e-08 -3.34090448005625e-08 6.76584531246376e-06 -0.00307626098455827 1.6636351655709e-08 0.00098883190567646 -6.77843275408396e-06 0.00208742908762889
AC Iteration:
number of equations 41337
AC: 4641588.83361278 -7.70371977754894e-34 1.15555796663234e-33 -0.375 5.90949996908407e-11 3.33499498008718e-08 -3.34090448005625e-08 3.13979221789067e-05 -0.00662743527007786 -4.58005235931498e-06 0.00213034309550116 -2.67990486860657e-05 0.00449709226343454
AC Iteration:
number of equations 41337
AC: 10000000 -7.70371977754894e-34 1.15555796663234e-33 -0.375 5.90949996908407e-11 3.33499498008718e-08 -3.34090448005625e-08 0.000145705718232407 -0.0142766957108857 -2.59115845340466e-05 0.00458937848625905 -0.000119706784600046 0.00968731811518533
AC Iteration:
number of equations 41337
AC: 21544346.9003189 -7.70371977754894e-34 1.15555796663234e-33 -0.375 5.90949996908407e-11 3.33499498008718e-08 -3.34090448005625e-08 0.00067575523123014 -0.0307414180363791 -0.000124828941766585 0.00988445350261164 -0.000550521084485794 0.0208569734357156
AC Iteration:
number of equations 41337
AC: 46415888.3361278 -7.70371977754894e-34 1.15555796663234e-33 -0.375 5.90949996908407e-11 3.33499498008718e-08 -3.34090448005625e-08 0.00312487244533889 -0.0660632555928604 -0.000581929213724026 0.021264925078558 -0.00254106716589766 0.0447984192140288
AC Iteration:
number of equations 41337
AC: 100000000 -7.70371977754894e-34 1.15555796663234e-33 -0.375 5.90949996908407e-11 3.33499498008718e-08 -3.34090448005625e-08 0.0142576651595036 -0.140693279927197 -0.00266076134698804 0.0455155245349894 -0.0115882959018292 0.0951786273316963
AC Iteration:
number of equations 41337
AC: 215443469.003189 -7.70371977754894e-34 1.15555796663234e-33 -0.375 5.90949996908407e-11 3.33499498008718e-08 -3.34090448005625e-08 0.06134939848279 -0.288250014940758 -0.0114745573224539 0.0953486042524254 -0.0498368454290669 0.192909493845145
AC Iteration:
number of equations 41337
AC: 464158883.361278 -7.70371977754894e-34 1.15555796663234e-33 -0.375 5.90949996908407e-11 3.33499498008718e-08 -3.34090448005625e-08 0.21345913092171 -0.519007645731617 -0.0402673366781451 0.186807494712278 -0.173044392144656 0.332260741813932
AC Iteration:
number of equations 41337
AC: 1000000000 -7.70371977754894e-34 1.15555796663234e-33 -0.375 5.90949996908407e-11 3.33499498008718e-08 -3.34090448005625e-08 0.473350802504982 -0.771793247945587 -0.092578286136988 0.339125705954598 -0.380300180363484 0.4329569785145
AC Iteration:
number of equations 41337
AC: 2154434690.03189 -7.70371977754894e-34 1.15555796663234e-33 -0.375 5.90949996908407e-11 3.33499498008718e-08 -3.34090448005625e-08 0.751966015044523 -1.1815498332663 -0.16611972405327 0.640914790692746 -0.584287939728439 0.541625198535279
AC Iteration:
number of equations 41337
AC: 4641588833.61278 -7.70371977754894e-34 1.15555796663234e-33 -0.375 5.90949996908407e-11 3.33499498008718e-08 -3.34090448005625e-08 1.2754250437737 -1.98058125106624 -0.363403528077175 1.25835136946797 -0.906391006012924 0.72584413963792
AC Iteration:
number of equations 41337
AC: 10000000000 -7.70371977754894e-34 1.15555796663234e-33 -0.375 5.90949996908407e-11 3.33499498008718e-08 -3.34090448005625e-08 2.38556481037939 -3.11626209819547 -0.967244227685648 2.34100277321003 -1.39920699867892 0.789796066695039
AC Iteration:
number of equations 41337
AC: 21544346900.3189 -7.70371977754894e-34 1.15555796663234e-33 -0.375 5.90949996908407e-11 3.33499498008718e-08 -3.34090448005625e-08 4.40764370897886 -4.32750541123064 -2.50299843014387 3.7437644499756 -1.84720074881105 0.641460986832653
AC Iteration:
number of equations 41337
AC: 46415888336.1278 -7.70371977754894e-34 1.15555796663234e-33 -0.375 5.90949996908407e-11 3.33499498008718e-08 -3.34090448005625e-08 7.26372583017512 -4.73643094935317 -5.01169631509894 4.50139589678986 -2.11454041489376 0.439399287012673
AC Iteration:
number of equations 41337
AC: 100000000000 -7.70371977754894e-34 1.15555796663234e-33 -0.375 5.90949996908407e-11 3.33499498008718e-08 -3.34090448005625e-08 9.45252279483435 -4.27255163631019 -6.87453056563656 4.5926923587403 -2.29894376585791 0.249792109131028
last end -3.750000e-01 -1.000000e+00
number of equations 41337
Iteration: 0
  Device: "bjt"	RelError: 6.44954e+01	AbsError: 3.56814e+16
    Region: "bjt"	RelError: 6.44954e+01	AbsError: 3.56814e+16
      Equation: "ElectronContinuityEquation"	RelError: 4.91152e-01	AbsError: 2.02207e+16
      Equation: "HoleContinuityEquation"	RelError: 4.91283e-01	AbsError: 1.54607e+16
      Equation: "PotentialEquation"	RelError: 6.35130e+01	AbsError: 2.50000e-02
  Circuit: 	RelError: 4.88833e-01	AbsError: 2.50001e-02
Iteration: 1
  Device: "bjt"	RelError: 2.14281e+00	AbsError: 1.58685e+15
    Region: "bjt"	RelError: 2.14281e+00	AbsError: 1.58685e+15
      Equation: "ElectronContinuityEquation"	RelError: 2.52398e-01	AbsError: 8.26167e+14
      Equation: "HoleContinuityEquation"	RelError: 2.52180e-01	AbsError: 7.60687e+14
      Equation: "PotentialEquation"	RelError: 1.63824e+00	AbsError: 4.24290e-04
  Circuit: 	RelError: 2.49099e-01	AbsError: 4.34463e-08
Iteration: 2
  Device: "bjt"	RelError: 3.63049e-03	AbsError: 1.94039e+12
    Region: "bjt"	RelError: 3.63049e-03	AbsError: 1.94039e+12
      Equation: "ElectronContinuityEquation"	RelError: 1.97270e-03	AbsError: 6.88529e+11
      Equation: "HoleContinuityEquation"	RelError: 1.23567e-03	AbsError: 1.25186e+12
      Equation: "PotentialEquation"	RelError: 4.22116e-04	AbsError: 8.75264e-07
  Circuit: 	RelError: 2.84511e-04	AbsError: 4.96002e-11
Iteration: 3
  Device: "bjt"	RelError: 1.04705e-04	AbsError: 1.14876e+08
    Region: "bjt"	RelError: 1.04705e-04	AbsError: 1.14876e+08
      Equation: "ElectronContinuityEquation"	RelError: 1.78403e-06	AbsError: 9.95254e+07
      Equation: "HoleContinuityEquation"	RelError: 1.02811e-04	AbsError: 1.53505e+07
      Equation: "PotentialEquation"	RelError: 1.10222e-07	AbsError: 5.21220e-11
  Circuit: 	RelError: 1.62209e-06	AbsError: 2.09988e-15
Iteration: 4
  Device: "bjt"	RelError: 1.50564e-08	AbsError: 1.49392e+05
    Region: "bjt"	RelError: 1.50564e-08	AbsError: 1.49392e+05
      Equation: "ElectronContinuityEquation"	RelError: 8.41619e-09	AbsError: 8.69083e+04
      Equation: "HoleContinuityEquation"	RelError: 6.62556e-09	AbsError: 6.24834e+04
      Equation: "PotentialEquation"	RelError: 1.46548e-11	AbsError: 3.22456e-14
  Circuit: 	RelError: 5.04204e-11	AbsError: 7.55274e-18
Succeeded
number of equations 41337
Iteration: 0
  Device: "bjt"	RelError: 5.65881e-08	AbsError: 9.51718e+03
    Region: "bjt"	RelError: 5.65881e-08	AbsError: 9.51718e+03
      Equation: "ElectronContinuityEquation"	RelError: 1.60783e-08	AbsError: 8.18018e+03
      Equation: "HoleContinuityEquation"	RelError: 4.05095e-08	AbsError: 1.33700e+03
      Equation: "PotentialEquation"	RelError: 2.54144e-13	AbsError: 7.19842e-16
  Circuit: 	RelError: 1.24618e-10	AbsError: 2.17139e-17
number of equations 41337
Iteration: 0
  Device: "bjt"	RelError: 5.37180e-08	AbsError: 8.30267e+03
    Region: "bjt"	RelError: 5.37180e-08	AbsError: 8.30267e+03
      Equation: "ElectronContinuityEquation"	RelError: 1.26643e-08	AbsError: 8.18018e+03
      Equation: "HoleContinuityEquation"	RelError: 4.10533e-08	AbsError: 1.22488e+02
      Equation: "PotentialEquation"	RelError: 4.02993e-13	AbsError: 1.11022e-16
  Circuit: 	RelError: 4.20310e-11	AbsError: 7.32347e-18
number of equations 41337
Iteration: 0
  Device: "bjt"	RelError: 6.92336e-08	AbsError: 8.30350e+03
    Region: "bjt"	RelError: 6.92336e-08	AbsError: 8.30350e+03
      Equation: "ElectronContinuityEquation"	RelError: 2.81732e-08	AbsError: 8.18018e+03
      Equation: "HoleContinuityEquation"	RelError: 4.10597e-08	AbsError: 1.23324e+02
      Equation: "PotentialEquation"	RelError: 6.51368e-13	AbsError: 2.15191e-16
  Circuit: 	RelError: 1.25345e-11	AbsError: 2.18428e-18
AC Iteration:
number of equations 41337
AC: 1000 -9.68983503269828e-34 -8.64595162374682e-33 -0.4 1.09090644850111e-10 8.70217156348892e-08 -8.71308062797395e-08 2.77171088999927e-09 -1.44736488168502e-06 3.33680642756735e-06 4.58979876115093e-07 -3.3395783090683e-06 9.88385005507675e-07
AC Iteration:
number of equations 41337
AC: 2154.43469003188 -9.68983503269828e-34 -8.64595162374682e-33 -0.4 1.09090644850111e-10 8.70217156348892e-08 -8.71308062797395e-08 2.77717983853728e-09 -3.11825311021872e-06 3.3368054520791e-06 9.88842167126608e-07 -3.33958251095449e-06 2.12941094294806e-06
AC Iteration:
number of equations 41337
AC: 4641.58883361278 -9.68983503269828e-34 -8.64595162374682e-33 -0.4 1.09090644850111e-10 8.70217156348892e-08 -8.71308062797395e-08 2.8025478528401e-09 -6.71807267277871e-06 3.33680079871298e-06 2.13039586779326e-06 -3.33960465167438e-06 4.58767680471567e-06
AC Iteration:
number of equations 41337
AC: 10000 -9.68983503269828e-34 -8.64595162374682e-33 -0.4 1.09090644850111e-10 8.70217156348892e-08 -8.71308062797395e-08 2.92020025553768e-09 -1.44736488146425e-05 3.33677915253929e-06 4.58979876075705e-06 -3.33969492080996e-06 9.88385005336978e-06
AC Iteration:
number of equations 41337
AC: 21544.3469003188 -9.68983503269828e-34 -8.64595162374682e-33 -0.4 1.09090644850111e-10 8.70217156348892e-08 -8.71308062797395e-08 3.46774990061691e-09 -3.1182531080002e-05 3.33667876540417e-06 9.88842166728725e-06 -3.34015030920666e-06 2.1294109411133e-05
AC Iteration:
number of equations 41337
AC: 46415.8883361278 -9.68983503269828e-34 -8.64595162374682e-33 -0.4 1.09090644850111e-10 8.70217156348892e-08 -8.71308062797395e-08 6.00707577777631e-09 -6.71807265060214e-05 3.33621277381234e-06 2.13039586381333e-05 -3.34221269943333e-06 4.58767678657566e-05
AC Iteration:
number of equations 41337
AC: 100000 -9.68983503269828e-34 -8.64595162374682e-33 -0.4 1.09090644850111e-10 8.70217156348892e-08 -8.71308062797395e-08 1.77952131513538e-08 -0.00014473648592846 3.33404991298724e-06 4.58979872097086e-05 -3.35183558338862e-06 9.88384987134441e-05
AC Iteration:
number of equations 41337
AC: 215443.469003188 -9.68983503269828e-34 -8.64595162374682e-33 -0.4 1.09090644850111e-10 8.70217156348892e-08 -8.71308062797395e-08 7.25130069292283e-08 -0.000311825288620284 3.32401091598509e-06 9.88842126946703e-05 -3.39648309268336e-06 0.000212941075919811
AC Iteration:
number of equations 41337
AC: 464158.883361278 -9.68983503269828e-34 -8.64595162374682e-33 -0.4 1.09090644850111e-10 8.70217156348892e-08 -8.71308062797395e-08 3.2648480387637e-07 -0.000671807043262149 3.2774137568626e-06 0.000213039546598683 -3.6036980020906e-06 0.000458767496740052
AC Iteration:
number of equations 41337
AC: 1000000 -9.68983503269828e-34 -8.64595162374682e-33 -0.4 1.09090644850111e-10 8.70217156348892e-08 -8.71308062797395e-08 1.5053168177354e-06 -0.00144736264131495 3.06112945439157e-06 0.000458979474271249 -4.56555931198472e-06 0.000988383167916885
AC Iteration:
number of equations 41337
AC: 2154434.69003189 -9.68983503269828e-34 -8.64595162374682e-33 -0.4 1.09090644850111e-10 8.70217156348892e-08 -8.71308062797395e-08 6.9769153248769e-06 -0.00311823070671647 2.0572366138521e-06 0.00098883814872062 -9.03004072292026e-06 0.00212939256706839
AC Iteration:
number of equations 41337
AC: 4641588.83361278 -9.68983503269828e-34 -8.64595162374682e-33 -0.4 1.09090644850111e-10 8.70217156348892e-08 -8.71308062797395e-08 3.23726355598728e-05 -0.00671784864664143 -2.60220785413252e-06 0.00213035568533012 -2.97513490344025e-05 0.00458749305294174
AC Iteration:
number of equations 41337
AC: 10000000 -9.68983503269828e-34 -8.64595162374682e-33 -0.4 1.09090644850111e-10 8.70217156348892e-08 -8.71308062797395e-08 0.000150223506882426 -0.014471408965169 -2.42248400609601e-05 0.00458939700999417 -0.000125910132119018 0.00988201287315468
AC Iteration:
number of equations 41337
AC: 21544346.9003189 -9.68983503269828e-34 -8.64595162374682e-33 -0.4 1.09090644850111e-10 8.70217156348892e-08 -8.71308062797395e-08 0.000696687342741561 -0.0311601516831188 -0.000124489357216042 0.0098844075834377 -0.000571787258112631 0.0212757532776219
AC Iteration:
number of equations 41337
AC: 46415888.3361278 -9.68983503269828e-34 -8.64595162374682e-33 -0.4 1.09090644850111e-10 8.70217156348892e-08 -8.71308062797395e-08 0.00322132636674352 -0.0669578147031156 -0.000587756966385135 0.0212639759410383 -0.00263166794137407 0.045693930200338
AC Iteration:
number of equations 41337
AC: 100000000 -9.68983503269828e-34 -8.64595162374682e-33 -0.4 1.09090644850111e-10 8.70217156348892e-08 -8.71308062797395e-08 0.0146907670715087 -0.142547417378463 -0.0026934389631701 0.0455053394409376 -0.0119886068299687 0.09704297636196
AC Iteration:
number of equations 41337
AC: 215443469.003189 -9.68983503269828e-34 -8.64595162374682e-33 -0.4 1.09090644850111e-10 8.70217156348892e-08 -8.71308062797395e-08 0.0630869607738883 -0.291619155309465 -0.0115995173849478 0.0952596978619908 -0.05144900387686 0.196367769521654
AC Iteration:
number of equations 41337
AC: 464158883.361278 -9.68983503269828e-34 -8.64595162374682e-33 -0.4 1.09090644850111e-10 8.70217156348892e-08 -8.71308062797395e-08 0.218135718525043 -0.522871339156302 -0.0404641761802276 0.186317217245048 -0.177523044030283 0.336616040035633
AC Iteration:
number of equations 41337
AC: 1000000000 -9.68983503269828e-34 -8.64595162374682e-33 -0.4 1.09090644850111e-10 8.70217156348892e-08 -8.71308062797395e-08 0.479317624190738 -0.774353073500219 -0.0922507719885359 0.338086297600467 -0.386592952543318 0.436559860395282
AC Iteration:
number of equations 41337
AC: 2154434690.03189 -9.68983503269828e-34 -8.64595162374682e-33 -0.4 1.09090644850111e-10 8.70217156348892e-08 -8.71308062797395e-08 0.758806109106948 -1.18550804175421 -0.165257354460237 0.639830962179359 -0.591985194058826 0.546676242916047
AC Iteration:
number of equations 41337
AC: 4641588833.61278 -9.68983503269828e-34 -8.64595162374682e-33 -0.4 1.09090644850111e-10 8.70217156348892e-08 -8.71308062797395e-08 1.28675883171091 -1.98438305250009 -0.362377377414162 1.25662944678735 -0.91874017122525 0.731400008006107
AC Iteration:
number of equations 41337
AC: 10000000000 -9.68983503269828e-34 -8.64595162374682e-33 -0.4 1.09090644850111e-10 8.70217156348892e-08 -8.71308062797395e-08 2.39899501126818 -3.11505826448521 -0.964805299379668 2.33776148526828 -1.41508345824118 0.791915497114134
AC Iteration:
number of equations 41337
AC: 21544346900.3189 -9.68983503269828e-34 -8.64595162374682e-33 -0.4 1.09090644850111e-10 8.70217156348892e-08 -8.71308062797395e-08 4.41753603689921 -4.32161714856491 -2.49699729446283 3.74086403357979 -1.86317121259926 0.638603233894364
AC Iteration:
number of equations 41337
AC: 46415888336.1278 -9.68983503269828e-34 -8.64595162374682e-33 -0.4 1.09090644850111e-10 8.70217156348892e-08 -8.71308062797395e-08 7.26846064395368 -4.73054471897035 -5.00461590904216 4.50231398059943 -2.12652067507628 0.43272995130323
AC Iteration:
number of equations 41337
AC: 100000000000 -9.68983503269828e-34 -8.64595162374682e-33 -0.4 1.09090644850111e-10 8.70217156348892e-08 -8.71308062797395e-08 9.45431746870108 -4.26843202875568 -6.87008082395178 4.59570487591431 -2.3054351318648 0.242774339428338
last end -4.000000e-01 -1.000000e+00
number of equations 41337
Iteration: 0
  Device: "bjt"	RelError: 2.80047e+02	AbsError: 3.67670e+16
    Region: "bjt"	RelError: 2.80047e+02	AbsError: 3.67670e+16
      Equation: "ElectronContinuityEquation"	RelError: 4.91151e-01	AbsError: 2.05777e+16
      Equation: "HoleContinuityEquation"	RelError: 4.91283e-01	AbsError: 1.61893e+16
      Equation: "PotentialEquation"	RelError: 2.79065e+02	AbsError: 2.50000e-02
  Circuit: 	RelError: 4.89256e-01	AbsError: 2.50002e-02
Iteration: 1
  Device: "bjt"	RelError: 9.32686e-01	AbsError: 1.60996e+15
    Region: "bjt"	RelError: 9.32686e-01	AbsError: 1.60996e+15
      Equation: "ElectronContinuityEquation"	RelError: 2.52380e-01	AbsError: 8.27336e+14
      Equation: "HoleContinuityEquation"	RelError: 2.52308e-01	AbsError: 7.82619e+14
      Equation: "PotentialEquation"	RelError: 4.27998e-01	AbsError: 5.39076e-04
  Circuit: 	RelError: 2.49230e-01	AbsError: 1.13316e-07
Iteration: 2
  Device: "bjt"	RelError: 3.47651e-03	AbsError: 2.16776e+12
    Region: "bjt"	RelError: 3.47651e-03	AbsError: 2.16776e+12
      Equation: "ElectronContinuityEquation"	RelError: 1.94415e-03	AbsError: 9.26045e+11
      Equation: "HoleContinuityEquation"	RelError: 1.41421e-03	AbsError: 1.24171e+12
      Equation: "PotentialEquation"	RelError: 1.18148e-04	AbsError: 1.19314e-06
  Circuit: 	RelError: 3.01469e-04	AbsError: 1.36973e-10
Iteration: 3
  Device: "bjt"	RelError: 1.03381e-04	AbsError: 3.05875e+08
    Region: "bjt"	RelError: 1.03381e-04	AbsError: 3.05875e+08
      Equation: "ElectronContinuityEquation"	RelError: 1.94181e-06	AbsError: 2.56193e+08
      Equation: "HoleContinuityEquation"	RelError: 1.01356e-04	AbsError: 4.96825e+07
      Equation: "PotentialEquation"	RelError: 8.36219e-08	AbsError: 1.42123e-10
  Circuit: 	RelError: 2.89541e-06	AbsError: 9.21991e-15
Iteration: 4
  Device: "bjt"	RelError: 9.77027e-09	AbsError: 3.13543e+05
    Region: "bjt"	RelError: 9.77027e-09	AbsError: 3.13543e+05
      Equation: "ElectronContinuityEquation"	RelError: 5.75080e-09	AbsError: 2.04930e+05
      Equation: "HoleContinuityEquation"	RelError: 4.00214e-09	AbsError: 1.08613e+05
      Equation: "PotentialEquation"	RelError: 1.73322e-11	AbsError: 6.99342e-14
  Circuit: 	RelError: 2.09876e-11	AbsError: 4.81461e-18
Succeeded
number of equations 41337
Iteration: 0
  Device: "bjt"	RelError: 2.72786e-08	AbsError: 1.17209e+04
    Region: "bjt"	RelError: 2.72786e-08	AbsError: 1.17209e+04
      Equation: "ElectronContinuityEquation"	RelError: 1.11525e-08	AbsError: 8.18390e+03
      Equation: "HoleContinuityEquation"	RelError: 1.61260e-08	AbsError: 3.53705e+03
      Equation: "PotentialEquation"	RelError: 1.29360e-13	AbsError: 1.84905e-15
  Circuit: 	RelError: 3.23632e-12	AbsError: 1.47009e-18
number of equations 41337
Iteration: 0
  Device: "bjt"	RelError: 2.72810e-08	AbsError: 8.29532e+03
    Region: "bjt"	RelError: 2.72810e-08	AbsError: 8.29532e+03
      Equation: "ElectronContinuityEquation"	RelError: 1.11550e-08	AbsError: 8.18390e+03
      Equation: "HoleContinuityEquation"	RelError: 1.61256e-08	AbsError: 1.11424e+02
      Equation: "PotentialEquation"	RelError: 3.48229e-13	AbsError: 1.11022e-16
  Circuit: 	RelError: 1.82931e-11	AbsError: 8.30994e-18
number of equations 41337
Iteration: 0
  Device: "bjt"	RelError: 1.26528e-08	AbsError: 8.29838e+03
    Region: "bjt"	RelError: 1.26528e-08	AbsError: 8.29838e+03
      Equation: "ElectronContinuityEquation"	RelError: 5.74490e-09	AbsError: 8.18390e+03
      Equation: "HoleContinuityEquation"	RelError: 6.90771e-09	AbsError: 1.14488e+02
      Equation: "PotentialEquation"	RelError: 1.55337e-13	AbsError: 1.11022e-16
  Circuit: 	RelError: 2.11064e-11	AbsError: 9.58795e-18
AC Iteration:
number of equations 41337
AC: 1000 -1.0712668712781e-33 -1.8840201843465e-33 -0.425 2.09574555814409e-10 2.27035347128948e-07 -2.27244921684762e-07 5.67685506432087e-09 -1.46864957550726e-06 8.70416145888461e-06 4.58987681546524e-07 -8.70983473236042e-06 1.00966189391146e-06
AC Iteration:
number of equations 41337
AC: 2154.43469003188 -1.0712668712781e-33 -1.8840201843465e-33 -0.425 2.09574555814409e-10 2.27035347128948e-07 -2.27244921684762e-07 5.68240225835754e-09 -3.16410959295547e-06 8.7041604547669e-06 9.88858983418415e-07 -8.70984540044589e-06 2.17525060937847e-06
AC Iteration:
number of equations 41337
AC: 4641.58883361278 -1.0712668712781e-33 -1.8840201843465e-33 -0.425 2.09574555814409e-10 2.27035347128948e-07 -2.27244921684762e-07 5.70857743675181e-09 -6.81686746994144e-06 8.70415568318382e-06 2.13043209738878e-06 -8.70986673661684e-06 4.68643537225279e-06
AC Iteration:
number of equations 41337
AC: 10000 -1.0712668712781e-33 -1.8840201843465e-33 -0.425 2.09574555814409e-10 2.27035347128948e-07 -2.27244921684762e-07 5.83079690566073e-09 -1.46864957527394e-05 8.70413376590653e-06 4.58987681505699e-06 -8.70996153710366e-06 1.00966189371834e-05
AC Iteration:
number of equations 41337
AC: 21544.3469003188 -1.0712668712781e-33 -1.8840201843465e-33 -0.425 2.09574555814409e-10 2.27035347128948e-07 -2.27244921684762e-07 6.39593943338632e-09 -3.16410959062806e-05 8.70403189138551e-06 9.88858983008691e-06 -8.71042947812559e-06 2.17525060747614e-05
AC Iteration:
number of equations 41337
AC: 46415.8883361278 -1.0712668712781e-33 -1.8840201843465e-33 -0.425 2.09574555814409e-10 2.27035347128948e-07 -2.27244921684762e-07 9.02065174050588e-09 -6.81686744666905e-05 8.7035590321822e-06 2.1304320932966e-05 -8.71257473313179e-06 4.68643535311443e-05
AC Iteration:
number of equations 41337
AC: 100000 -1.0712668712781e-33 -1.8840201843465e-33 -0.425 2.09574555814409e-10 2.27035347128948e-07 -2.27244921684762e-07 2.12023351450606e-08 -0.000146864955200758 8.70136419954058e-06 4.5898767740776e-05 -8.72255424217965e-06 0.000100966187456473
AC Iteration:
number of equations 41337
AC: 215443.469003188 -1.0712668712781e-33 -1.8840201843465e-33 -0.425 2.09574555814409e-10 2.27035347128948e-07 -2.27244921684762e-07 7.77480508444503e-08 -0.000316410935795186 8.69117660304441e-06 9.88858942019529e-05 -8.7688801608936e-06 0.000217525041593936
AC Iteration:
number of equations 41337
AC: 464158.883361278 -1.0712668712781e-33 -1.8840201843465e-33 -0.425 2.09574555814409e-10 2.27035347128948e-07 -2.27244921684762e-07 3.40208846077799e-07 -0.000681686511990972 8.64389000255963e-06 0.00021304316834068 -8.98390221240181e-06 0.000468643343719319
AC Iteration:
number of equations 41337
AC: 1000000 -1.0712668712781e-33 -1.8840201843465e-33 -0.425 2.09574555814409e-10 2.27035347128948e-07 -2.27244921684762e-07 1.5584397499868e-06 -0.00146864722524909 8.42440542547804e-06 0.00045898726751426 -9.98194088643663e-06 0.00100965995864119
AC Iteration:
number of equations 41337
AC: 2154434.69003189 -1.0712668712781e-33 -1.8840201843465e-33 -0.425 2.09574555814409e-10 2.27035347128948e-07 -2.27244921684762e-07 7.21290556907677e-06 -0.00316408609059377 7.40565887456246e-06 0.000988854843135711 -1.46143933453502e-05 0.00217523125684394
AC Iteration:
number of equations 41337
AC: 4641588.83361278 -1.0712668712781e-33 -1.8840201843465e-33 -0.425 2.09574555814409e-10 2.27035347128948e-07 -2.27244921684762e-07 3.34573457380567e-05 -0.00681663245591487 2.67727898675137e-06 0.00213039069623167 -3.61152620760092e-05 0.00468624185443136
AC Iteration:
number of equations 41337
AC: 10000000 -1.0712668712781e-33 -1.8840201843465e-33 -0.425 2.09574555814409e-10 2.27035347128948e-07 -2.27244921684762e-07 0.000155245964317486 -0.0146841460575351 -1.92651129213407e-05 0.00458946288187537 -0.000135891017861986 0.0100946841244074
AC Iteration:
number of equations 41337
AC: 21544346.9003189 -1.0712668712781e-33 -1.8840201843465e-33 -0.425 2.09574555814409e-10 2.27035347128948e-07 -2.27244921684762e-07 0.000719951585901485 -0.0316176195875818 -0.000121009312281518 0.00988445413158771 -0.000598525520951554 0.0217331749405111
AC Iteration:
number of equations 41337
AC: 46415888.3361278 -1.0712668712781e-33 -1.8840201843465e-33 -0.425 2.09574555814409e-10 2.27035347128948e-07 -2.27244921684762e-07 0.00332849970266262 -0.0679348642487946 -0.000591048629229845 0.0212631317470458 -0.00273552188285678 0.0466718269825312
AC Iteration:
number of equations 41337
AC: 100000000 -1.0712668712781e-33 -1.8840201843465e-33 -0.425 2.09574555814409e-10 2.27035347128948e-07 -2.27244921684762e-07 0.0151715531217271 -0.144570088503965 -0.00272616502876292 0.0454944884361103 -0.0124365431418278 0.0990765278928352
AC Iteration:
number of equations 41337
AC: 215443469.003189 -1.0712668712781e-33 -1.8840201843465e-33 -0.425 2.09574555814409e-10 2.27035347128948e-07 -2.27244921684762e-07 0.0650084410081245 -0.295275756582906 -0.011732668384367 0.095162388734245 -0.0532368514295757 0.200121933082358
AC Iteration:
number of equations 41337
AC: 464158883.361278 -1.0712668712781e-33 -1.8840201843465e-33 -0.425 2.09574555814409e-10 2.27035347128948e-07 -2.27244921684762e-07 0.223248595611637 -0.526995960993977 -0.0406705109464455 0.185783618002785 -0.182428415998043 0.341275712350702
AC Iteration:
number of equations 41337
AC: 1000000000 -1.0712668712781e-33 -1.8840201843465e-33 -0.425 2.09574555814409e-10 2.27035347128948e-07 -2.27244921684762e-07 0.485761615669864 -0.777039922923049 -0.0918893589442306 0.336969175813875 -0.393396715630056 0.440367771665734
AC Iteration:
number of equations 41337
AC: 2154434690.03189 -1.0712668712781e-33 -1.8840201843465e-33 -0.425 2.09574555814409e-10 2.27035347128948e-07 -2.27244921684762e-07 0.766202335403916 -1.18965910745024 -0.164322268155036 0.638656729026208 -0.600311043405688 0.552011282586827
AC Iteration:
number of equations 41337
AC: 4641588833.61278 -1.0712668712781e-33 -1.8840201843465e-33 -0.425 2.09574555814409e-10 2.27035347128948e-07 -2.27244921684762e-07 1.29886590084411 -1.98821053648557 -0.361220009071701 1.2547834726367 -0.931993763956011 0.737107805697111
AC Iteration:
number of equations 41337
AC: 10000000000 -1.0712668712781e-33 -1.8840201843465e-33 -0.425 2.09574555814409e-10 2.27035347128948e-07 -2.27244921684762e-07 2.41311330715952 -3.11358505005661 -0.962144760152797 2.33440120632476 -1.43187126845194 0.793888739374569
AC Iteration:
number of equations 41337
AC: 21544346900.3189 -1.0712668712781e-33 -1.8840201843465e-33 -0.425 2.09574555814409e-10 2.27035347128948e-07 -2.27244921684762e-07 4.42783124122498 -4.31528707268576 -2.49069130970645 3.7379170783029 -1.87985518761655 0.635355520560914
AC Iteration:
number of equations 41337
AC: 46415888336.1278 -1.0712668712781e-33 -1.8840201843465e-33 -0.425 2.09574555814409e-10 2.27035347128948e-07 -2.27244921684762e-07 7.27331212484596 -4.72423178420005 -4.99728979435342 4.50326852715403 -2.13887534768099 0.425600884453806
AC Iteration:
number of equations 41337
AC: 100000000000 -1.0712668712781e-33 -1.8840201843465e-33 -0.425 2.09574555814409e-10 2.27035347128948e-07 -2.27244921684762e-07 9.45596719373254 -4.26395486829096 -6.86542167347884 4.59868053662983 -2.31201303039716 0.235427647001817
last end -4.250000e-01 -1.000000e+00
number of equations 41337
Iteration: 0
  Device: "bjt"	RelError: 2.19383e+02	AbsError: 3.75806e+16
    Region: "bjt"	RelError: 2.19383e+02	AbsError: 3.75806e+16
      Equation: "ElectronContinuityEquation"	RelError: 4.91149e-01	AbsError: 2.08422e+16
      Equation: "HoleContinuityEquation"	RelError: 4.91283e-01	AbsError: 1.67384e+16
      Equation: "PotentialEquation"	RelError: 2.18401e+02	AbsError: 2.50000e-02
  Circuit: 	RelError: 4.89391e-01	AbsError: 2.50004e-02
Iteration: 1
  Device: "bjt"	RelError: 6.02405e-01	AbsError: 1.57557e+15
    Region: "bjt"	RelError: 6.02405e-01	AbsError: 1.57557e+15
      Equation: "ElectronContinuityEquation"	RelError: 2.52324e-01	AbsError: 8.04143e+14
      Equation: "HoleContinuityEquation"	RelError: 2.52437e-01	AbsError: 7.71431e+14
      Equation: "PotentialEquation"	RelError: 9.76449e-02	AbsError: 6.12128e-04
  Circuit: 	RelError: 2.49247e-01	AbsError: 2.95508e-07
Iteration: 2
  Device: "bjt"	RelError: 3.29405e-03	AbsError: 2.05283e+12
    Region: "bjt"	RelError: 3.29405e-03	AbsError: 2.05283e+12
      Equation: "ElectronContinuityEquation"	RelError: 1.83127e-03	AbsError: 9.19930e+11
      Equation: "HoleContinuityEquation"	RelError: 1.40797e-03	AbsError: 1.13290e+12
      Equation: "PotentialEquation"	RelError: 5.48150e-05	AbsError: 1.18930e-06
  Circuit: 	RelError: 3.19651e-04	AbsError: 3.78849e-10
Iteration: 3
  Device: "bjt"	RelError: 1.02693e-04	AbsError: 8.42825e+08
    Region: "bjt"	RelError: 1.02693e-04	AbsError: 8.42825e+08
      Equation: "ElectronContinuityEquation"	RelError: 2.10504e-06	AbsError: 6.64415e+08
      Equation: "HoleContinuityEquation"	RelError: 1.00572e-04	AbsError: 1.78411e+08
      Equation: "PotentialEquation"	RelError: 1.61560e-08	AbsError: 3.73481e-10
  Circuit: 	RelError: 4.36995e-06	AbsError: 4.82244e-14
Iteration: 4
  Device: "bjt"	RelError: 7.78726e-09	AbsError: 9.34159e+05
    Region: "bjt"	RelError: 7.78726e-09	AbsError: 9.34159e+05
      Equation: "ElectronContinuityEquation"	RelError: 4.91178e-09	AbsError: 7.80803e+05
      Equation: "HoleContinuityEquation"	RelError: 2.86836e-09	AbsError: 1.53356e+05
      Equation: "PotentialEquation"	RelError: 7.11758e-12	AbsError: 1.90674e-13
  Circuit: 	RelError: 4.86881e-11	AbsError: 5.46347e-17
Succeeded
number of equations 41337
Iteration: 0
  Device: "bjt"	RelError: 8.00202e-09	AbsError: 8.78993e+03
    Region: "bjt"	RelError: 8.00202e-09	AbsError: 8.78993e+03
      Equation: "ElectronContinuityEquation"	RelError: 4.27265e-09	AbsError: 8.18253e+03
      Equation: "HoleContinuityEquation"	RelError: 3.72885e-09	AbsError: 6.07402e+02
      Equation: "PotentialEquation"	RelError: 5.10087e-13	AbsError: 1.85345e-16
  Circuit: 	RelError: 3.15748e-11	AbsError: 3.74076e-17
number of equations 41337
Iteration: 0
  Device: "bjt"	RelError: 7.54467e-09	AbsError: 8.31224e+03
    Region: "bjt"	RelError: 7.54467e-09	AbsError: 8.31224e+03
      Equation: "ElectronContinuityEquation"	RelError: 4.27428e-09	AbsError: 8.18253e+03
      Equation: "HoleContinuityEquation"	RelError: 3.26971e-09	AbsError: 1.29707e+02
      Equation: "PotentialEquation"	RelError: 6.86443e-13	AbsError: 1.21024e-16
  Circuit: 	RelError: 1.61846e-11	AbsError: 1.91777e-17
number of equations 41337
Iteration: 0
  Device: "bjt"	RelError: 4.67342e-09	AbsError: 8.27487e+03
    Region: "bjt"	RelError: 4.67342e-09	AbsError: 8.27487e+03
      Equation: "ElectronContinuityEquation"	RelError: 1.40733e-09	AbsError: 8.18253e+03
      Equation: "HoleContinuityEquation"	RelError: 3.26568e-09	AbsError: 9.23341e+01
      Equation: "PotentialEquation"	RelError: 4.12063e-13	AbsError: 1.11022e-16
  Circuit: 	RelError: 1.04837e-11	AbsError: 1.24241e-17
AC Iteration:
number of equations 41337
AC: 1000 -9.92617393460849e-33 -8.43218207561916e-33 -0.45 4.21908128912688e-10 5.92225423781072e-07 -5.92647331909985e-07 1.2244551603637e-08 -1.49196106219626e-06 2.27009494467666e-05 4.59008366233537e-07 -2.27131945034377e-05 1.03295269589575e-06
AC Iteration:
number of equations 41337
AC: 2154.43469003188 -9.92617393460849e-33 -8.43218207561916e-33 -0.45 4.21908128912688e-10 5.92225423781072e-07 -5.92647331909985e-07 1.22502841159599e-08 -3.21433266855379e-06 2.27009482541416e-05 9.88903547220874e-07 -2.27132001400874e-05 2.22542912120707e-06
AC Iteration:
number of equations 41337
AC: 4641.58883361278 -9.92617393460849e-33 -8.43218207561916e-33 -0.45 4.21908128912688e-10 5.92225423781072e-07 -5.92647331909985e-07 1.22774847222051e-08 -6.92506980623714e-06 2.2700943421294e-05 2.13052810719405e-06 -2.27132255864589e-05 4.79454169871637e-06
AC Iteration:
number of equations 41337
AC: 10000 -9.92617393460849e-33 -8.43218207561916e-33 -0.45 4.21908128912688e-10 5.92225423781072e-07 -5.92647331909985e-07 1.24038388479906e-08 -1.49196106195078e-05 2.27009212938158e-05 4.59008366191114e-06 -2.27133269211892e-05 1.03295269570592e-05
AC Iteration:
number of equations 41337
AC: 21544.3469003188 -9.92617393460849e-33 -8.43218207561916e-33 -0.45 4.21908128912688e-10 5.92225423781072e-07 -5.92647331909985e-07 1.2989790560176e-08 -3.21433266610193e-05 2.27008178267054e-05 9.8890354680269e-06 -2.27138143193983e-05 2.22542911911216e-05
AC Iteration:
number of equations 41337
AC: 46415.8883361278 -9.92617393460849e-33 -8.43218207561916e-33 -0.45 4.21908128912688e-10 5.92225423781072e-07 -5.92647331909985e-07 1.57087639840776e-08 -6.92506978173998e-05 2.27003372296151e-05 2.13052810296639e-05 -2.27160440201925e-05 4.79454167852575e-05
AC Iteration:
number of equations 41337
AC: 100000 -9.92617393460849e-33 -8.43218207561916e-33 -0.45 4.21908128912688e-10 5.92225423781072e-07 -5.92647331909985e-07 2.83303847639474e-08 -0.000149196103745182 2.26981071710058e-05 4.59008361958148e-05 -2.2726432923622e-05 0.000103295267543946
AC Iteration:
number of equations 41337
AC: 215443.469003188 -9.92617393460849e-33 -8.43218207561916e-33 -0.45 4.21908128912688e-10 5.92225423781072e-07 -5.92647331909985e-07 8.691611298625e-08 -0.000321433242110454 2.26877554201654e-05 9.88903504460911e-05 -2.277462723489e-05 0.000222542891659499
AC Iteration:
number of equations 41337
AC: 464158.883361278 -9.92617393460849e-33 -8.43218207561916e-33 -0.45 4.21908128912688e-10 5.92225423781072e-07 -5.92647331909985e-07 3.58844980076002e-07 -0.000692506733173919 2.26397078089461e-05 0.000213052767959622 -2.29983575097033e-05 0.000479453965287648
AC Iteration:
number of equations 41337
AC: 1000000 -9.92617393460849e-33 -8.43218207561916e-33 -0.45 4.21908128912688e-10 5.92225423781072e-07 -5.92647331909985e-07 1.62102345667231e-06 -0.00149195858745545 2.24166903509702e-05 0.00045900793858351 -2.40368089790431e-05 0.00103295064977466
AC Iteration:
number of equations 41337
AC: 2154434.69003189 -9.92617393460849e-33 -8.43218207561916e-33 -0.45 4.21908128912688e-10 5.92225423781072e-07 -5.92647331909985e-07 7.4794757067089e-06 -0.00321430792137366 2.13815456258933e-05 0.00098889927075475 -2.88567905033493e-05 0.00222540866029651
AC Iteration:
number of equations 41337
AC: 4641588.83361278 -9.92617393460849e-33 -8.43218207561916e-33 -0.45 4.21908128912688e-10 5.92225423781072e-07 -5.92647331909985e-07 3.46706472002603e-05 -0.00692482234484516 1.65770637555943e-05 0.00213048534429471 -5.12280450228452e-05 0.00479433709869248
AC Iteration:
number of equations 41337
AC: 10000000 -9.92617393460849e-33 -8.43218207561916e-33 -0.45 4.21908128912688e-10 5.92225423781072e-07 -5.92647331909985e-07 0.000160851699099481 -0.0149171364892419 -5.71832452103793e-06 0.00458965611643119 -0.000155042111387219 0.0103274813557909
AC Iteration:
number of equations 41337
AC: 21544346.9003189 -9.92617393460849e-33 -8.43218207561916e-33 -0.45 4.21908128912688e-10 5.92225423781072e-07 -5.92647331909985e-07 0.000745904214726207 -0.0321186077856816 -0.00010909587521751 0.00988476388800608 -0.000636384983240033 0.0222338537243971
AC Iteration:
number of equations 41337
AC: 46415888.3361278 -9.92617393460849e-33 -8.43218207561916e-33 -0.45 4.21908128912688e-10 5.92225423781072e-07 -5.92647331909985e-07 0.00344801825913617 -0.0690045447200713 -0.000586607351174772 0.0212627441452355 -0.00285945136069652 0.0477418984478788
AC Iteration:
number of equations 41337
AC: 100000000 -9.92617393460849e-33 -8.43218207561916e-33 -0.45 4.21908128912688e-10 5.92225423781072e-07 -5.92647331909985e-07 0.0157071493731649 -0.146781525273916 -0.00275414664558399 0.0454835780378319 -0.0129440225493693 0.101298907817015
AC Iteration:
number of equations 41337
AC: 215443469.003189 -9.92617393460849e-33 -8.43218207561916e-33 -0.45 4.21908128912688e-10 5.92225423781072e-07 -5.92647331909985e-07 0.0671397096702262 -0.29925075346639 -0.0118703962455528 0.0950568714477679 -0.0552298685778013 0.204202728061446
AC Iteration:
number of equations 41337
AC: 464158883.361278 -9.92617393460849e-33 -8.43218207561916e-33 -0.45 4.21908128912688e-10 5.92225423781072e-07 -5.92647331909985e-07 0.228847167808139 -0.53139851108365 -0.0408826183178799 0.185203918018907 -0.187813631505107 0.346259551597754
AC Iteration:
number of equations 41337
AC: 1000000000 -9.92617393460849e-33 -8.43218207561916e-33 -0.45 4.21908128912688e-10 5.92225423781072e-07 -5.92647331909985e-07 0.492718741782848 -0.779863176316493 -0.0914866189237903 0.335771364567787 -0.400754856826617 0.444393090459694
AC Iteration:
number of equations 41337
AC: 2154434690.03189 -9.92617393460849e-33 -8.43218207561916e-33 -0.45 4.21908128912688e-10 5.92225423781072e-07 -5.92647331909985e-07 0.774199669162933 -1.19403980048644 -0.16330754074688 0.637390955785197 -0.609317339068022 0.557668282362799
AC Iteration:
number of equations 41337
AC: 4641588833.61278 -9.92617393460849e-33 -8.43218207561916e-33 -0.45 4.21908128912688e-10 5.92225423781072e-07 -5.92647331909985e-07 1.31182857273466 -1.99210669839124 -0.359929026134201 1.25280915883582 -0.94623638101039 0.743015049400778
AC Iteration:
number of equations 41337
AC: 10000000000 -9.92617393460849e-33 -8.43218207561916e-33 -0.45 4.21908128912688e-10 5.92225423781072e-07 -5.92647331909985e-07 2.42804152198397 -3.11185449034056 -0.959258147512595 2.33089469205468 -1.44969664088722 0.795755815717192
AC Iteration:
number of equations 41337
AC: 21544346900.3189 -9.92617393460849e-33 -8.43218207561916e-33 -0.45 4.21908128912688e-10 5.92225423781072e-07 -5.92647331909985e-07 4.43861578143879 -4.30847167890257 -2.48402198695429 3.73489007343273 -1.8973981871291 0.631708990018844
AC Iteration:
number of equations 41337
AC: 46415888336.1278 -9.92617393460849e-33 -8.43218207561916e-33 -0.45 4.21908128912688e-10 5.92225423781072e-07 -5.92647331909985e-07 7.27830204970411 -4.71749554271944 -4.98962542225459 4.50431136616782 -2.15171864469978 0.41796426173333
AC Iteration:
number of equations 41337
AC: 100000000000 -9.92617393460849e-33 -8.43218207561916e-33 -0.45 4.21908128912688e-10 5.92225423781072e-07 -5.92647331909985e-07 9.45754603867554 -4.25921008619056 -6.86054471738501 4.60176511157866 -2.31875426673059 0.227700546825214
last end -4.500000e-01 -1.000000e+00
number of equations 41337
Iteration: 0
  Device: "bjt"	RelError: 2.51636e+02	AbsError: 3.82625e+16
    Region: "bjt"	RelError: 2.51636e+02	AbsError: 3.82625e+16
      Equation: "ElectronContinuityEquation"	RelError: 4.91148e-01	AbsError: 2.11677e+16
      Equation: "HoleContinuityEquation"	RelError: 4.91283e-01	AbsError: 1.70948e+16
      Equation: "PotentialEquation"	RelError: 2.50654e+02	AbsError: 2.50000e-02
  Circuit: 	RelError: 4.89414e-01	AbsError: 2.50011e-02
Iteration: 1
  Device: "bjt"	RelError: 5.25223e-01	AbsError: 1.62789e+15
    Region: "bjt"	RelError: 5.25223e-01	AbsError: 1.62789e+15
      Equation: "ElectronContinuityEquation"	RelError: 2.52247e-01	AbsError: 8.35795e+14
      Equation: "HoleContinuityEquation"	RelError: 2.52548e-01	AbsError: 7.92091e+14
      Equation: "PotentialEquation"	RelError: 2.04282e-02	AbsError: 6.23286e-04
  Circuit: 	RelError: 2.49218e-01	AbsError: 7.70502e-07
Iteration: 2
  Device: "bjt"	RelError: 3.34885e-03	AbsError: 2.22951e+12
    Region: "bjt"	RelError: 3.34885e-03	AbsError: 2.22951e+12
      Equation: "ElectronContinuityEquation"	RelError: 1.67053e-03	AbsError: 8.91403e+11
      Equation: "HoleContinuityEquation"	RelError: 1.61163e-03	AbsError: 1.33811e+12
      Equation: "PotentialEquation"	RelError: 6.66901e-05	AbsError: 8.68932e-07
  Circuit: 	RelError: 3.38147e-04	AbsError: 1.04472e-09
Iteration: 3
  Device: "bjt"	RelError: 1.01417e-04	AbsError: 2.15837e+09
    Region: "bjt"	RelError: 1.01417e-04	AbsError: 2.15837e+09
      Equation: "ElectronContinuityEquation"	RelError: 2.27348e-06	AbsError: 1.69775e+09
      Equation: "HoleContinuityEquation"	RelError: 9.90727e-05	AbsError: 4.60621e+08
      Equation: "PotentialEquation"	RelError: 7.08722e-08	AbsError: 9.55923e-10
  Circuit: 	RelError: 6.87660e-06	AbsError: 2.53642e-13
Iteration: 4
  Device: "bjt"	RelError: 3.98852e-09	AbsError: 8.07244e+05
    Region: "bjt"	RelError: 3.98852e-09	AbsError: 8.07244e+05
      Equation: "ElectronContinuityEquation"	RelError: 1.25617e-09	AbsError: 6.47324e+05
      Equation: "HoleContinuityEquation"	RelError: 2.69114e-09	AbsError: 1.59920e+05
      Equation: "PotentialEquation"	RelError: 4.12146e-11	AbsError: 8.60702e-14
  Circuit: 	RelError: 1.04088e-11	AbsError: 2.58924e-17
Succeeded
number of equations 41337
Iteration: 0
  Device: "bjt"	RelError: 2.15901e-09	AbsError: 8.29140e+03
    Region: "bjt"	RelError: 2.15901e-09	AbsError: 8.29140e+03
      Equation: "ElectronContinuityEquation"	RelError: 9.97625e-10	AbsError: 8.18685e+03
      Equation: "HoleContinuityEquation"	RelError: 1.16118e-09	AbsError: 1.04554e+02
      Equation: "PotentialEquation"	RelError: 1.99712e-13	AbsError: 1.11022e-16
  Circuit: 	RelError: 6.52189e-12	AbsError: 1.99556e-18
number of equations 41337
Iteration: 0
  Device: "bjt"	RelError: 1.38832e-09	AbsError: 8.28644e+03
    Region: "bjt"	RelError: 1.38832e-09	AbsError: 8.28644e+03
      Equation: "ElectronContinuityEquation"	RelError: 3.84803e-10	AbsError: 8.18685e+03
      Equation: "HoleContinuityEquation"	RelError: 1.00325e-09	AbsError: 9.95894e+01
      Equation: "PotentialEquation"	RelError: 2.64284e-13	AbsError: 1.11022e-16
  Circuit: 	RelError: 4.53348e-12	AbsError: 1.40052e-17
number of equations 41337
Iteration: 0
  Device: "bjt"	RelError: 1.28896e-09	AbsError: 8.26870e+03
    Region: "bjt"	RelError: 1.28896e-09	AbsError: 8.26870e+03
      Equation: "ElectronContinuityEquation"	RelError: 3.84700e-10	AbsError: 8.18685e+03
      Equation: "HoleContinuityEquation"	RelError: 9.04043e-10	AbsError: 8.18500e+01
      Equation: "PotentialEquation"	RelError: 2.12397e-13	AbsError: 1.11022e-16
  Circuit: 	RelError: 2.85006e-12	AbsError: 5.18872e-18
AC Iteration:
number of equations 41337
AC: 1000 1.34815096107107e-33 0 -0.475 8.93161028150753e-10 1.54455165817969e-06 -1.54544481920784e-06 2.7706945221535e-08 -1.51758320957571e-06 5.91937851129402e-05 4.59063249442809e-07 -5.92214949090143e-05 1.05851996005378e-06
AC Iteration:
number of equations 41337
AC: 2154.43469003188 1.34815096107107e-33 0 -0.475 8.93161028150753e-10 1.54455165817969e-06 -1.54544481920784e-06 2.77129248249064e-08 -3.26953391169975e-06 5.91937841104605e-05 9.89021789516232e-07 -5.92214960566313e-05 2.28051212205483e-06
AC Iteration:
number of equations 41337
AC: 4641.58883361278 1.34815096107107e-33 0 -0.475 8.93161028150753e-10 1.54455165817969e-06 -1.54544481920784e-06 2.77410067225575e-08 -7.04399727939766e-06 5.91937792552684e-05 2.13078285249945e-06 -5.92215217391489e-05 4.91321442661084e-06
AC Iteration:
number of equations 41337
AC: 10000 1.34815096107107e-33 0 -0.475 8.93161028150753e-10 1.54455165817969e-06 -1.54544481920784e-06 2.78724220966512e-08 -1.51758320931683e-05 5.91937564068347e-05 4.59063249398267e-06 -5.92216289571783e-05 1.05851995985396e-05
AC Iteration:
number of equations 41337
AC: 21544.3469003188 1.34815096107107e-33 0 -0.475 8.93161028150753e-10 1.54455165817969e-06 -1.54544481920784e-06 2.84815962492024e-08 -3.2695339091066e-05 5.91936511598918e-05 9.89021789077296e-06 -5.9222132527682e-05 2.28051211989184e-05
AC Iteration:
number of equations 41337
AC: 46415.8883361278 1.34815096107107e-33 0 -0.475 8.93161028150753e-10 1.54455165817969e-06 -1.54544481920784e-06 3.13068188239177e-08 -7.04399725348801e-05 5.91931621713659e-05 2.13078284810921e-05 -5.92244643701963e-05 4.91321440504793e-05
AC Iteration:
number of equations 41337
AC: 100000 1.34815096107107e-33 0 -0.475 8.93161028150753e-10 1.54455165817969e-06 -1.54544481920784e-06 4.44219504365808e-08 -0.000151758318340781 5.91908925883939e-05 4.59063245013603e-05 -5.92353043872964e-05 0.000105851993834827
AC Iteration:
number of equations 41337
AC: 215443.469003188 1.34815096107107e-33 0 -0.475 8.93161028150753e-10 1.54455165817969e-06 -1.54544481920784e-06 1.05296396558383e-07 -0.000326953365003232 5.91803578915857e-05 9.89021745216572e-05 -5.92856161588706e-05 0.000228051190474467
AC Iteration:
number of equations 41337
AC: 464158.883361278 1.34815096107107e-33 0 -0.475 8.93161028150753e-10 1.54455165817969e-06 -1.54544481920784e-06 3.8785070585708e-07 -0.000704399466274195 5.91314603774413e-05 0.000213078240950525 -5.95191072451911e-05 0.000491321225403636
AC Iteration:
number of equations 41337
AC: 1000000 1.34815096107107e-33 0 -0.475 8.93161028150753e-10 1.54455165817969e-06 -1.54544481920784e-06 1.69934819331463e-06 -0.00151758059266723 5.89044985134776e-05 0.000459062806407121 -6.06029181711871e-05 0.00105851778721804
AC Iteration:
number of equations 41337
AC: 2154434.69003189 1.34815096107107e-33 0 -0.475 8.93161028150753e-10 1.54455165817969e-06 -1.54544481920784e-06 7.78671310627885e-06 -0.00326950774286798 5.78510467165641e-05 0.000989017359201156 -6.56334502618899e-05 0.00228049039376378
AC Iteration:
number of equations 41337
AC: 4641588.83361278 1.34815096107107e-33 0 -0.475 8.93161028150753e-10 1.54455165817969e-06 -1.54544481920784e-06 3.60402991185166e-05 -0.00704373560250712 5.29616029473423e-05 0.00213073855127328 -8.89819072946258e-05 0.00491299715309562
AC Iteration:
number of equations 41337
AC: 10000000 1.34815096107107e-33 0 -0.475 8.93161028150753e-10 1.54455165817969e-06 -1.54544481920784e-06 0.000167150432251428 -0.0151732158537561 3.02721289877873e-05 0.00459018957142711 -0.000197329733073545 0.0105830273038013
AC Iteration:
number of equations 41337
AC: 21544346.9003189 1.34815096107107e-33 0 -0.475 8.93161028150753e-10 1.54455165817969e-06 -1.54544481920784e-06 0.000775034117530971 -0.0326692012444561 -7.49287393992152e-05 0.00988579282187256 -0.000699674770194945 0.022783418632515
AC Iteration:
number of equations 41337
AC: 46415888.3361278 1.34815096107107e-33 0 -0.475 8.93161028150753e-10 1.54455165817969e-06 -1.54544481920784e-06 0.00358210377346675 -0.0701797274199549 -0.000560778075921117 0.0212637696934009 -0.00301933279379797 0.0489160594050363
AC Iteration:
number of equations 41337
AC: 100000000 1.34815096107107e-33 0 -0.475 8.93161028150753e-10 1.54455165817969e-06 -1.54544481920784e-06 0.0163072662991785 -0.149207206173941 -0.00276443058105481 0.0454744281116518 -0.0135337072105599 0.103733775343397
AC Iteration:
number of equations 41337
AC: 215443469.003189 1.34815096107107e-33 0 -0.475 8.93161028150753e-10 1.54455165817969e-06 -1.54544481920784e-06 0.0695157009018289 -0.303581490077745 -0.0120019263817268 0.0949452689417154 -0.0574737591305339 0.208645380237851
AC Iteration:
number of equations 41337
AC: 464158883.361278 1.34815096107107e-33 0 -0.475 8.93161028150753e-10 1.54455165817969e-06 -1.54544481920784e-06 0.234995376929927 -0.536091919031067 -0.0410908788018212 0.184576877870743 -0.193752248203225 0.351581744951002
AC Iteration:
number of equations 41337
AC: 1000000000 1.34815096107107e-33 0 -0.475 8.93161028150753e-10 1.54455165817969e-06 -1.54544481920784e-06 0.500224916656369 -0.78282174741652 -0.0910285467331461 0.33449176685785 -0.408717296150302 0.448635849468952
AC Iteration:
number of equations 41337
AC: 2154434690.03189 1.34815096107107e-33 0 -0.475 8.93161028150753e-10 1.54455165817969e-06 -1.54544481920784e-06 0.782837725404003 -1.19869208023445 -0.162201253589572 0.636038074532941 -0.619055559523743 0.563684821640884
AC Iteration:
number of equations 41337
AC: 4641588833.61278 1.34815096107107e-33 0 -0.475 8.93161028150753e-10 1.54455165817969e-06 -1.54544481920784e-06 1.32574089088517 -1.99612613044684 -0.358504786800473 1.25070825949398 -0.961561552899773 0.749174843551476
AC Iteration:
number of equations 41337
AC: 10000000000 1.34815096107107e-33 0 -0.475 8.93161028150753e-10 1.54455165817969e-06 -1.54544481920784e-06 2.44392797853739 -3.10986977600778 -0.956147026669199 2.32721099830019 -1.46870631135478 0.797551765698668
AC Iteration:
number of equations 41337
AC: 21544346900.3189 1.34815096107107e-33 0 -0.475 8.93161028150753e-10 1.54455165817969e-06 -1.54544481920784e-06 4.4499976661863 -4.30109069998894 -2.47693602781456 3.73174559575492 -1.91596256370005 0.627622223814838
AC Iteration:
number of equations 41337
AC: 46415888336.1278 1.34815096107107e-33 0 -0.475 8.93161028150753e-10 1.54455165817969e-06 -1.54544481920784e-06 7.28346777868772 -4.71024774648228 -4.98156653322414 4.50546306047122 -2.16514666557891 0.409712367481759
AC Iteration:
number of equations 41337
AC: 100000000000 1.34815096107107e-33 0 -0.475 8.93161028150753e-10 1.54455165817969e-06 -1.54544481920784e-06 9.45904802764642 -4.25410717947541 -6.85544638682614 4.60496804566545 -2.325661972369 0.219492912965089
last end -4.750000e-01 -1.000000e+00
number of equations 41337
Iteration: 0
  Device: "bjt"	RelError: 6.46615e+02	AbsError: 3.89948e+16
    Region: "bjt"	RelError: 6.46615e+02	AbsError: 3.89948e+16
      Equation: "ElectronContinuityEquation"	RelError: 4.91146e-01	AbsError: 2.17396e+16
      Equation: "HoleContinuityEquation"	RelError: 4.91283e-01	AbsError: 1.72552e+16
      Equation: "PotentialEquation"	RelError: 6.45632e+02	AbsError: 2.50000e-02
  Circuit: 	RelError: 4.89391e-01	AbsError: 2.50030e-02
Iteration: 1
  Device: "bjt"	RelError: 5.10746e-01	AbsError: 1.66696e+15
    Region: "bjt"	RelError: 5.10746e-01	AbsError: 1.66696e+15
      Equation: "ElectronContinuityEquation"	RelError: 2.52163e-01	AbsError: 8.50582e+14
      Equation: "HoleContinuityEquation"	RelError: 2.52625e-01	AbsError: 8.16381e+14
      Equation: "PotentialEquation"	RelError: 5.95733e-03	AbsError: 5.81690e-04
  Circuit: 	RelError: 2.49168e-01	AbsError: 2.00860e-06
Iteration: 2
  Device: "bjt"	RelError: 3.47453e-03	AbsError: 2.28160e+12
    Region: "bjt"	RelError: 3.47453e-03	AbsError: 2.28160e+12
      Equation: "ElectronContinuityEquation"	RelError: 1.65008e-03	AbsError: 8.93388e+11
      Equation: "HoleContinuityEquation"	RelError: 1.75181e-03	AbsError: 1.38822e+12
      Equation: "PotentialEquation"	RelError: 7.26373e-05	AbsError: 7.17504e-07
  Circuit: 	RelError: 3.57052e-04	AbsError: 2.87673e-09
Iteration: 3
  Device: "bjt"	RelError: 1.00774e-04	AbsError: 5.44322e+09
    Region: "bjt"	RelError: 1.00774e-04	AbsError: 5.44322e+09
      Equation: "ElectronContinuityEquation"	RelError: 3.11394e-06	AbsError: 4.27836e+09
      Equation: "HoleContinuityEquation"	RelError: 9.75452e-05	AbsError: 1.16486e+09
      Equation: "PotentialEquation"	RelError: 1.15219e-07	AbsError: 2.40675e-09
  Circuit: 	RelError: 1.00770e-05	AbsError: 1.19393e-12
Iteration: 4
  Device: "bjt"	RelError: 3.75928e-09	AbsError: 3.97150e+05
    Region: "bjt"	RelError: 3.75928e-09	AbsError: 3.97150e+05
      Equation: "ElectronContinuityEquation"	RelError: 9.08797e-10	AbsError: 2.12383e+05
      Equation: "HoleContinuityEquation"	RelError: 2.84420e-09	AbsError: 1.84767e+05
      Equation: "PotentialEquation"	RelError: 6.28338e-12	AbsError: 5.35403e-14
  Circuit: 	RelError: 5.43834e-12	AbsError: 4.35082e-17
Succeeded
number of equations 41337
Iteration: 0
  Device: "bjt"	RelError: 1.18876e-09	AbsError: 8.26615e+03
    Region: "bjt"	RelError: 1.18876e-09	AbsError: 8.26615e+03
      Equation: "ElectronContinuityEquation"	RelError: 6.66170e-10	AbsError: 8.18018e+03
      Equation: "HoleContinuityEquation"	RelError: 5.21521e-10	AbsError: 8.59689e+01
      Equation: "PotentialEquation"	RelError: 1.07352e-12	AbsError: 1.11022e-16
  Circuit: 	RelError: 5.66540e-12	AbsError: 4.56354e-17
number of equations 41337
Iteration: 0
  Device: "bjt"	RelError: 1.17023e-09	AbsError: 8.29626e+03
    Region: "bjt"	RelError: 1.17023e-09	AbsError: 8.29626e+03
      Equation: "ElectronContinuityEquation"	RelError: 4.65696e-10	AbsError: 8.18018e+03
      Equation: "HoleContinuityEquation"	RelError: 7.03550e-10	AbsError: 1.16079e+02
      Equation: "PotentialEquation"	RelError: 9.82263e-13	AbsError: 1.11022e-16
  Circuit: 	RelError: 3.06600e-12	AbsError: 2.46966e-17
number of equations 41337
Iteration: 0
  Device: "bjt"	RelError: 1.17920e-09	AbsError: 8.29724e+03
    Region: "bjt"	RelError: 1.17920e-09	AbsError: 8.29724e+03
      Equation: "ElectronContinuityEquation"	RelError: 4.74754e-10	AbsError: 8.18018e+03
      Equation: "HoleContinuityEquation"	RelError: 7.03550e-10	AbsError: 1.17066e+02
      Equation: "PotentialEquation"	RelError: 8.98102e-13	AbsError: 1.11022e-16
  Circuit: 	RelError: 1.28497e-12	AbsError: 1.03499e-17
AC Iteration:
number of equations 41337
AC: 1000 6.74075480535533e-33 0 -0.5 1.98585050895805e-09 4.02747740254664e-06 -4.0294632530556e-06 6.53113530052059e-08 -1.54589357478516e-06 0.00015431788637042 4.59209081992465e-07 -0.000154383196812703 1.08668449270919e-06
AC Iteration:
number of equations 41337
AC: 2154.43469003188 6.74075480535533e-33 0 -0.5 1.98585050895805e-09 4.02747740254664e-06 -4.0294632530556e-06 6.53178679725155e-08 -3.33052674459044e-06 0.000154317885295047 9.89335976218496e-07 -0.000154383199979791 2.34119076823169e-06
AC Iteration:
number of equations 41337
AC: 4641.58883361278 6.74075480535533e-33 0 -0.5 1.98585050895805e-09 4.02747740254664e-06 -4.0294632530556e-06 6.53470947253576e-08 -7.17540235440995e-06 0.000154317880325353 2.13145974722735e-06 -0.000154383229741325 5.04394260677604e-06
AC Iteration:
number of equations 41337
AC: 10000 6.74075480535533e-33 0 -0.5 1.98585050895805e-09 4.02747740254664e-06 -4.0294632530556e-06 6.5483707247836e-08 -1.54589357450978e-05 0.000154317857149834 4.59209081946711e-06 -0.000154383338149682 1.08668449249914e-05
AC Iteration:
number of equations 41337
AC: 21544.3469003188 6.74075480535533e-33 0 -0.5 1.98585050895805e-09 4.02747740254664e-06 -4.0294632530556e-06 6.61183029510839e-08 -3.33052674184111e-05 0.000154317749733683 9.89335975762904e-06 -0.000154383868174718 2.34119076591804e-05
AC Iteration:
number of equations 41337
AC: 46415.8883361278 6.74075480535533e-33 0 -0.5 1.98585050895805e-09 4.02747740254664e-06 -4.0294632530556e-06 6.90644024666784e-08 -7.17540232687656e-05 0.000154317251068831 2.13145974266566e-05 -0.000154386314787986 5.04394258381822e-05
AC Iteration:
number of equations 41337
AC: 100000 6.74075480535533e-33 0 -0.5 1.98585050895805e-09 4.02747740254664e-06 -4.0294632530556e-06 8.27367944026231e-08 -0.000154589354697837 0.000154314936436945 4.5920907738553e-05 -0.000154397665267245 0.000108668446953101
AC Iteration:
number of equations 41337
AC: 215443.469003188 6.74075480535533e-33 0 -0.5 1.98585050895805e-09 4.02747740254664e-06 -4.0294632530556e-06 1.4620118300285e-07 -0.00033305264665235 0.00015430419297684 9.89335930150625e-05 -0.000154450350395341 0.000234119053628915
AC Iteration:
number of equations 41337
AC: 464158.883361278 6.74075480535533e-33 0 -0.5 1.98585050895805e-09 4.02747740254664e-06 -4.0294632530556e-06 4.40774873950958e-07 -0.000717539957372527 0.000154254326176989 0.000213145928654089 -0.000154694897570525 0.000504394028787522
AC Iteration:
number of equations 41337
AC: 1000000 6.74075480535533e-33 0 -0.5 1.98585050895805e-09 4.02747740254664e-06 -4.0294632530556e-06 1.8080648571105e-06 -0.00154589079383118 0.00015402286568538 0.000459208621263564 -0.00015582998127395 0.00108668217356037
AC Iteration:
number of equations 41337
AC: 2154434.69003189 6.74075480535533e-33 0 -0.5 1.98585050895805e-09 4.02747740254664e-06 -4.0294632530556e-06 8.15438585470487e-06 -0.00333049893532568 0.000152948533269108 0.000989331368972759 -0.000161098531527922 0.00234116757681977
AC Iteration:
number of equations 41337
AC: 4641588.83361278 6.74075480535533e-33 0 -0.5 1.98585050895805e-09 4.02747740254664e-06 -4.0294632530556e-06 3.7609817862806e-05 -0.00717512427433784 0.000147962185470546 0.0021314136768542 -0.000185551621845055 0.00504371070375019
AC Iteration:
number of equations 41337
AC: 10000000 6.74075480535533e-33 0 -0.5 1.98585050895805e-09 4.02747740254664e-06 -4.0294632530556e-06 0.000174295821200517 -0.0154561555287068 0.00012482324184615 0.00459163021270801 -0.000299024507983505 0.0108645263806438
AC Iteration:
number of equations 41337
AC: 21544346.9003189 6.74075480535533e-33 0 -0.5 1.98585050895805e-09 4.02747740254664e-06 -4.0294632530556e-06 0.000808004427194302 -0.0332774923443948 1.75429783731659e-05 0.00988875818400809 -0.000825108781601486 0.023388744804065
AC Iteration:
number of equations 41337
AC: 46415888.3361278 6.74075480535533e-33 0 -0.5 1.98585050895805e-09 4.02747740254664e-06 -4.0294632530556e-06 0.00373374668695611 -0.071477523002705 -0.000477811708555272 0.0212687891056731 -0.0032539052372252 0.050208839878157
AC Iteration:
number of equations 41337
AC: 100000000 6.74075480535533e-33 0 -0.5 1.98585050895805e-09 4.02747740254664e-06 -4.0294632530556e-06 0.0169849325321533 -0.15188094205542 -0.00272256645302557 0.0454722079223322 -0.0142530740571282 0.106409772857427
AC Iteration:
number of equations 41337
AC: 215443469.003189 6.74075480535533e-33 0 -0.5 1.98585050895805e-09 4.02747740254664e-06 -4.0294632530556e-06 0.072183010595827 -0.308317206118817 -0.0120971596728984 0.0948357583107202 -0.0600452116109154 0.213490958355834
AC Iteration:
number of equations 41337
AC: 464158883.361278 6.74075480535533e-33 0 -0.5 1.98585050895805e-09 4.02747740254664e-06 -4.0294632530556e-06 0.241777920507832 -0.541093150564578 -0.0412709825736595 0.183909100213653 -0.200353268634268 0.357252679513313
AC Iteration:
number of equations 41337
AC: 1000000000 6.74075480535533e-33 0 -0.5 1.98585050895805e-09 4.02747740254664e-06 -4.0294632530556e-06 0.508330678051138 -0.785912982560264 -0.0904911229759911 0.33313658225606 -0.417358592405247 0.453087226321423
AC Iteration:
number of equations 41337
AC: 2154434690.03189 6.74075480535533e-33 0 -0.5 1.98585050895805e-09 4.02747740254664e-06 -4.0294632530556e-06 0.792169567697352 -1.20366101259077 -0.160984469661827 0.634608553186039 -0.62959764603369 0.570095568183797
AC Iteration:
number of equations 41337
AC: 4641588833.61278 6.74075480535533e-33 0 -0.5 1.98585050895805e-09 4.02747740254664e-06 -4.0294632530556e-06 1.3407106724345 -2.0003277318717 -0.356941702674156 1.24848725310538 -0.978082518023807 0.75563991423986
AC Iteration:
number of equations 41337
AC: 10000000000 6.74075480535533e-33 0 -0.5 1.98585050895805e-09 4.02747740254664e-06 -4.0294632530556e-06 2.46092552518758 -3.10764005008271 -0.952796083993035 2.32332269157952 -1.48906838333089 0.799314097942326
AC Iteration:
number of equations 41337
AC: 21544346900.3189 6.74075480535533e-33 0 -0.5 1.98585050895805e-09 4.02747740254664e-06 -4.0294632530556e-06 4.4620445054307 -4.29311613196208 -2.4693242292083 3.72849228339459 -1.93572548949554 0.623059468369687
AC Iteration:
number of equations 41337
AC: 46415888336.1278 6.74075480535533e-33 0 -0.5 1.98585050895805e-09 4.02747740254664e-06 -4.0294632530556e-06 7.28882936013351 -4.70262827870819 -4.97301488294194 4.50693959556684 -2.17927370862957 0.400769610740883
AC Iteration:
number of equations 41337
AC: 100000000000 6.74075480535533e-33 0 -0.5 1.98585050895805e-09 4.02747740254664e-06 -4.0294632530556e-06 9.46070697036551 -4.24895117080385 -6.85028105454666 4.60866092653871 -2.33279647532554 0.210751920355288
last end -5.000000e-01 -1.000000e+00
number of equations 41337
Iteration: 0
  Device: "bjt"	RelError: 5.40871e+02	AbsError: 3.93927e+16
    Region: "bjt"	RelError: 5.40871e+02	AbsError: 3.93927e+16
      Equation: "ElectronContinuityEquation"	RelError: 4.91144e-01	AbsError: 2.21643e+16
      Equation: "HoleContinuityEquation"	RelError: 4.91283e-01	AbsError: 1.72284e+16
      Equation: "PotentialEquation"	RelError: 5.39889e+02	AbsError: 2.50000e-02
  Circuit: 	RelError: 4.89348e-01	AbsError: 2.50077e-02
Iteration: 1
  Device: "bjt"	RelError: 5.07387e-01	AbsError: 1.77030e+15
    Region: "bjt"	RelError: 5.07387e-01	AbsError: 1.77030e+15
      Equation: "ElectronContinuityEquation"	RelError: 2.52084e-01	AbsError: 8.37918e+14
      Equation: "HoleContinuityEquation"	RelError: 2.52655e-01	AbsError: 9.32384e+14
      Equation: "PotentialEquation"	RelError: 2.64818e-03	AbsError: 5.10775e-04
  Circuit: 	RelError: 2.49105e-01	AbsError: 5.23499e-06
Iteration: 2
  Device: "bjt"	RelError: 3.64735e-03	AbsError: 2.80953e+12
    Region: "bjt"	RelError: 3.64735e-03	AbsError: 2.80953e+12
      Equation: "ElectronContinuityEquation"	RelError: 1.77522e-03	AbsError: 1.01344e+12
      Equation: "HoleContinuityEquation"	RelError: 1.80184e-03	AbsError: 1.79609e+12
      Equation: "PotentialEquation"	RelError: 7.02878e-05	AbsError: 9.25833e-07
  Circuit: 	RelError: 3.76352e-04	AbsError: 7.90445e-09
Iteration: 3
  Device: "bjt"	RelError: 1.02612e-04	AbsError: 1.35347e+10
    Region: "bjt"	RelError: 1.02612e-04	AbsError: 1.35347e+10
      Equation: "ElectronContinuityEquation"	RelError: 5.17503e-06	AbsError: 1.05886e+10
      Equation: "HoleContinuityEquation"	RelError: 9.73686e-05	AbsError: 2.94608e+09
      Equation: "PotentialEquation"	RelError: 6.85167e-08	AbsError: 5.99303e-09
  Circuit: 	RelError: 1.07866e-05	AbsError: 5.83935e-12
Iteration: 4
  Device: "bjt"	RelError: 3.36815e-09	AbsError: 2.79103e+06
    Region: "bjt"	RelError: 3.36815e-09	AbsError: 2.79103e+06
      Equation: "ElectronContinuityEquation"	RelError: 2.52520e-10	AbsError: 2.51787e+06
      Equation: "HoleContinuityEquation"	RelError: 3.08634e-09	AbsError: 2.73167e+05
      Equation: "PotentialEquation"	RelError: 2.92819e-11	AbsError: 2.70710e-13
  Circuit: 	RelError: 2.67337e-12	AbsError: 5.86152e-19
Iteration: 5
  Device: "bjt"	RelError: 4.54407e-10	AbsError: 8.27778e+03
    Region: "bjt"	RelError: 4.54407e-10	AbsError: 8.27778e+03
      Equation: "ElectronContinuityEquation"	RelError: 1.54872e-10	AbsError: 8.18282e+03
      Equation: "HoleContinuityEquation"	RelError: 2.98555e-10	AbsError: 9.49625e+01
      Equation: "PotentialEquation"	RelError: 9.79592e-13	AbsError: 1.35070e-16
  Circuit: 	RelError: 3.73763e-13	AbsError: 2.17258e-18
Succeeded
number of equations 41337
Iteration: 0
  Device: "bjt"	RelError: 5.90739e-10	AbsError: 8.27502e+03
    Region: "bjt"	RelError: 5.90739e-10	AbsError: 8.27502e+03
      Equation: "ElectronContinuityEquation"	RelError: 2.90687e-10	AbsError: 8.18282e+03
      Equation: "HoleContinuityEquation"	RelError: 2.99174e-10	AbsError: 9.22015e+01
      Equation: "PotentialEquation"	RelError: 8.76903e-13	AbsError: 1.11022e-16
  Circuit: 	RelError: 1.53796e-12	AbsError: 3.22988e-17
number of equations 41337
Iteration: 0
  Device: "bjt"	RelError: 3.79740e-10	AbsError: 8.28798e+03
    Region: "bjt"	RelError: 3.79740e-10	AbsError: 8.28798e+03
      Equation: "ElectronContinuityEquation"	RelError: 9.46221e-11	AbsError: 8.18282e+03
      Equation: "HoleContinuityEquation"	RelError: 2.84374e-10	AbsError: 1.05156e+02
      Equation: "PotentialEquation"	RelError: 7.43698e-13	AbsError: 1.11022e-16
  Circuit: 	RelError: 1.57933e-12	AbsError: 2.28466e-17
number of equations 41337
Iteration: 0
  Device: "bjt"	RelError: 3.59147e-10	AbsError: 8.25983e+03
    Region: "bjt"	RelError: 3.59147e-10	AbsError: 8.25983e+03
      Equation: "ElectronContinuityEquation"	RelError: 7.46987e-11	AbsError: 8.18282e+03
      Equation: "HoleContinuityEquation"	RelError: 2.83742e-10	AbsError: 7.70033e+01
      Equation: "PotentialEquation"	RelError: 7.06755e-13	AbsError: 1.11022e-16
  Circuit: 	RelError: 6.57989e-13	AbsError: 1.38212e-17
AC Iteration:
number of equations 41337
AC: 1000 3.2740809054583e-33 1.10681459358705e-32 -0.525 4.61198751475973e-09 1.04995778976441e-05 -1.05041898851589e-05 1.59008241496363e-07 -1.5773687334159e-06 0.000402213205919634 4.59597232589847e-07 -0.000402372213156766 1.11777150067596e-06
AC Iteration:
number of equations 41337
AC: 2154.43469003188 3.2740809054583e-33 1.10681459358705e-32 -0.525 4.61198751475973e-09 1.04995778976441e-05 -1.05041898851589e-05 1.59014838827355e-07 -3.39833791821918e-06 0.000402213204833488 9.90172221330826e-07 -0.000402372220517877 2.40816569657012e-06
AC Iteration:
number of equations 41337
AC: 4641.58883361278 3.2740809054583e-33 1.10681459358705e-32 -0.525 4.61198751475973e-09 1.04995778976441e-05 -1.05041898851589e-05 1.5904553989012e-07 -7.3214970992331e-06 0.000402213199642791 2.13326138269846e-06 -0.000402372247512465 5.18823571590189e-06
AC Iteration:
number of equations 41337
AC: 10000 3.2740809054583e-33 1.10681459358705e-32 -0.525 4.61198751475973e-09 1.04995778976441e-05 -1.05041898851589e-05 1.59188811516352e-07 -1.57736873312129e-05 0.00040221317603251 4.5959723254204e-06 -0.000402372364460175 1.1177715004383e-05
AC Iteration:
number of equations 41337
AC: 21544.3469003188 3.2740809054583e-33 1.10681459358705e-32 -0.525 4.61198751475973e-09 1.04995778976441e-05 -1.05041898851589e-05 1.59853136390907e-07 -3.39833791527719e-05 0.000402213066269269 9.90172220857358e-06 -0.000402372919907033 2.40816569412788e-05
AC Iteration:
number of equations 41337
AC: 46415.8883361278 3.2740809054583e-33 1.10681459358705e-32 -0.525 4.61198751475973e-09 1.04995778976441e-05 -1.05041898851589e-05 1.6293572900164e-07 -7.32149706980634e-05 0.00040221255613629 2.13326137794533e-05 -0.000402375491824326 5.18823569119584e-05
AC Iteration:
number of equations 41337
AC: 100000 3.2740809054583e-33 1.10681459358705e-32 -0.525 4.61198751475973e-09 1.04995778976441e-05 -1.05041898851589e-05 1.77245026942136e-07 -0.000157736870369472 0.000402210187888369 4.59597227773645e-05 -0.000402387420983795 0.000111777147580737
AC Iteration:
number of equations 41337
AC: 215443.469003188 3.2740809054583e-33 1.10681459358705e-32 -0.525 4.61198751475973e-09 1.04995778976441e-05 -1.05041898851589e-05 2.43665641672758e-07 -0.000339833762100199 0.000402199196124184 9.90172173162063e-05 -0.000402442818911174 0.000240816544764067
AC Iteration:
number of equations 41337
AC: 464158.883361278 3.2740809054583e-33 1.10681459358705e-32 -0.525 4.61198751475973e-09 1.04995778976441e-05 -1.05041898851589e-05 5.51961019220968e-07 -0.00073214941270616 0.000402148177529485 0.000213326090104286 -0.000402699927607975 0.0005188233226536
AC Iteration:
number of equations 41337
AC: 1000000 3.2740809054583e-33 1.10681459358705e-32 -0.525 4.61198751475973e-09 1.04995778976441e-05 -1.05041898851589e-05 1.98293464310436e-06 -0.00157736576095997 0.000401911370287683 0.00045959675088262 -0.000403893341663717 0.00111776901105127
AC Iteration:
number of equations 41337
AC: 2154434.69003189 3.2740809054583e-33 1.10681459358705e-32 -0.525 4.61198751475973e-09 1.04995778976441e-05 -1.05041898851589e-05 8.62484763092106e-06 -0.00339830819397161 0.00040081222097158 0.000990167404294527 -0.000409432588515026 0.00240814080052394
AC Iteration:
number of equations 41337
AC: 4641588.83361278 3.2740809054583e-33 1.10681459358705e-32 -0.525 4.61198751475973e-09 1.04995778976441e-05 -1.05041898851589e-05 3.94521547507504e-05 -0.00732119987077823 0.000395710701545026 0.00213321321461398 -0.00043514206913033 0.00518798676698212
AC Iteration:
number of equations 41337
AC: 10000000 3.2740809054583e-33 1.10681459358705e-32 -0.525 4.61198751475973e-09 1.04995778976441e-05 -1.05041898851589e-05 0.000182502731380619 -0.0157707156979646 0.000372037563647708 0.00459549075056882 -0.000554443813478663 0.0111752260610648
AC Iteration:
number of equations 41337
AC: 21544346.9003189 3.2740809054583e-33 1.10681459358705e-32 -0.525 4.61198751475973e-09 1.04995778976441e-05 -1.05041898851589e-05 0.000845686291124537 -0.0339536930125678 0.000262286054804014 0.00989691137197729 -0.00110752481344994 0.0240567927778068
AC Iteration:
number of equations 41337
AC: 46415888.3361278 3.2740809054583e-33 1.10681459358705e-32 -0.525 4.61198751475973e-09 1.04995778976441e-05 -1.05041898851589e-05 0.00390681296756262 -0.0729195026156158 -0.00024436289678895 0.0212847320372312 -0.00366037939710627 0.0516348814666239
AC Iteration:
number of equations 41337
AC: 100000000 3.2740809054583e-33 1.10681459358705e-32 -0.525 4.61198751475973e-09 1.04995778976441e-05 -1.05041898851589e-05 0.0177568714573808 -0.154845171482733 -0.00253791769371553 0.0454911414108746 -0.0152094804680327 0.109355115994919
AC Iteration:
number of equations 41337
AC: 215443469.003189 3.2740809054583e-33 1.10681459358705e-32 -0.525 4.61198751475973e-09 1.04995778976441e-05 -1.05041898851589e-05 0.0752005321727216 -0.31351860842431 -0.0120751671078123 0.0947535304374559 -0.0630840404557524 0.21877498611821
AC Iteration:
number of equations 41337
AC: 464158883.361278 3.2740809054583e-33 1.10681459358705e-32 -0.525 4.61198751475973e-09 1.04995778976441e-05 -1.05041898851589e-05 0.249297431420063 -0.546422341134221 -0.0413611609157771 0.183231400532296 -0.207781088690391 0.363261704365165
AC Iteration:
number of equations 41337
AC: 1000000000 3.2740809054583e-33 1.10681459358705e-32 -0.525 4.61198751475973e-09 1.04995778976441e-05 -1.05041898851589e-05 0.517096710869962 -0.789141886570841 -0.0898300381743506 0.331735098073969 -0.426783736927031 0.457722975567783
AC Iteration:
number of equations 41337
AC: 2154434690.03189 3.2740809054583e-33 1.10681459358705e-32 -0.525 4.61198751475973e-09 1.04995778976441e-05 -1.05041898851589e-05 0.802273703534207 -1.20901388808895 -0.159631770556195 0.633129001169063 -0.641047435840155 0.576941306339492
AC Iteration:
number of equations 41337
AC: 4641588833.61278 3.2740809054583e-33 1.10681459358705e-32 -0.525 4.61198751475973e-09 1.04995778976441e-05 -1.05041898851589e-05 1.35690438214306 -2.00477840921422 -0.355242761732056 1.24615590023592 -0.995962563079722 0.762467879194913
AC Iteration:
number of equations 41337
AC: 10000000000 3.2740809054583e-33 1.10681459358705e-32 -0.525 4.61198751475973e-09 1.04995778976441e-05 -1.05041898851589e-05 2.47926530262744 -3.10513095205875 -0.949217597952259 2.31917763133708 -1.51100192517165 0.801062004175595
AC Iteration:
number of equations 41337
AC: 21544346900.3189 3.2740809054583e-33 1.10681459358705e-32 -0.525 4.61198751475973e-09 1.04995778976441e-05 -1.05041898851589e-05 4.47492854458252 -4.28437536014482 -2.4611588160857 3.72502380559598 -1.95688924189417 0.61795672077761
AC Iteration:
number of equations 41337
AC: 46415888336.1278 3.2740809054583e-33 1.10681459358705e-32 -0.525 4.61198751475973e-09 1.04995778976441e-05 -1.05041898851589e-05 7.29442721822029 -4.6943383993365 -4.96389482271865 4.5085332941801 -2.1942243081667 0.391046195701679
AC Iteration:
number of equations 41337
AC: 100000000000 3.2740809054583e-33 1.10681459358705e-32 -0.525 4.61198751475973e-09 1.04995778976441e-05 -1.05041898851589e-05 9.46228468118236 -4.24339129057886 -6.84475521185076 4.6125420919912 -2.34023498905245 0.201414554629476
last end -5.250000e-01 -1.000000e+00
number of equations 41337
Iteration: 0
  Device: "bjt"	RelError: 2.21159e+02	AbsError: 4.04494e+16
    Region: "bjt"	RelError: 2.21159e+02	AbsError: 4.04494e+16
      Equation: "ElectronContinuityEquation"	RelError: 4.91142e-01	AbsError: 2.24320e+16
      Equation: "HoleContinuityEquation"	RelError: 4.91283e-01	AbsError: 1.80175e+16
      Equation: "PotentialEquation"	RelError: 2.20177e+02	AbsError: 2.50000e-02
  Circuit: 	RelError: 4.89294e-01	AbsError: 2.50201e-02
Iteration: 1
  Device: "bjt"	RelError: 5.06921e-01	AbsError: 1.92423e+15
    Region: "bjt"	RelError: 5.06921e-01	AbsError: 1.92423e+15
      Equation: "ElectronContinuityEquation"	RelError: 2.52013e-01	AbsError: 9.22838e+14
      Equation: "HoleContinuityEquation"	RelError: 2.52639e-01	AbsError: 1.00139e+15
      Equation: "PotentialEquation"	RelError: 2.26900e-03	AbsError: 5.62899e-04
  Circuit: 	RelError: 2.49030e-01	AbsError: 1.36403e-05
Iteration: 2
  Device: "bjt"	RelError: 3.66738e-03	AbsError: 3.59842e+12
    Region: "bjt"	RelError: 3.66738e-03	AbsError: 3.59842e+12
      Equation: "ElectronContinuityEquation"	RelError: 1.84383e-03	AbsError: 1.36967e+12
      Equation: "HoleContinuityEquation"	RelError: 1.76105e-03	AbsError: 2.22875e+12
      Equation: "PotentialEquation"	RelError: 6.25085e-05	AbsError: 1.48519e-06
  Circuit: 	RelError: 3.94712e-04	AbsError: 2.16068e-08
Iteration: 3
  Device: "bjt"	RelError: 1.04507e-04	AbsError: 3.29025e+10
    Region: "bjt"	RelError: 1.04507e-04	AbsError: 3.29025e+10
      Equation: "ElectronContinuityEquation"	RelError: 8.54040e-06	AbsError: 2.56306e+10
      Equation: "HoleContinuityEquation"	RelError: 9.58909e-05	AbsError: 7.27189e+09
      Equation: "PotentialEquation"	RelError: 7.60041e-08	AbsError: 1.46202e-08
  Circuit: 	RelError: 1.26374e-05	AbsError: 3.22255e-11
Iteration: 4
  Device: "bjt"	RelError: 4.91231e-09	AbsError: 1.31565e+07
    Region: "bjt"	RelError: 4.91231e-09	AbsError: 1.31565e+07
      Equation: "ElectronContinuityEquation"	RelError: 2.43268e-09	AbsError: 1.23789e+07
      Equation: "HoleContinuityEquation"	RelError: 2.45301e-09	AbsError: 7.77570e+05
      Equation: "PotentialEquation"	RelError: 2.66261e-11	AbsError: 2.71935e-12
  Circuit: 	RelError: 9.44647e-13	AbsError: 4.55389e-17
Iteration: 5
  Device: "bjt"	RelError: 2.32363e-10	AbsError: 8.29470e+03
    Region: "bjt"	RelError: 2.32363e-10	AbsError: 8.29470e+03
      Equation: "ElectronContinuityEquation"	RelError: 1.13268e-10	AbsError: 8.18020e+03
      Equation: "HoleContinuityEquation"	RelError: 1.18856e-10	AbsError: 1.14506e+02
      Equation: "PotentialEquation"	RelError: 2.39313e-13	AbsError: 1.11022e-16
  Circuit: 	RelError: 1.17142e-12	AbsError: 6.41102e-17
Succeeded
number of equations 41337
Iteration: 0
  Device: "bjt"	RelError: 1.35826e-10	AbsError: 8.26990e+03
    Region: "bjt"	RelError: 1.35826e-10	AbsError: 8.26990e+03
      Equation: "ElectronContinuityEquation"	RelError: 5.17159e-11	AbsError: 8.18020e+03
      Equation: "HoleContinuityEquation"	RelError: 8.39667e-11	AbsError: 8.97060e+01
      Equation: "PotentialEquation"	RelError: 1.43376e-13	AbsError: 1.11022e-16
  Circuit: 	RelError: 7.27262e-13	AbsError: 3.31012e-17
number of equations 41337
Iteration: 0
  Device: "bjt"	RelError: 1.09786e-10	AbsError: 8.26184e+03
    Region: "bjt"	RelError: 1.09786e-10	AbsError: 8.26184e+03
      Equation: "ElectronContinuityEquation"	RelError: 4.32276e-11	AbsError: 8.18020e+03
      Equation: "HoleContinuityEquation"	RelError: 6.62853e-11	AbsError: 8.16384e+01
      Equation: "PotentialEquation"	RelError: 2.73575e-13	AbsError: 1.11022e-16
  Circuit: 	RelError: 2.65544e-13	AbsError: 1.45294e-17
number of equations 41337
Iteration: 0
  Device: "bjt"	RelError: 1.10084e-10	AbsError: 8.26667e+03
    Region: "bjt"	RelError: 1.10084e-10	AbsError: 8.26667e+03
      Equation: "ElectronContinuityEquation"	RelError: 4.32263e-11	AbsError: 8.18020e+03
      Equation: "HoleContinuityEquation"	RelError: 6.62999e-11	AbsError: 8.64704e+01
      Equation: "PotentialEquation"	RelError: 5.58129e-13	AbsError: 1.11022e-16
  Circuit: 	RelError: 9.62286e-14	AbsError: 5.26762e-18
AC Iteration:
number of equations 41337
AC: 1000 4.81482486096809e-35 -2.5359550451133e-33 -0.55 1.10989613685662e-08 2.73658866094819e-05 -2.73769855708505e-05 3.96523049819382e-07 -1.61259074020885e-06 0.00104805480550403 4.60632308666417e-07 -0.00104845132907833 1.15195843124303e-06
AC Iteration:
number of equations 41337
AC: 2154.43469003188 4.81482486096809e-35 -2.5359550451133e-33 -0.55 1.10989613685662e-08 2.73658866094819e-05 -2.73769855708505e-05 3.96530087796077e-07 -3.4742214315047e-06 0.0010480548042915 9.92402225130103e-07 -0.00104845133748494 2.48181920570315e-06
AC Iteration:
number of equations 41337
AC: 4641.58883361278 4.81482486096809e-35 -2.5359550451133e-33 -0.55 1.10989613685662e-08 2.73658866094819e-05 -2.73769855708505e-05 3.96562481432523e-07 -7.48498317263273e-06 0.00104805479896907 2.13806578025361e-06 -0.00104845136135489 5.34691739098748e-06
AC Iteration:
number of equations 41337
AC: 10000 4.81482486096809e-35 -2.5359550451133e-33 -0.55 1.10989613685662e-08 2.73658866094819e-05 -2.73769855708505e-05 3.96713091662894e-07 -1.61259073989188e-05 0.00104805477440819 4.60632308609638e-06 -0.00104845149089562 1.15195843096945e-05
AC Iteration:
number of equations 41337
AC: 21544.3469003188 4.81482486096809e-35 -2.5359550451133e-33 -0.55 1.10989613685662e-08 2.73658866094819e-05 -2.73769855708505e-05 3.97411564520338e-07 -3.47422142833621e-05 0.00104805466163768 9.92402224632636e-06 -0.00104845207617976 2.48181920302731e-05
AC Iteration:
number of equations 41337
AC: 46415.8883361278 4.81482486096809e-35 -2.5359550451133e-33 -0.55 1.10989613685662e-08 2.73658866094819e-05 -2.73769855708505e-05 4.00652402474837e-07 -7.48498314096886e-05 0.00104805413673641 2.13806577522333e-05 -0.00104845478766474 5.34691736434746e-05
AC Iteration:
number of equations 41337
AC: 100000 4.81482486096809e-35 -2.5359550451133e-33 -0.55 1.10989613685662e-08 2.73658866094819e-05 -2.73769855708505e-05 4.15695375510806e-07 -0.000161259070822525 0.00104805170024166 4.60632303591033e-05 -0.00104846738772115 0.000115195840434615
AC Iteration:
number of equations 41337
AC: 215443.469003188 4.81482486096809e-35 -2.5359550451133e-33 -0.55 1.10989613685662e-08 2.73658866094819e-05 -2.73769855708505e-05 4.85519191723835e-07 -0.000347422111167598 0.00104804038939567 9.9240217433561e-05 -0.00104852586053918 0.000248181893681407
AC Iteration:
number of equations 41337
AC: 464158.883361278 4.81482486096809e-35 -2.5359550451133e-33 -0.55 1.10989613685662e-08 2.73658866094819e-05 -2.73769855708505e-05 8.09612603133728e-07 -0.000748497997435584 0.0010479878910178 0.000213806527230852 -0.0010487972898964 0.000534691470177169
AC Iteration:
number of equations 41337
AC: 1000000 4.81482486096809e-35 -2.5359550451133e-33 -0.55 1.10989613685662e-08 2.73658866094819e-05 -2.73769855708505e-05 2.31391402079666e-06 -0.00161258754162241 0.00104774421619006 0.000460631800687992 -0.00105005714391809 0.00115195574180297
AC Iteration:
number of equations 41337
AC: 2154434.69003189 4.81482486096809e-35 -2.5359550451133e-33 -0.55 1.10989613685662e-08 2.73658866094819e-05 -2.73769855708505e-05 9.29617886687191e-06 -0.00347418944598221 0.00104661319064302 0.000992397145402681 -0.0010559047894427 0.00248179231164817
AC Iteration:
number of equations 41337
AC: 4641588.83361278 4.81482486096809e-35 -2.5359550451133e-33 -0.55 1.10989613685662e-08 2.73658866094819e-05 -2.73769855708505e-05 4.17030858069113e-05 -0.00748466333320118 0.00104136373856159 0.00213801498553681 -0.00108304557619565 0.00534664846343861
AC Iteration:
number of equations 41337
AC: 10000000 4.81482486096809e-35 -2.5359550451133e-33 -0.55 1.10989613685662e-08 2.73658866094819e-05 -2.73769855708505e-05 0.000192081752389078 -0.0161227097391463 0.00101700444370321 0.00460581525678091 -0.00120898755590107 0.011516895651749
AC Iteration:
number of equations 41337
AC: 21544346.9003189 4.81482486096809e-35 -2.5359550451133e-33 -0.55 1.10989613685662e-08 2.73658866094819e-05 -2.73769855708505e-05 0.000889198455554647 -0.0347102717369523 0.000904078560301523 0.00991894941408806 -0.00179281952257381 0.024791334026891
AC Iteration:
number of equations 41337
AC: 46415888.3361278 4.81482486096809e-35 -2.5359550451133e-33 -0.55 1.10989613685662e-08 2.73658866094819e-05 -2.73769855708505e-05 0.00410610319089878 -0.0745319768362333 0.000382918754398342 0.0213301812668973 -0.00448690549898164 0.0532019121018775
AC Iteration:
number of equations 41337
AC: 100000000 4.81482486096809e-35 -2.5359550451133e-33 -0.55 1.10989613685662e-08 2.73658866094819e-05 -2.73769855708505e-05 0.0186435762150501 -0.158151431113587 -0.00197341892763732 0.0455698122445281 -0.0166604817870505 0.112582758994985
AC Iteration:
number of equations 41337
AC: 215443469.003189 4.81482486096809e-35 -2.5359550451133e-33 -0.55 1.10989613685662e-08 2.73658866094819e-05 -2.73769855708505e-05 0.0786387336568574 -0.319258470470935 -0.0117224983693863 0.0947702361198273 -0.0668741544192316 0.224498595463537
AC Iteration:
number of equations 41337
AC: 464158883.361278 4.81482486096809e-35 -2.5359550451133e-33 -0.55 1.10989613685662e-08 2.73658866094819e-05 -2.73769855708505e-05 0.257669801937253 -0.552108220472812 -0.0412041151320965 0.18264238428083 -0.21630889118526 0.369538976622663
AC Iteration:
number of equations 41337
AC: 1000000000 4.81482486096809e-35 -2.5359550451133e-33 -0.55 1.10989613685662e-08 2.73658866094819e-05 -2.73769855708505e-05 0.526597151848373 -0.792540654218539 -0.0889535959214996 0.330379738468691 -0.437158543172529 0.462482913022536
AC Iteration:
number of equations 41337
AC: 2154434690.03189 4.81482486096809e-35 -2.5359550451133e-33 -0.55 1.10989613685662e-08 2.73658866094819e-05 -2.73769855708505e-05 0.813276600907491 -1.21485786740747 -0.15810014573537 0.631667777754151 -0.653574266247121 0.584261003827947
AC Iteration:
number of equations 41337
AC: 4641588833.61278 4.81482486096809e-35 -2.5359550451133e-33 -0.55 1.10989613685662e-08 2.73658866094819e-05 -2.73769855708505e-05 1.37456780748185 -2.00955104192269 -0.353404627109526 1.24374142499049 -1.01545060523461 0.769705090402777
AC Iteration:
number of equations 41337
AC: 10000000000 4.81482486096809e-35 -2.5359550451133e-33 -0.55 1.10989613685662e-08 2.73658866094819e-05 -2.73769855708505e-05 2.49921745501699 -3.10227036633278 -0.945386802432673 2.31473002772199 -1.5348022836546 0.80277080826632
AC Iteration:
number of equations 41337
AC: 21544346900.3189 4.81482486096809e-35 -2.5359550451133e-33 -0.55 1.10989613685662e-08 2.73658866094819e-05 -2.73769855708505e-05 4.48876980255492 -4.27472299191129 -2.4523233878047 3.7213282954993 -1.97969214125771 0.612182042110851
AC Iteration:
number of equations 41337
AC: 46415888336.1278 4.81482486096809e-35 -2.5359550451133e-33 -0.55 1.10989613685662e-08 2.73658866094819e-05 -2.73769855708505e-05 7.30028545397502 -4.68532999518649 -4.95412400007756 4.51034803615995 -2.21010625793938 0.380390828013404
AC Iteration:
number of equations 41337
AC: 100000000000 4.81482486096809e-35 -2.5359550451133e-33 -0.55 1.10989613685662e-08 2.73658866094819e-05 -2.73769855708505e-05 9.46386045595172 -4.23745234960847 -6.83891971418357 4.61673191276783 -2.34800426036226 0.191390070474549
last end -5.500000e-01 -1.000000e+00
number of equations 41337
Iteration: 0
  Device: "bjt"	RelError: 3.05883e+02	AbsError: 4.15803e+16
    Region: "bjt"	RelError: 3.05883e+02	AbsError: 4.15803e+16
      Equation: "ElectronContinuityEquation"	RelError: 4.91139e-01	AbsError: 2.26340e+16
      Equation: "HoleContinuityEquation"	RelError: 4.91283e-01	AbsError: 1.89462e+16
      Equation: "PotentialEquation"	RelError: 3.04901e+02	AbsError: 2.50000e-02
  Circuit: 	RelError: 4.89231e-01	AbsError: 2.50524e-02
Iteration: 1
  Device: "bjt"	RelError: 5.08069e-01	AbsError: 2.09540e+15
    Region: "bjt"	RelError: 5.08069e-01	AbsError: 2.09540e+15
      Equation: "ElectronContinuityEquation"	RelError: 2.51953e-01	AbsError: 1.02710e+15
      Equation: "HoleContinuityEquation"	RelError: 2.52583e-01	AbsError: 1.06830e+15
      Equation: "PotentialEquation"	RelError: 3.53287e-03	AbsError: 6.29606e-04
  Circuit: 	RelError: 2.48939e-01	AbsError: 3.55297e-05
Iteration: 2
  Device: "bjt"	RelError: 3.52818e-03	AbsError: 4.13807e+12
    Region: "bjt"	RelError: 3.52818e-03	AbsError: 4.13807e+12
      Equation: "ElectronContinuityEquation"	RelError: 1.82707e-03	AbsError: 1.56573e+12
      Equation: "HoleContinuityEquation"	RelError: 1.64592e-03	AbsError: 2.57234e+12
      Equation: "PotentialEquation"	RelError: 5.51897e-05	AbsError: 1.77569e-06
  Circuit: 	RelError: 4.09760e-04	AbsError: 5.84459e-08
Iteration: 3
  Device: "bjt"	RelError: 1.09010e-04	AbsError: 7.80819e+10
    Region: "bjt"	RelError: 1.09010e-04	AbsError: 7.80819e+10
      Equation: "ElectronContinuityEquation"	RelError: 1.40257e-05	AbsError: 6.05170e+10
      Equation: "HoleContinuityEquation"	RelError: 9.48168e-05	AbsError: 1.75649e+10
      Equation: "PotentialEquation"	RelError: 1.67769e-07	AbsError: 3.48558e-08
  Circuit: 	RelError: 1.40346e-05	AbsError: 1.68197e-10
Iteration: 4
  Device: "bjt"	RelError: 5.45232e-09	AbsError: 3.54436e+07
    Region: "bjt"	RelError: 5.45232e-09	AbsError: 3.54436e+07
      Equation: "ElectronContinuityEquation"	RelError: 4.42931e-09	AbsError: 3.28910e+07
      Equation: "HoleContinuityEquation"	RelError: 9.44487e-10	AbsError: 2.55266e+06
      Equation: "PotentialEquation"	RelError: 7.85187e-11	AbsError: 1.13435e-11
  Circuit: 	RelError: 9.32996e-13	AbsError: 1.31551e-16
Iteration: 5
  Device: "bjt"	RelError: 6.01302e-11	AbsError: 8.28993e+03
    Region: "bjt"	RelError: 6.01302e-11	AbsError: 8.28993e+03
      Equation: "ElectronContinuityEquation"	RelError: 2.42689e-11	AbsError: 8.18141e+03
      Equation: "HoleContinuityEquation"	RelError: 3.53802e-11	AbsError: 1.08523e+02
      Equation: "PotentialEquation"	RelError: 4.81127e-13	AbsError: 1.13898e-16
  Circuit: 	RelError: 1.51121e-13	AbsError: 1.32009e-18
Succeeded
number of equations 41337
Iteration: 0
  Device: "bjt"	RelError: 5.34306e-11	AbsError: 8.27977e+03
    Region: "bjt"	RelError: 5.34306e-11	AbsError: 8.27977e+03
      Equation: "ElectronContinuityEquation"	RelError: 1.93190e-11	AbsError: 8.18149e+03
      Equation: "HoleContinuityEquation"	RelError: 3.37291e-11	AbsError: 9.82783e+01
      Equation: "PotentialEquation"	RelError: 3.82535e-13	AbsError: 1.11022e-16
  Circuit: 	RelError: 2.71376e-13	AbsError: 3.00855e-17
number of equations 41337
Iteration: 0
  Device: "bjt"	RelError: 5.85425e-11	AbsError: 8.28662e+03
    Region: "bjt"	RelError: 5.85425e-11	AbsError: 8.28662e+03
      Equation: "ElectronContinuityEquation"	RelError: 2.44475e-11	AbsError: 8.18141e+03
      Equation: "HoleContinuityEquation"	RelError: 3.37287e-11	AbsError: 1.05215e+02
      Equation: "PotentialEquation"	RelError: 3.66258e-13	AbsError: 1.11022e-16
  Circuit: 	RelError: 2.68813e-13	AbsError: 9.56007e-18
number of equations 41337
Iteration: 0
  Device: "bjt"	RelError: 4.47168e-11	AbsError: 8.28251e+03
    Region: "bjt"	RelError: 4.47168e-11	AbsError: 8.28251e+03
      Equation: "ElectronContinuityEquation"	RelError: 2.51509e-11	AbsError: 8.18149e+03
      Equation: "HoleContinuityEquation"	RelError: 1.91818e-11	AbsError: 1.01016e+02
      Equation: "PotentialEquation"	RelError: 3.84034e-13	AbsError: 1.11022e-16
  Circuit: 	RelError: 1.89180e-13	AbsError: 1.57353e-17
AC Iteration:
number of equations 41337
AC: 1000 6.64445830813596e-33 1.39074242747922e-32 -0.575 2.74439634393521e-08 7.13072044980428e-05 -7.13346484614821e-05 1.00580834804233e-06 -1.65235475522464e-06 0.00273012236184096 4.63398691024527e-07 -0.00273112816422714 1.18895606347639e-06
AC Iteration:
number of equations 41337
AC: 2154.43469003188 6.64445830813596e-33 1.39074242747922e-32 -0.575 2.74439634393521e-08 7.13072044980428e-05 -7.13346484614821e-05 1.00581590079204e-06 -3.55989040486653e-06 0.00273012236075335 9.98362215262798e-07 -0.00273112817417831 2.56152818804529e-06
AC Iteration:
number of equations 41337
AC: 4641.58883361278 6.64445830813596e-33 1.39074242747922e-32 -0.575 2.74439634393521e-08 7.13072044980428e-05 -7.13346484614821e-05 1.00584980992025e-06 -7.66955138068526e-06 0.00273012235525363 2.15090618973064e-06 -0.00273112820107501 5.51864518763939e-06
AC Iteration:
number of equations 41337
AC: 10000 6.64445830813596e-33 1.39074242747922e-32 -0.575 2.74439634393521e-08 7.13072044980428e-05 -7.13346484614821e-05 1.00600893655542e-06 -1.65235475488146e-05 0.00273012232987949 4.63398690973445e-06 -0.00273112833685241 1.1889560631924e-05
AC Iteration:
number of equations 41337
AC: 21544.3469003188 6.64445830813596e-33 1.39074242747922e-32 -0.575 2.74439634393521e-08 7.13072044980428e-05 -7.13346484614821e-05 1.00674702222611e-06 -3.5598904014315e-05 0.00273012221202788 9.98362214715499e-06 -0.00273112895243766 2.56152818517522e-05
AC Iteration:
number of equations 41337
AC: 46415.8883361278 6.64445830813596e-33 1.39074242747922e-32 -0.575 2.74439634393521e-08 7.13072044980428e-05 -7.13346484614821e-05 1.01017208714812e-06 -7.66955134633732e-05 0.00273012166530815 2.15090618433968e-05 -0.00273113183531731 5.5186451586247e-05
AC Iteration:
number of equations 41337
AC: 100000 6.64445830813596e-33 1.39074242747922e-32 -0.575 2.74439634393521e-08 7.13072044980428e-05 -7.13346484614821e-05 1.02606817085599e-06 -0.000165235472053165 0.00273011912741447 4.63398685582937e-05 -0.00273114518196928 0.000118895603424901
AC Iteration:
number of equations 41337
AC: 215443.469003188 6.64445830813596e-33 1.39074242747922e-32 -0.575 2.74439634393521e-08 7.13072044980428e-05 -7.13346484614821e-05 1.09985461092138e-06 -0.000355989005794213 0.00273010734769208 9.98362160823905e-05 -0.00273120716074002 0.000256152789563368
AC Iteration:
number of equations 41337
AC: 464158.883361278 6.64445830813596e-33 1.39074242747922e-32 -0.575 2.74439634393521e-08 7.13072044980428e-05 -7.13346484614821e-05 1.44234348553015e-06 -0.00076695479114118 0.00273005267102958 0.000215090564537823 -0.00273149479591068 0.000551864226389947
AC Iteration:
number of equations 41337
AC: 1000000 6.64445830813596e-33 1.39074242747922e-32 -0.575 2.74439634393521e-08 7.13072044980428e-05 -7.13346484614821e-05 3.03203117666226e-06 -0.00165235128560897 0.00272979888545967 0.000463398146637646 -0.0027328299033294 0.00118895313948248
AC Iteration:
number of equations 41337
AC: 2154434.69003189 6.64445830813596e-33 1.39074242747922e-32 -0.575 2.74439634393521e-08 7.13072044980428e-05 -7.13346484614821e-05 1.04106064383554e-05 -0.00355985570908345 0.00272862093241102 0.000998356771433388 -0.00273902684958073 0.00256149894847269
AC Iteration:
number of equations 41337
AC: 4641588.83361278 6.64445830813596e-33 1.39074242747922e-32 -0.575 2.74439634393521e-08 7.13072044980428e-05 -7.13346484614821e-05 4.46568089873526e-05 -0.00766920444093502 0.00272315369227321 0.00215085175439893 -0.00276778873128259 0.00551835280691038
AC Iteration:
number of equations 41337
AC: 10000000 6.64445830813596e-33 1.39074242747922e-32 -0.575 2.74439634393521e-08 7.13072044980428e-05 -7.13346484614821e-05 0.000203568087834959 -0.016520078992343 0.00269778419610292 0.0046334426917453 -0.00290125121222 0.0118866375322231
AC Iteration:
number of equations 41337
AC: 21544346.9003189 6.64445830813596e-33 1.39074242747922e-32 -0.575 2.74439634393521e-08 7.13072044980428e-05 -7.13346484614821e-05 0.000940189861531679 -0.0355642574311203 0.00258018396567814 0.00997818622864116 -0.00351990507925204 0.0255860835610583
AC Iteration:
number of equations 41337
AC: 46415888.3361278 6.64445830813596e-33 1.39074242747922e-32 -0.575 2.74439634393521e-08 7.13072044980428e-05 -7.13346484614821e-05 0.00433833201650636 -0.07635084516136 0.00203763809831738 0.0214549910798263 -0.00637380203353763 0.0548959771693555
AC Iteration:
number of equations 41337
AC: 100000000 6.64445830813596e-33 1.39074242747922e-32 -0.575 2.74439634393521e-08 7.13072044980428e-05 -7.13346484614821e-05 0.0196732026371253 -0.161869766887549 -0.000411651230724555 0.0458121008228732 -0.0192516484995483 0.116058869084387
AC Iteration:
number of equations 41337
AC: 215443469.003189 6.64445830813596e-33 1.39074242747922e-32 -0.575 2.74439634393521e-08 7.13072044980428e-05 -7.13346484614821e-05 0.0825923307984026 -0.325634753753442 -0.0104838559630962 0.0950813316360644 -0.0720655538217801 0.230564304027952
AC Iteration:
number of equations 41337
AC: 464158883.361278 6.64445830813596e-33 1.39074242747922e-32 -0.575 2.74439634393521e-08 7.13072044980428e-05 -7.13346484614821e-05 0.267044661542735 -0.558194820729636 -0.0404012469448687 0.182416395380661 -0.226484891359424 0.375854226870295
AC Iteration:
number of equations 41337
AC: 1000000000 6.64445830813596e-33 1.39074242747922e-32 -0.575 2.74439634393521e-08 7.13072044980428e-05 -7.13346484614821e-05 0.536935138642188 -0.79617673677277 -0.0876490328453124 0.329319113734803 -0.448798870862364 0.467185942509553
AC Iteration:
number of equations 41337
AC: 2154434690.03189 6.64445830813596e-33 1.39074242747922e-32 -0.575 2.74439634393521e-08 7.13072044980428e-05 -7.13346484614821e-05 0.82538226291043 -1.2213602913566 -0.156296349406901 0.630399082567079 -0.667475165546441 0.59204807016088
AC Iteration:
number of equations 41337
AC: 4641588833.61278 6.64445830813596e-33 1.39074242747922e-32 -0.575 2.74439634393521e-08 7.13072044980428e-05 -7.13346484614821e-05 1.39408037225583 -2.01472778068209 -0.351418842153434 1.24132521687033 -1.03693429134597 0.777353384600111
AC Iteration:
number of equations 41337
AC: 10000000000 6.64445830813596e-33 1.39074242747922e-32 -0.575 2.74439634393521e-08 7.13072044980428e-05 -7.13346484614821e-05 2.52115493816754 -3.09892096301038 -0.941275096528074 2.30992894950611 -1.56087184951378 0.804356389166869
AC Iteration:
number of equations 41337
AC: 21544346900.3189 6.64445830813596e-33 1.39074242747922e-32 -0.575 2.74439634393521e-08 7.13072044980428e-05 -7.13346484614821e-05 4.50372609619341 -4.26393708516261 -2.44266865790542 3.71736717054368 -2.00444419674996 0.605554160137107
AC Iteration:
number of equations 41337
AC: 46415888336.1278 6.64445830813596e-33 1.39074242747922e-32 -0.575 2.74439634393521e-08 7.13072044980428e-05 -7.13346484614821e-05 7.30642798391668 -4.67548293164174 -4.94356362242701 4.51245577243609 -2.22708564975019 0.368612137014312
AC Iteration:
number of equations 41337
AC: 100000000000 6.64445830813596e-33 1.39074242747922e-32 -0.575 2.74439634393521e-08 7.13072044980428e-05 -7.13346484614821e-05 9.46544192408038 -4.23109407134835 -6.8327220265813 4.62132869404664 -2.35616686771431 0.180540428256993
last end -5.750000e-01 -1.000000e+00
number of equations 41337
Iteration: 0
  Device: "bjt"	RelError: 2.71884e+00	AbsError: 4.28203e+16
    Region: "bjt"	RelError: 2.71884e+00	AbsError: 4.28203e+16
      Equation: "ElectronContinuityEquation"	RelError: 4.91135e-01	AbsError: 2.32180e+16
      Equation: "HoleContinuityEquation"	RelError: 4.91282e-01	AbsError: 1.96023e+16
      Equation: "PotentialEquation"	RelError: 1.73643e+00	AbsError: 2.50000e-02
  Circuit: 	RelError: 4.89159e-01	AbsError: 2.51366e-02
Iteration: 1
  Device: "bjt"	RelError: 5.13861e-01	AbsError: 2.31663e+15
    Region: "bjt"	RelError: 5.13861e-01	AbsError: 2.31663e+15
      Equation: "ElectronContinuityEquation"	RelError: 2.51997e-01	AbsError: 1.16928e+15
      Equation: "HoleContinuityEquation"	RelError: 2.52497e-01	AbsError: 1.14736e+15
      Equation: "PotentialEquation"	RelError: 9.36612e-03	AbsError: 6.56217e-04
  Circuit: 	RelError: 2.48823e-01	AbsError: 9.25086e-05
Iteration: 2
  Device: "bjt"	RelError: 3.30687e-03	AbsError: 4.23825e+12
    Region: "bjt"	RelError: 3.30687e-03	AbsError: 4.23825e+12
      Equation: "ElectronContinuityEquation"	RelError: 1.71093e-03	AbsError: 1.80713e+12
      Equation: "HoleContinuityEquation"	RelError: 1.54432e-03	AbsError: 2.43112e+12
      Equation: "PotentialEquation"	RelError: 5.16242e-05	AbsError: 1.65141e-06
  Circuit: 	RelError: 4.20291e-04	AbsError: 1.56157e-07
Iteration: 3
  Device: "bjt"	RelError: 1.17069e-04	AbsError: 1.84015e+11
    Region: "bjt"	RelError: 1.17069e-04	AbsError: 1.84015e+11
      Equation: "ElectronContinuityEquation"	RelError: 2.28866e-05	AbsError: 1.42693e+11
      Equation: "HoleContinuityEquation"	RelError: 9.38213e-05	AbsError: 4.13220e+10
      Equation: "PotentialEquation"	RelError: 3.61307e-07	AbsError: 8.09248e-08
  Circuit: 	RelError: 1.51634e-05	AbsError: 8.49251e-10
Iteration: 4
  Device: "bjt"	RelError: 1.49554e-08	AbsError: 1.10661e+08
    Region: "bjt"	RelError: 1.49554e-08	AbsError: 1.10661e+08
      Equation: "ElectronContinuityEquation"	RelError: 1.31408e-08	AbsError: 1.03059e+08
      Equation: "HoleContinuityEquation"	RelError: 1.64140e-09	AbsError: 7.60204e+06
      Equation: "PotentialEquation"	RelError: 1.73145e-10	AbsError: 3.56333e-11
  Circuit: 	RelError: 1.67269e-12	AbsError: 4.25242e-17
Iteration: 5
  Device: "bjt"	RelError: 3.57229e-11	AbsError: 8.28458e+03
    Region: "bjt"	RelError: 3.57229e-11	AbsError: 8.28458e+03
      Equation: "ElectronContinuityEquation"	RelError: 2.38554e-11	AbsError: 8.18020e+03
      Equation: "HoleContinuityEquation"	RelError: 1.15678e-11	AbsError: 1.04386e+02
      Equation: "PotentialEquation"	RelError: 2.99740e-13	AbsError: 1.11022e-16
  Circuit: 	RelError: 1.12504e-13	AbsError: 4.17079e-17
Succeeded
number of equations 41337
Iteration: 0
  Device: "bjt"	RelError: 1.89678e-11	AbsError: 8.31484e+03
    Region: "bjt"	RelError: 1.89678e-11	AbsError: 8.31484e+03
      Equation: "ElectronContinuityEquation"	RelError: 7.82582e-12	AbsError: 8.18020e+03
      Equation: "HoleContinuityEquation"	RelError: 1.08762e-11	AbsError: 1.34641e+02
      Equation: "PotentialEquation"	RelError: 2.65803e-13	AbsError: 1.11022e-16
  Circuit: 	RelError: 7.64474e-14	AbsError: 3.06569e-18
number of equations 41337
Iteration: 0
  Device: "bjt"	RelError: 2.81356e-11	AbsError: 8.29217e+03
    Region: "bjt"	RelError: 2.81356e-11	AbsError: 8.29217e+03
      Equation: "ElectronContinuityEquation"	RelError: 1.75402e-11	AbsError: 8.18020e+03
      Equation: "HoleContinuityEquation"	RelError: 1.04418e-11	AbsError: 1.11973e+02
      Equation: "PotentialEquation"	RelError: 1.53566e-13	AbsError: 1.11022e-16
  Circuit: 	RelError: 1.64568e-14	AbsError: 6.05465e-18
number of equations 41337
Iteration: 0
  Device: "bjt"	RelError: 2.80264e-11	AbsError: 8.29175e+03
    Region: "bjt"	RelError: 2.80264e-11	AbsError: 8.29175e+03
      Equation: "ElectronContinuityEquation"	RelError: 1.04646e-11	AbsError: 8.18020e+03
      Equation: "HoleContinuityEquation"	RelError: 1.73399e-11	AbsError: 1.11556e+02
      Equation: "PotentialEquation"	RelError: 2.21892e-13	AbsError: 1.11022e-16
  Circuit: 	RelError: 3.73546e-14	AbsError: 8.80614e-18
AC Iteration:
number of equations 41337
AC: 1000 1.92592994438724e-33 -1.70519383415517e-32 -0.6 6.92005260539947e-08 0.000185747893277383 -0.000185817093803437 2.5812671776064e-06 -1.69803336489655e-06 0.00710920044163126 4.70813476967199e-07 -0.00711178170523358 1.22721988608541e-06
AC Iteration:
number of equations 41337
AC: 2154.43469003188 1.92592994438724e-33 -1.70519383415517e-32 -0.6 6.92005260539947e-08 0.000185747893277383 -0.000185817093803437 2.58127501039264e-06 -3.65830198613366e-06 0.00710920044038785 1.01433688730859e-06 -0.00711178171168248 2.64396509486813e-06
AC Iteration:
number of equations 41337
AC: 4641.58883361278 1.92592994438724e-33 -1.70519383415517e-32 -0.6 6.92005260539947e-08 0.000185747893277383 -0.000185817093803437 2.58131139454951e-06 -7.88157270524307e-06 0.00710920043454254 2.18532257735027e-06 -0.00711178174826665 5.69625011929741e-06
AC Iteration:
number of equations 41337
AC: 10000 1.92592994438724e-33 -1.70519383415517e-32 -0.6 6.92005260539947e-08 0.000185747893277383 -0.000185817093803437 2.58148038011752e-06 -1.69803336452059e-05 0.0071092004073418 4.70813476907632e-06 -0.00711178187872143 1.22721988579252e-05
AC Iteration:
number of equations 41337
AC: 21544.3469003188 1.92592994438724e-33 -1.70519383415517e-32 -0.6 6.92005260539947e-08 0.000185747893277383 -0.000185817093803437 2.58226555310566e-06 -3.65830198236999e-05 0.00710920028121197 1.01433688671119e-05 -0.00711178254503486 2.64396509167668e-05
AC Iteration:
number of equations 41337
AC: 46415.8883361278 1.92592994438724e-33 -1.70519383415517e-32 -0.6 6.92005260539947e-08 0.000185747893277383 -0.000185817093803437 2.58590928536914e-06 -7.88157266759415e-05 0.00710919969567644 2.18532257137248e-05 -0.0071117856015704 5.69625008766532e-05
AC Iteration:
number of equations 41337
AC: 100000 1.92592994438724e-33 -1.70519383415517e-32 -0.6 6.92005260539947e-08 0.000185747893277383 -0.000185817093803437 2.60282190576833e-06 -0.000169803332686864 0.00710919697780737 4.70813470929162e-05 -0.00711179978570332 0.000122721985411177
AC Iteration:
number of equations 41337
AC: 215443.469003188 1.92592994438724e-33 -1.70519383415517e-32 -0.6 6.92005260539947e-08 0.000185747893277383 -0.000185817093803437 2.68132024034489e-06 -0.000365830160586932 0.00710918436278226 0.000101433682692873 -0.00711186563518829 0.000264396477506813
AC Iteration:
number of equations 41337
AC: 464158.883361278 1.92592994438724e-33 -1.70519383415517e-32 -0.6 6.92005260539947e-08 0.000185747893277383 -0.000185817093803437 3.0456814580674e-06 -0.00078815689025647 0.00710912580898492 0.000218532197354986 -0.00711217126933038 0.000569624692168881
AC Iteration:
number of equations 41337
AC: 1000000 1.92592994438724e-33 -1.70519383415517e-32 -0.6 6.92005260539947e-08 0.000185747893277383 -0.000185817093803437 4.73689020044753e-06 -0.00169802956184764 0.00710885402726199 0.000470812873111702 -0.00711358987895699 0.0012272166881942
AC Iteration:
number of equations 41337
AC: 2154434.69003189 1.92592994438724e-33 -1.70519383415517e-32 -0.6 6.92005260539947e-08 0.000185747893277383 -0.000185817093803437 1.25866731856412e-05 -0.00365826395611076 0.0071075925459404 0.00101433084882583 -0.00712017439698444 0.00264393311647017
AC Iteration:
number of equations 41337
AC: 4641588.83361278 1.92592994438724e-33 -1.70519383415517e-32 -0.6 6.92005260539947e-08 0.000185747893277383 -0.000185817093803437 4.9019751010367e-05 -0.00788119242619758 0.00710173765314926 0.0021852621960715 -0.00715073502765803 0.00569593035325992
AC Iteration:
number of equations 41337
AC: 10000000 1.92592994438724e-33 -1.70519383415517e-32 -0.6 6.92005260539947e-08 0.000185747893277383 -0.000185817093803437 0.000218075682642688 -0.0169765318380034 0.00707456993390692 0.00470753112079384 -0.00729254176221819 0.0122690020163796
AC Iteration:
number of equations 41337
AC: 21544346.9003189 1.92592994438724e-33 -1.70519383415517e-32 -0.6 6.92005260539947e-08 0.000185747893277383 -0.000185817093803437 0.00100165737848843 -0.0365450473186402 0.00694864674960776 0.010137340003498 -0.00794982245732659 0.0264077204387387
AC Iteration:
number of equations 41337
AC: 46415888.3361278 1.92592994438724e-33 -1.70519383415517e-32 -0.6 6.92005260539947e-08 0.000185747893277383 -0.000185817093803437 0.00461505411849136 -0.0784381013728675 0.00636797129732676 0.0217932873576124 -0.0109807980775964 0.0566449448630515
AC Iteration:
number of equations 41337
AC: 100000000 1.92592994438724e-33 -1.70519383415517e-32 -0.6 6.92005260539947e-08 0.000185747893277383 -0.000185817093803437 0.020893427658712 -0.166121400596194 0.00375184344741929 0.0464975603270494 -0.024635108157384 0.119625117715061
AC Iteration:
number of equations 41337
AC: 215443469.003189 1.92592994438724e-33 -1.70519383415517e-32 -0.6 6.92005260539947e-08 0.000185747893277383 -0.000185817093803437 0.0872208310210894 -0.332820418517578 -0.00692340173701874 0.0962129261860991 -0.0802535614158627 0.236618983719328
AC Iteration:
number of equations 41337
AC: 464158883.361278 1.92592994438724e-33 -1.70519383415517e-32 -0.6 6.92005260539947e-08 0.000185747893277383 -0.000185817093803437 0.27768368403866 -0.564777831509095 -0.0379443390860716 0.1832856613828 -0.239578952991839 0.381570991195673
AC Iteration:
number of equations 41337
AC: 1000000000 1.92592994438724e-33 -1.70519383415517e-32 -0.6 6.92005260539947e-08 0.000185747893277383 -0.000185817093803437 0.548324220349044 -0.800172793088094 -0.0853968330575359 0.329195735086075 -0.462437709790542 0.471312341930489
AC Iteration:
number of equations 41337
AC: 2154434690.03189 1.92592994438724e-33 -1.70519383415517e-32 -0.6 6.92005260539947e-08 0.000185747893277383 -0.000185817093803437 0.838970146281114 -1.22877061579837 -0.153987818916426 0.629767787409661 -0.683361824463742 0.600107588704968
AC Iteration:
number of equations 41337
AC: 4641588833.61278 1.92592994438724e-33 -1.70519383415517e-32 -0.6 6.92005260539947e-08 0.000185747893277383 -0.000185817093803437 1.41606892902041 -2.02039353252868 -0.349247765988905 1.23914994514288 -1.06107787408712 0.785256776204543
AC Iteration:
number of equations 41337
AC: 10000000000 1.92592994438724e-33 -1.70519383415517e-32 -0.6 6.92005260539947e-08 0.000185747893277383 -0.000185817093803437 2.54564737241638 -3.09484355053591 -0.936843428065213 2.3047697622519 -1.58982075137156 0.80558766594866
AC Iteration:
number of equations 41337
AC: 21544346900.3189 1.92592994438724e-33 -1.70519383415517e-32 -0.6 6.92005260539947e-08 0.000185747893277383 -0.000185817093803437 4.52005620037369 -4.25168052040782 -2.43200789547411 3.71313648956495 -2.03159533004021 0.597743308289215
AC Iteration:
number of equations 41337
AC: 46415888336.1278 1.92592994438724e-33 -1.70519383415517e-32 -0.6 6.92005260539947e-08 0.000185747893277383 -0.000185817093803437 7.31292251183948 -4.66456752636783 -4.93207986059825 4.51495447464498 -2.24537048267097 0.355384439238773
AC Iteration:
number of equations 41337
AC: 100000000000 1.92592994438724e-33 -1.70519383415517e-32 -0.6 6.92005260539947e-08 0.000185747893277383 -0.000185817093803437 9.46701621711464 -4.22418363674416 -6.82611515360268 4.62639604872672 -2.36476501302794 0.168668610938201
last end -6.000000e-01 -1.000000e+00
number of equations 41337
Iteration: 0
  Device: "bjt"	RelError: 1.61697e+00	AbsError: 4.36631e+16
    Region: "bjt"	RelError: 1.61697e+00	AbsError: 4.36631e+16
      Equation: "ElectronContinuityEquation"	RelError: 4.91129e-01	AbsError: 2.37190e+16
      Equation: "HoleContinuityEquation"	RelError: 4.91282e-01	AbsError: 1.99441e+16
      Equation: "PotentialEquation"	RelError: 6.34560e-01	AbsError: 2.50000e-02
  Circuit: 	RelError: 4.89071e-01	AbsError: 2.53557e-02
Iteration: 1
  Device: "bjt"	RelError: 5.30433e-01	AbsError: 2.48130e+15
    Region: "bjt"	RelError: 5.30433e-01	AbsError: 2.48130e+15
      Equation: "ElectronContinuityEquation"	RelError: 2.52110e-01	AbsError: 1.28681e+15
      Equation: "HoleContinuityEquation"	RelError: 2.52458e-01	AbsError: 1.19448e+15
      Equation: "PotentialEquation"	RelError: 2.58658e-02	AbsError: 6.17502e-04
  Circuit: 	RelError: 2.48671e-01	AbsError: 2.40738e-04
Iteration: 2
  Device: "bjt"	RelError: 3.24857e-03	AbsError: 5.10458e+12
    Region: "bjt"	RelError: 3.24857e-03	AbsError: 5.10458e+12
      Equation: "ElectronContinuityEquation"	RelError: 1.50854e-03	AbsError: 2.23330e+12
      Equation: "HoleContinuityEquation"	RelError: 1.63903e-03	AbsError: 2.87128e+12
      Equation: "PotentialEquation"	RelError: 1.00994e-04	AbsError: 1.33730e-06
  Circuit: 	RelError: 4.26223e-04	AbsError: 4.12355e-07
Iteration: 3
  Device: "bjt"	RelError: 1.07580e-04	AbsError: 4.09440e+11
    Region: "bjt"	RelError: 1.07580e-04	AbsError: 4.09440e+11
      Equation: "ElectronContinuityEquation"	RelError: 2.11367e-05	AbsError: 3.16468e+11
      Equation: "HoleContinuityEquation"	RelError: 8.57042e-05	AbsError: 9.29723e+10
      Equation: "PotentialEquation"	RelError: 7.38713e-07	AbsError: 1.78074e-07
  Circuit: 	RelError: 1.38098e-05	AbsError: 2.83153e-09
Iteration: 4
  Device: "bjt"	RelError: 2.70843e-08	AbsError: 3.05536e+08
    Region: "bjt"	RelError: 2.70843e-08	AbsError: 3.05536e+08
      Equation: "ElectronContinuityEquation"	RelError: 2.30059e-08	AbsError: 2.85327e+08
      Equation: "HoleContinuityEquation"	RelError: 3.65931e-09	AbsError: 2.02089e+07
      Equation: "PotentialEquation"	RelError: 4.19032e-10	AbsError: 9.47197e-11
  Circuit: 	RelError: 3.67071e-12	AbsError: 3.54378e-15
Iteration: 5
  Device: "bjt"	RelError: 2.14134e-11	AbsError: 8.26703e+03
    Region: "bjt"	RelError: 2.14134e-11	AbsError: 8.26703e+03
      Equation: "ElectronContinuityEquation"	RelError: 4.13974e-12	AbsError: 8.18907e+03
      Equation: "HoleContinuityEquation"	RelError: 1.69135e-11	AbsError: 7.79567e+01
      Equation: "PotentialEquation"	RelError: 3.60157e-13	AbsError: 6.56306e-17
  Circuit: 	RelError: 2.23763e-14	AbsError: 1.55880e-17
Succeeded
number of equations 41337
Iteration: 0
  Device: "bjt"	RelError: 6.52709e-12	AbsError: 8.26582e+03
    Region: "bjt"	RelError: 6.52709e-12	AbsError: 8.26582e+03
      Equation: "ElectronContinuityEquation"	RelError: 2.76452e-12	AbsError: 8.18911e+03
      Equation: "HoleContinuityEquation"	RelError: 3.54082e-12	AbsError: 7.67118e+01
      Equation: "PotentialEquation"	RelError: 2.21746e-13	AbsError: 7.91686e-17
  Circuit: 	RelError: 2.43977e-14	AbsError: 2.97107e-18
number of equations 41337
Iteration: 0
  Device: "bjt"	RelError: 6.37194e-12	AbsError: 8.26423e+03
    Region: "bjt"	RelError: 6.37194e-12	AbsError: 8.26423e+03
      Equation: "ElectronContinuityEquation"	RelError: 2.76332e-12	AbsError: 8.18911e+03
      Equation: "HoleContinuityEquation"	RelError: 3.53995e-12	AbsError: 7.51278e+01
      Equation: "PotentialEquation"	RelError: 6.86679e-14	AbsError: 6.55671e-17
  Circuit: 	RelError: 2.89880e-14	AbsError: 5.17973e-18
number of equations 41337
Iteration: 0
  Device: "bjt"	RelError: 4.33538e-12	AbsError: 8.25425e+03
    Region: "bjt"	RelError: 4.33538e-12	AbsError: 8.25425e+03
      Equation: "ElectronContinuityEquation"	RelError: 1.34460e-12	AbsError: 8.18911e+03
      Equation: "HoleContinuityEquation"	RelError: 2.67859e-12	AbsError: 6.51463e+01
      Equation: "PotentialEquation"	RelError: 3.12191e-13	AbsError: 6.01004e-17
  Circuit: 	RelError: 3.39718e-14	AbsError: 3.28527e-17
AC Iteration:
number of equations 41337
AC: 1000 3.88983790728032e-33 7.48196709601408e-33 -0.625 1.76877061578899e-07 0.000483670154789003 -0.000483847031850582 6.67647725322947e-06 -1.75245726590506e-06 0.0185034653710109 4.9077565888512e-07 -0.0185101418505244 1.26168160220671e-06
AC Iteration:
number of equations 41337
AC: 2154.43469003188 3.88983790728032e-33 7.48196709601408e-33 -0.625 1.76877061578899e-07 0.000483670154789003 -0.000483847031850582 6.67648553077959e-06 -3.77555472643177e-06 0.0185034653698165 1.05734410452784e-06 -0.018510141861757 2.71821061148998e-06
AC Iteration:
number of equations 41337
AC: 4641.58883361278 3.88983790728032e-33 7.48196709601408e-33 -0.625 1.76877061578899e-07 0.000483670154789003 -0.000483847031850582 6.67652462058344e-06 -8.13418607640973e-06 0.0185034653624048 2.27797881798834e-06 -0.0185101418859015 5.85620723608922e-06
AC Iteration:
number of equations 41337
AC: 10000 3.88983790728032e-33 7.48196709601408e-33 -0.625 1.76877061578899e-07 0.000483670154789003 -0.000483847031850582 6.67670657843149e-06 -1.7524572654853e-05 0.0185034653315666 4.90775658809923e-06 -0.0185101420427553 1.2616816018491e-05
AC Iteration:
number of equations 41337
AC: 21544.3469003188 3.88983790728032e-33 7.48196709601408e-33 -0.625 1.76877061578899e-07 0.000483670154789003 -0.000483847031850582 6.67754990017969e-06 -3.77555472223922e-05 0.01850346518785 1.05734410381027e-05 -0.0185101427378856 2.71821060805932e-05
AC Iteration:
number of equations 41337
AC: 46415.8883361278 3.88983790728032e-33 7.48196709601408e-33 -0.625 1.76877061578899e-07 0.000483670154789003 -0.000483847031850582 6.68146563438743e-06 -8.13418603447616e-05 0.0185034645179125 2.2779788108217e-05 -0.0185101459874864 5.85620720123607e-05
AC Iteration:
number of equations 41337
AC: 100000 3.88983790728032e-33 7.48196709601408e-33 -0.625 1.76877061578899e-07 0.000483670154789003 -0.000483847031850582 6.69963699012359e-06 -0.000175245722356175 0.0185034614128138 4.90775651659272e-05 -0.0185101610419106 0.000126168156710305
AC Iteration:
number of equations 41337
AC: 215443.469003188 3.88983790728032e-33 7.48196709601408e-33 -0.625 1.76877061578899e-07 0.000483670154789003 -0.000483847031850582 6.78398641189908e-06 -0.000377555430298577 0.0185034469966103 0.00010573440322397 -0.0185102309443815 0.000271821026042054
AC Iteration:
number of equations 41337
AC: 464158.883361278 3.88983790728032e-33 7.48196709601408e-33 -0.625 1.76877061578899e-07 0.000483670154789003 -0.000483847031850582 7.17550100029466e-06 -0.00081341818419226 0.0185033800836014 0.000227797809524824 -0.0185105553465644 0.000585620372585459
AC Iteration:
number of equations 41337
AC: 1000000 3.88983790728032e-33 7.48196709601408e-33 -0.625 1.76877061578899e-07 0.000483670154789003 -0.000483847031850582 8.99274082162373e-06 -0.0017524530310123 0.0185030695011939 0.00049077493603598 -0.0185120611688509 0.00126167809159179
AC Iteration:
number of equations 41337
AC: 2154434.69003189 3.88983790728032e-33 7.48196709601408e-33 -0.625 1.76877061578899e-07 0.000483670154789003 -0.000483847031850582 1.74274959841965e-05 -0.00377551237806058 0.0185016279260605 0.00105733687605651 -0.0185190504478035 0.0027181755058082
AC Iteration:
number of equations 41337
AC: 4641588.83361278 3.88983790728032e-33 7.48196709601408e-33 -0.625 1.76877061578899e-07 0.000483670154789003 -0.000483847031850582 5.65753948512875e-05 -0.00813376261833674 0.0184949372145851 0.00227790653819043 -0.0185514895151067 0.0058558561994282
AC Iteration:
number of equations 41337
AC: 10000000 3.88983790728032e-33 7.48196709601408e-33 -0.625 1.76877061578899e-07 0.000483670154789003 -0.000483847031850582 0.000238224356197739 -0.017520339263011 0.0184638921460202 0.00490703401430699 -0.0187020093197698 0.0126133066166028
AC Iteration:
number of equations 41337
AC: 21544346.9003189 3.88983790728032e-33 7.48196709601408e-33 -0.625 1.76877061578899e-07 0.000483670154789003 -0.000483847031850582 0.00108008466981499 -0.0377132683827911 0.0183200186439457 0.0105662256953073 -0.0193996062470232 0.0271470567272989
AC Iteration:
number of equations 41337
AC: 46415888.3361278 3.88983790728032e-33 7.48196709601408e-33 -0.625 1.76877061578899e-07 0.000483670154789003 -0.000483847031850582 0.00496030604834417 -0.0809216071645486 0.0176570157871522 0.0227081111140231 -0.0226150239877816 0.0582136364465336
AC Iteration:
number of equations 41337
AC: 100000000 3.88983790728032e-33 7.48196709601408e-33 -0.625 1.76877061578899e-07 0.000483670154789003 -0.000483847031850582 0.0224022675986096 -0.17115654748994 0.014678648802224 0.0483817487439499 -0.0370704454568182 0.122776167942076
AC Iteration:
number of equations 41337
AC: 215443469.003189 3.88983790728032e-33 7.48196709601408e-33 -0.625 1.76877061578899e-07 0.000483670154789003 -0.000483847031850582 0.0928515697829911 -0.341175726787902 0.00265404570877993 0.0995778776452873 -0.0954606464842847 0.2416100814197
AC Iteration:
number of equations 41337
AC: 464158883.361278 3.88983790728032e-33 7.48196709601408e-33 -0.625 1.76877061578899e-07 0.000483670154789003 -0.000483847031850582 0.290141474026078 -0.572067169482962 -0.0312958303964059 0.187175189052846 -0.258683181928624 0.384974336293372
AC Iteration:
number of equations 41337
AC: 1000000000 3.88983790728032e-33 7.48196709601408e-33 -0.625 1.76877061578899e-07 0.000483670154789003 -0.000483847031850582 0.561244936913479 -0.804748971835017 -0.0809109645278873 0.331648677394593 -0.479841496707965 0.473443478053098
AC Iteration:
number of equations 41337
AC: 2154434690.03189 3.88983790728032e-33 7.48196709601408e-33 -0.625 1.76877061578899e-07 0.000483670154789003 -0.000483847031850582 0.85481868366005 -1.23750645333106 -0.15058704626832 0.630909185779876 -0.702599632690154 0.607722902672946
AC Iteration:
number of equations 41337
AC: 4641588833.61278 3.88983790728032e-33 7.48196709601408e-33 -0.625 1.76877061578899e-07 0.000483670154789003 -0.000483847031850582 1.44172228047748 -2.02661260366727 -0.346792548995995 1.23788231874074 -1.08916882213479 0.792816232580237
AC Iteration:
number of equations 41337
AC: 10000000000 3.88983790728032e-33 7.48196709601408e-33 -0.625 1.76877061578899e-07 0.000483670154789003 -0.000483847031850582 2.57369559597534 -3.08951332769325 -0.93207770774977 2.2993459510585 -1.6226671126762 0.805852463155504
AC Iteration:
number of equations 41337
AC: 21544346900.3189 3.88983790728032e-33 7.48196709601408e-33 -0.625 1.76877061578899e-07 0.000483670154789003 -0.000483847031850582 4.53813248516962 -4.2373009160571 -2.42003778973386 3.70860604826742 -2.06182977752116 0.58813222949355
AC Iteration:
number of equations 41337
AC: 46415888336.1278 3.88983790728032e-33 7.48196709601408e-33 -0.625 1.76877061578899e-07 0.000483670154789003 -0.000483847031850582 7.31980249845656 -4.65221967831539 -4.91937342136961 4.51800359854794 -2.2653037894522 0.340185204586561
AC Iteration:
number of equations 41337
AC: 100000000000 3.88983790728032e-33 7.48196709601408e-33 -0.625 1.76877061578899e-07 0.000483670154789003 -0.000483847031850582 9.46854993633761 -4.21656527855793 -6.81897219207277 4.63211067522913 -2.37390166868096 0.155440327446295
last end -6.250000e-01 -1.000000e+00
number of equations 41337
Iteration: 0
  Device: "bjt"	RelError: 1.37062e+00	AbsError: 4.40328e+16
    Region: "bjt"	RelError: 1.37062e+00	AbsError: 4.40328e+16
      Equation: "ElectronContinuityEquation"	RelError: 4.91120e-01	AbsError: 2.40778e+16
      Equation: "HoleContinuityEquation"	RelError: 4.91281e-01	AbsError: 1.99550e+16
      Equation: "PotentialEquation"	RelError: 3.88214e-01	AbsError: 2.50000e-02
  Circuit: 	RelError: 4.88959e-01	AbsError: 2.59259e-02
Iteration: 1
  Device: "bjt"	RelError: 5.85161e-01	AbsError: 2.70703e+15
    Region: "bjt"	RelError: 5.85161e-01	AbsError: 2.70703e+15
      Equation: "ElectronContinuityEquation"	RelError: 2.52172e-01	AbsError: 1.42591e+15
      Equation: "HoleContinuityEquation"	RelError: 2.52488e-01	AbsError: 1.28111e+15
      Equation: "PotentialEquation"	RelError: 8.05008e-02	AbsError: 5.39563e-04
  Circuit: 	RelError: 2.48466e-01	AbsError: 6.26034e-04
Iteration: 2
  Device: "bjt"	RelError: 3.41155e-03	AbsError: 5.62610e+12
    Region: "bjt"	RelError: 3.41155e-03	AbsError: 5.62610e+12
      Equation: "ElectronContinuityEquation"	RelError: 1.50188e-03	AbsError: 2.80417e+12
      Equation: "HoleContinuityEquation"	RelError: 1.66963e-03	AbsError: 2.82193e+12
      Equation: "PotentialEquation"	RelError: 2.40046e-04	AbsError: 1.09670e-06
  Circuit: 	RelError: 4.28192e-04	AbsError: 1.07816e-06
Iteration: 3
  Device: "bjt"	RelError: 1.18883e-04	AbsError: 9.09329e+11
    Region: "bjt"	RelError: 1.18883e-04	AbsError: 9.09329e+11
      Equation: "ElectronContinuityEquation"	RelError: 3.37830e-05	AbsError: 6.91466e+11
      Equation: "HoleContinuityEquation"	RelError: 8.41104e-05	AbsError: 2.17863e+11
      Equation: "PotentialEquation"	RelError: 9.90086e-07	AbsError: 2.55783e-07
  Circuit: 	RelError: 1.29497e-05	AbsError: 4.50533e-09
Iteration: 4
  Device: "bjt"	RelError: 5.13309e-08	AbsError: 1.70000e+08
    Region: "bjt"	RelError: 5.13309e-08	AbsError: 1.70000e+08
      Equation: "ElectronContinuityEquation"	RelError: 3.91070e-08	AbsError: 1.45958e+08
      Equation: "HoleContinuityEquation"	RelError: 1.02569e-08	AbsError: 2.40429e+07
      Equation: "PotentialEquation"	RelError: 1.96704e-09	AbsError: 3.18638e-11
  Circuit: 	RelError: 1.19003e-11	AbsError: 2.99629e-14
Iteration: 5
  Device: "bjt"	RelError: 1.32082e-11	AbsError: 8.28831e+03
    Region: "bjt"	RelError: 1.32082e-11	AbsError: 8.28831e+03
      Equation: "ElectronContinuityEquation"	RelError: 2.61292e-12	AbsError: 8.18379e+03
      Equation: "HoleContinuityEquation"	RelError: 1.01554e-11	AbsError: 1.04513e+02
      Equation: "PotentialEquation"	RelError: 4.39921e-13	AbsError: 1.11273e-16
  Circuit: 	RelError: 5.35665e-14	AbsError: 1.34799e-16
Succeeded
number of equations 41337
Iteration: 0
  Device: "bjt"	RelError: 3.10310e-12	AbsError: 8.26102e+03
    Region: "bjt"	RelError: 3.10310e-12	AbsError: 8.26102e+03
      Equation: "ElectronContinuityEquation"	RelError: 1.75959e-12	AbsError: 8.18380e+03
      Equation: "HoleContinuityEquation"	RelError: 1.01103e-12	AbsError: 7.72204e+01
      Equation: "PotentialEquation"	RelError: 3.32474e-13	AbsError: 7.15848e-17
  Circuit: 	RelError: 1.06886e-14	AbsError: 1.11525e-17
number of equations 41337
Iteration: 0
  Device: "bjt"	RelError: 3.39813e-12	AbsError: 8.26360e+03
    Region: "bjt"	RelError: 3.39813e-12	AbsError: 8.26360e+03
      Equation: "ElectronContinuityEquation"	RelError: 8.99126e-13	AbsError: 8.18378e+03
      Equation: "HoleContinuityEquation"	RelError: 2.17770e-12	AbsError: 7.98189e+01
      Equation: "PotentialEquation"	RelError: 3.21301e-13	AbsError: 7.48594e-17
  Circuit: 	RelError: 8.29967e-15	AbsError: 2.08352e-17
number of equations 41337
Iteration: 0
  Device: "bjt"	RelError: 2.68322e-12	AbsError: 8.25940e+03
    Region: "bjt"	RelError: 2.68322e-12	AbsError: 8.25940e+03
      Equation: "ElectronContinuityEquation"	RelError: 1.76091e-12	AbsError: 8.18379e+03
      Equation: "HoleContinuityEquation"	RelError: 6.15299e-13	AbsError: 7.56174e+01
      Equation: "PotentialEquation"	RelError: 3.07007e-13	AbsError: 7.15798e-17
  Circuit: 	RelError: 7.54442e-15	AbsError: 1.87193e-17
AC Iteration:
number of equations 41337
AC: 1000 -2.7868080858081e-33 4.26524662997662e-33 -0.65 4.56263436337447e-07 0.00125880822675829 -0.00125926449019462 1.73577891697065e-05 -1.82196039605403e-06 0.0481287779618993 5.44955198517721e-07 -0.0481461357467945 1.27700518506658e-06
AC Iteration:
number of equations 41337
AC: 2154.43469003188 -2.7868080858081e-33 4.26524662997662e-33 -0.65 4.56263436337447e-07 0.00125880822675829 -0.00125926449019462 1.735779846033e-05 -3.92529468108384e-06 0.0481287779599616 1.17407038418994e-06 -0.0481461357597187 2.75122426996633e-06
AC Iteration:
number of equations 41337
AC: 4641.58883361278 -2.7868080858081e-33 4.26524662997662e-33 -0.65 4.56263436337447e-07 0.00125880822675829 -0.00125926449019462 1.73578412153177e-05 -8.45679102914812e-06 0.0481287779515553 2.52945796418578e-06 -0.0481461357934713 5.92733300695583e-06
AC Iteration:
number of equations 41337
AC: 10000 -2.7868080858081e-33 4.26524662997662e-33 -0.65 4.56263436337447e-07 0.00125880822675829 -0.00125926449019462 1.73580402965754e-05 -1.82196039557341e-05 0.0481287779105309 5.44955198418171e-06 -0.048146135957801 1.27700518462737e-05
AC Iteration:
number of equations 41337
AC: 21544.3469003188 -2.7868080858081e-33 4.26524662997662e-33 -0.65 4.56263436337447e-07 0.00125880822675829 -0.00125926449019462 1.7358962349768e-05 -3.9252946762835e-05 0.0481287777217346 1.17407038320145e-05 -0.0481461366811736 2.75122426615683e-05
AC Iteration:
number of equations 41337
AC: 46415.8883361278 -2.7868080858081e-33 4.26524662997662e-33 -0.65 4.56263436337447e-07 0.00125880822675829 -0.00125926449019462 1.73632435728182e-05 -8.45679098113945e-05 0.0481287768441076 2.52945795417485e-05 -0.0481461400915182 5.92733296891767e-05
AC Iteration:
number of equations 41337
AC: 100000 -2.7868080858081e-33 4.26524662997662e-33 -0.65 4.56263436337447e-07 0.00125880822675829 -0.00125926449019462 1.73831127652752e-05 -0.00018219603475666 0.0481287727717593 5.44955188429494e-05 -0.0481461558757996 0.000127700514666311
AC Iteration:
number of equations 41337
AC: 215443.469003188 -2.7868080858081e-33 4.26524662997662e-33 -0.65 4.56263436337447e-07 0.00125880822675829 -0.00125926449019462 1.74753402321288e-05 -0.000392529419620908 0.0481287538670185 0.000117407028322944 -0.0481462291533851 0.000275122388622216
AC Iteration:
number of equations 41337
AC: 464158.883361278 -2.7868080858081e-33 4.26524662997662e-33 -0.65 4.56263436337447e-07 0.00125880822675829 -0.00125926449019462 1.79034228049056e-05 -0.000845678618038692 0.0481286661205945 0.000252945695447118 -0.0481465693047471 0.000592732916944457
AC Iteration:
number of equations 41337
AC: 1000000 -2.7868080858081e-33 4.26524662997662e-33 -0.65 4.56263436337447e-07 0.00125880822675829 -0.00125926449019462 1.989039618826e-05 -0.00182195554683296 0.0481282588380949 0.000544954188694883 -0.0481481481219928 0.00127700134718395
AC Iteration:
number of equations 41337
AC: 2154434.69003189 -2.7868080858081e-33 4.26524662997662e-33 -0.65 4.56263436337447e-07 0.00125880822675829 -0.00125926449019462 2.91129597709191e-05 -0.0039252461895703 0.0481263684346956 0.0011740602860854 -0.0481554762206389 0.00275118589206458
AC Iteration:
number of equations 41337
AC: 4641588.83361278 -2.7868080858081e-33 4.26524662997662e-33 -0.65 4.56263436337447e-07 0.00125880822675829 -0.00125926449019462 7.19169737128912e-05 -0.00845630614688508 0.0481175946878818 0.00252935699097321 -0.0481894876509298 0.00592694925282768
AC Iteration:
number of equations 41337
AC: 10000000 -2.7868080858081e-33 4.26524662997662e-33 -0.65 4.56263436337447e-07 0.00125880822675829 -0.00125926449019462 0.000270523918986584 -0.0182147566587197 0.0480768862587243 0.00544854262381589 -0.0483472987476495 0.0127662154582128
AC Iteration:
number of equations 41337
AC: 21544346.9003189 -2.7868080858081e-33 4.26524662997662e-33 -0.65 4.56263436337447e-07 0.00125880822675829 -0.00125926449019462 0.00119083422454377 -0.0392045444475386 0.0478882717124489 0.0117306274221079 -0.0490785892129732 0.0274739322185063
AC Iteration:
number of equations 41337
AC: 46415888.3361278 -2.7868080858081e-33 4.26524662997662e-33 -0.65 4.56263436337447e-07 0.00125880822675829 -0.00125926449019462 0.00542962933351928 -0.0840871325975392 0.0470199772945801 0.0251946003912721 -0.0524472188731704 0.0588926852708543
AC Iteration:
number of equations 41337
AC: 100000000 -2.7868080858081e-33 4.26524662997662e-33 -0.65 4.56263436337447e-07 0.00125880822675829 -0.00125926449019462 0.0244239536289187 -0.17753227670374 0.0431363253453247 0.0535297103167284 -0.0675494178946497 0.124004057854638
AC Iteration:
number of equations 41337
AC: 215443469.003189 -2.7868080858081e-33 4.26524662997662e-33 -0.65 4.56263436337447e-07 0.00125880822675829 -0.00125926449019462 0.100225459604659 -0.351491728026129 0.0276982496712947 0.10899250572194 -0.127877380243498 0.242512423520199
AC Iteration:
number of equations 41337
AC: 464158883.361278 -2.7868080858081e-33 4.26524662997662e-33 -0.65 4.56263436337447e-07 0.00125880822675829 -0.00125926449019462 0.305663369549088 -0.580500029052696 -0.0141450153617196 0.199121623474584 -0.291353496616282 0.381465163503793
AC Iteration:
number of equations 41337
AC: 1000000000 -2.7868080858081e-33 4.26524662997662e-33 -0.65 4.56263436337447e-07 0.00125880822675829 -0.00125926449019462 0.576780669301938 -0.810311133012406 -0.0710400485022506 0.340831102992336 -0.505244741521258 0.469832709296873
AC Iteration:
number of equations 41337
AC: 2154434690.03189 -2.7868080858081e-33 4.26524662997662e-33 -0.65 4.56263436337447e-07 0.00125880822675829 -0.00125926449019462 0.874584827481602 -1.2483132700715 -0.144649391952414 0.63670614629822 -0.728289198481154 0.612758789846904
AC Iteration:
number of equations 41337
AC: 4641588833.61278 -2.7868080858081e-33 4.26524662997662e-33 -0.65 4.56263436337447e-07 0.00125880822675829 -0.00125926449019462 1.47340613587542 -2.03338259634187 -0.343839749137115 1.23926757235222 -1.12378629177335 0.79829082710681
AC Iteration:
number of equations 41337
AC: 10000000000 -2.7868080858081e-33 4.26524662997662e-33 -0.65 4.56263436337447e-07 0.00125880822675829 -0.00125926449019462 2.60720292731845 -3.08184150175542 -0.927052538100064 2.29403839906858 -1.66124628048802 0.803692723952177
AC Iteration:
number of equations 41337
AC: 21544346900.3189 -2.7868080858081e-33 4.26524662997662e-33 -0.65 4.56263436337447e-07 0.00125880822675829 -0.00125926449019462 4.55864407743267 -4.21953567060702 -2.40625173067508 3.70377457948308 -2.0963598328076 0.575468694965968
AC Iteration:
number of equations 41337
AC: 46415888336.1278 -2.7868080858081e-33 4.26524662997662e-33 -0.65 4.56263436337447e-07 0.00125880822675829 -0.00125926449019462 7.32713582848096 -4.6377359842716 -4.90493007259949 4.52194807481068 -2.28748753887705 0.321968178535074
AC Iteration:
number of equations 41337
AC: 100000000000 -2.7868080858081e-33 4.26524662997662e-33 -0.65 4.56263436337447e-07 0.00125880822675829 -0.00125926449019462 9.46997118140482 -4.20792148104167 -6.81112791234407 4.6388149345951 -2.38368950617538 0.140191766104881
last end -6.500000e-01 -1.000000e+00
number of equations 41337
Iteration: 0
  Device: "bjt"	RelError: 1.43036e+00	AbsError: 4.40384e+16
    Region: "bjt"	RelError: 1.43036e+00	AbsError: 4.40384e+16
      Equation: "ElectronContinuityEquation"	RelError: 4.91106e-01	AbsError: 2.42785e+16
      Equation: "HoleContinuityEquation"	RelError: 4.91279e-01	AbsError: 1.97599e+16
      Equation: "PotentialEquation"	RelError: 4.47978e-01	AbsError: 2.50000e-02
  Circuit: 	RelError: 4.88809e-01	AbsError: 2.74083e-02
Iteration: 1
  Device: "bjt"	RelError: 9.37460e-01	AbsError: 3.12617e+15
    Region: "bjt"	RelError: 9.37460e-01	AbsError: 3.12617e+15
      Equation: "ElectronContinuityEquation"	RelError: 2.52152e-01	AbsError: 1.66629e+15
      Equation: "HoleContinuityEquation"	RelError: 2.52440e-01	AbsError: 1.45988e+15
      Equation: "PotentialEquation"	RelError: 4.32869e-01	AbsError: 4.48441e-04
  Circuit: 	RelError: 2.48290e-01	AbsError: 1.62631e-03
Iteration: 2
  Device: "bjt"	RelError: 4.10408e-03	AbsError: 6.81633e+12
    Region: "bjt"	RelError: 4.10408e-03	AbsError: 6.81633e+12
      Equation: "ElectronContinuityEquation"	RelError: 1.51899e-03	AbsError: 3.49020e+12
      Equation: "HoleContinuityEquation"	RelError: 1.56241e-03	AbsError: 3.32613e+12
      Equation: "PotentialEquation"	RelError: 1.02268e-03	AbsError: 1.22618e-06
  Circuit: 	RelError: 4.27838e-04	AbsError: 2.80180e-06
Iteration: 3
  Device: "bjt"	RelError: 1.05537e-04	AbsError: 7.23565e+11
    Region: "bjt"	RelError: 1.05537e-04	AbsError: 7.23565e+11
      Equation: "ElectronContinuityEquation"	RelError: 2.19507e-05	AbsError: 5.86087e+11
      Equation: "HoleContinuityEquation"	RelError: 8.22774e-05	AbsError: 1.37478e+11
      Equation: "PotentialEquation"	RelError: 1.30940e-06	AbsError: 1.28942e-07
  Circuit: 	RelError: 1.29841e-05	AbsError: 1.59705e-09
Iteration: 4
  Device: "bjt"	RelError: 1.02961e-07	AbsError: 4.43681e+08
    Region: "bjt"	RelError: 1.02961e-07	AbsError: 4.43681e+08
      Equation: "ElectronContinuityEquation"	RelError: 6.37032e-08	AbsError: 3.81997e+08
      Equation: "HoleContinuityEquation"	RelError: 3.61867e-08	AbsError: 6.16838e+07
      Equation: "PotentialEquation"	RelError: 3.07128e-09	AbsError: 8.26922e-11
  Circuit: 	RelError: 2.65674e-11	AbsError: 1.73979e-13
Iteration: 5
  Device: "bjt"	RelError: 3.98804e-10	AbsError: 9.93822e+03
    Region: "bjt"	RelError: 3.98804e-10	AbsError: 9.93822e+03
      Equation: "ElectronContinuityEquation"	RelError: 9.86313e-13	AbsError: 8.18798e+03
      Equation: "HoleContinuityEquation"	RelError: 3.97667e-10	AbsError: 1.75024e+03
      Equation: "PotentialEquation"	RelError: 1.51035e-13	AbsError: 1.76956e-15
  Circuit: 	RelError: 1.49701e-15	AbsError: 9.76621e-18
Succeeded
number of equations 41337
Iteration: 0
  Device: "bjt"	RelError: 1.67211e-12	AbsError: 8.33227e+03
    Region: "bjt"	RelError: 1.67211e-12	AbsError: 8.33227e+03
      Equation: "ElectronContinuityEquation"	RelError: 7.38919e-13	AbsError: 8.18797e+03
      Equation: "HoleContinuityEquation"	RelError: 6.88485e-13	AbsError: 1.44298e+02
      Equation: "PotentialEquation"	RelError: 2.44706e-13	AbsError: 6.20959e-17
  Circuit: 	RelError: 6.04994e-15	AbsError: 3.93303e-17
number of equations 41337
Iteration: 0
  Device: "bjt"	RelError: 1.40659e-12	AbsError: 8.33519e+03
    Region: "bjt"	RelError: 1.40659e-12	AbsError: 8.33519e+03
      Equation: "ElectronContinuityEquation"	RelError: 2.55020e-13	AbsError: 8.18788e+03
      Equation: "HoleContinuityEquation"	RelError: 8.58735e-13	AbsError: 1.47306e+02
      Equation: "PotentialEquation"	RelError: 2.92838e-13	AbsError: 6.23368e-17
  Circuit: 	RelError: 3.74654e-15	AbsError: 6.64677e-18
number of equations 41337
Iteration: 0
  Device: "bjt"	RelError: 4.89184e-13	AbsError: 8.33565e+03
    Region: "bjt"	RelError: 4.89184e-13	AbsError: 8.33565e+03
      Equation: "ElectronContinuityEquation"	RelError: 8.74806e-14	AbsError: 8.18788e+03
      Equation: "HoleContinuityEquation"	RelError: 1.37913e-13	AbsError: 1.47767e+02
      Equation: "PotentialEquation"	RelError: 2.63791e-13	AbsError: 6.21029e-17
  Circuit: 	RelError: 4.04471e-15	AbsError: 1.70137e-17
AC Iteration:
number of equations 41337
AC: 1000 -7.83253561530636e-34 -5.82105978021548e-33 -0.675 1.18410885019022e-06 0.00327396302079137 -0.00327514712964156 4.52774858129111e-05 -1.92132421957535e-06 0.125069627010452 6.94415649209842e-07 -0.125114904496306 1.22690853793479e-06
AC Iteration:
number of equations 41337
AC: 2154.43469003188 -7.83253561530636e-34 -5.82105978021548e-33 -0.675 1.18410885019022e-06 0.00327396302079137 -0.00327514712964156 4.52774963142806e-05 -4.13936754940361e-06 0.125069627006986 1.49607316393339e-06 -0.125114904503808 2.64329431560023e-06
AC Iteration:
number of equations 41337
AC: 4641.58883361278 -7.83253561530636e-34 -5.82105978021548e-33 -0.675 1.18410885019022e-06 0.00327396302079137 -0.00327514712964156 4.52775444887987e-05 -8.91799704277138e-06 0.125069626992707 3.22319192307338e-06 -0.125114904539962 5.69480496916463e-06
AC Iteration:
number of equations 41337
AC: 10000 -7.83253561530636e-34 -5.82105978021548e-33 -0.675 1.18410885019022e-06 0.00327396302079137 -0.00327514712964156 4.52777692510527e-05 -1.92132421899486e-05 0.125069626925295 6.94415649029666e-06 -0.125114904693328 1.22690853754643e-05
AC Iteration:
number of equations 41337
AC: 21544.3469003188 -7.83253561530636e-34 -5.82105978021548e-33 -0.675 1.18410885019022e-06 0.00327396302079137 -0.00327514712964156 4.52788128236229e-05 -4.13936754360124e-05 0.12506962661203 1.49607316214097e-05 -0.125114905421739 2.64329431162546e-05
AC Iteration:
number of equations 41337
AC: 46415.8883361278 -7.83253561530636e-34 -5.82105978021548e-33 -0.675 1.18410885019022e-06 0.00327396302079137 -0.00327514712964156 4.52836547044982e-05 -8.91799698474521e-05 0.125069625159168 3.22319190511507e-05 -0.125114908808831 5.69480492918579e-05
AC Iteration:
number of equations 41337
AC: 100000 -7.83253561530636e-34 -5.82105978021548e-33 -0.675 1.18410885019022e-06 0.00327396302079137 -0.00327514712964156 4.53061281707146e-05 -0.00019213241609743 0.125069618414757 6.94415631062942e-05 -0.125114924530069 0.000122690849750499
AC Iteration:
number of equations 41337
AC: 215443.469003188 -7.83253561530636e-34 -5.82105978021548e-33 -0.675 1.18410885019022e-06 0.00327396302079137 -0.00327514712964156 4.54104416843824e-05 -0.000413936696340915 0.125069587111428 0.000149607298251111 -0.12511499750602 0.000264329391116313
AC Iteration:
number of equations 41337
AC: 464158.883361278 -7.83253561530636e-34 -5.82105978021548e-33 -0.675 1.18410885019022e-06 0.00327396302079137 -0.00327514712964156 4.58946220214969e-05 -0.000891799118284295 0.125069441813623 0.000322319010879251 -0.125115336186078 0.000569480092519682
AC Iteration:
number of equations 41337
AC: 1000000 -7.83253561530636e-34 -5.82105978021548e-33 -0.675 1.18410885019022e-06 0.00327396302079137 -0.00327514712964156 4.81419814506785e-05 -0.00192131835908084 0.125068767402962 0.000694413834748853 -0.125116908212542 0.00122690449365836
AC Iteration:
number of equations 41337
AC: 2154434.69003189 -7.83253561530636e-34 -5.82105978021548e-33 -0.675 1.18410885019022e-06 0.00327396302079137 -0.00327514712964156 5.85730962360252e-05 -0.00413930894549687 0.125065637129451 0.0014960550196053 -0.125124204771689 0.00264325387353384
AC Iteration:
number of equations 41337
AC: 4641588.83361278 -7.83253561530636e-34 -5.82105978021548e-33 -0.675 1.18410885019022e-06 0.00327396302079137 -0.00327514712964156 0.00010698570536831 -0.00891741105071123 0.125051109115128 0.00322301049709506 -0.125158069495354 0.00569440057830657
AC Iteration:
number of equations 41337
AC: 10000000 -7.83253561530636e-34 -5.82105978021548e-33 -0.675 1.18410885019022e-06 0.00327396302079137 -0.00327514712964156 0.000331603739404574 -0.0192073844489908 0.124983706676406 0.00694234302799216 -0.125315192904254 0.012265042848177
AC Iteration:
number of equations 41337
AC: 21544346.9003189 -7.83253561530636e-34 -5.82105978021548e-33 -0.675 1.18410885019022e-06 0.00327396302079137 -0.00327514712964156 0.00137218120764471 -0.0413351989019158 0.124671510093261 0.0149426338636446 -0.126043146467301 0.0263925818254699
AC Iteration:
number of equations 41337
AC: 46415888.3361278 -7.83253561530636e-34 -5.82105978021548e-33 -0.675 1.18410885019022e-06 0.00327396302079137 -0.00327514712964156 0.00615935741454006 -0.088599824633567 0.123236384893332 0.0320526191886618 -0.129393226319652 0.0565473775222464
AC Iteration:
number of equations 41337
AC: 100000000 -7.83253561530636e-34 -5.82105978021548e-33 -0.675 1.18410885019022e-06 0.00327396302079137 -0.00327514712964156 0.0275030961581829 -0.186533407395035 0.116857361881684 0.0677202614208651 -0.144349045883599 0.118814822201613
AC Iteration:
number of equations 41337
AC: 215443469.003189 -7.83253561530636e-34 -5.82105978021548e-33 -0.675 1.18410885019022e-06 0.00327396302079137 -0.00327514712964156 0.111096668409312 -0.365528574884066 0.0920665610391456 0.134913083459778 -0.203115048627874 0.230630118230613
AC Iteration:
number of equations 41337
AC: 464158883.361278 -7.83253561530636e-34 -5.82105978021548e-33 -0.675 1.18410885019022e-06 0.00327396302079137 -0.00327514712964156 0.327049142244333 -0.590966215093868 0.0287752669879564 0.2322228384675 -0.355656574502749 0.358836194955193
AC Iteration:
number of equations 41337
AC: 1000000000 -7.83253561530636e-34 -5.82105978021548e-33 -0.675 1.18410885019022e-06 0.00327396302079137 -0.00327514712964156 0.597372210031863 -0.817751605272986 -0.0482750978230406 0.367089771762271 -0.548596674119613 0.451027092561192
AC Iteration:
number of equations 41337
AC: 2154434690.03189 -7.83253561530636e-34 -5.82105978021548e-33 -0.675 1.18410885019022e-06 0.00327396302079137 -0.00327514712964156 0.90202511414745 -1.26268187015664 -0.132780561131399 0.654362328459508 -0.767579384333817 0.609507337071963
AC Iteration:
number of equations 41337
AC: 4641588833.61278 -7.83253561530636e-34 -5.82105978021548e-33 -0.675 1.18410885019022e-06 0.00327396302079137 -0.00327514712964156 1.5161817639065 -2.0404440137599 -0.340069384462993 1.24764655779936 -1.1703122629109 0.797094556786539
AC Iteration:
number of equations 41337
AC: 10000000000 -7.83253561530636e-34 -5.82105978021548e-33 -0.675 1.18410885019022e-06 0.00327396302079137 -0.00327514712964156 2.65003874776639 -3.06938291844789 -0.922141058399489 2.28986668020366 -1.70906938581493 0.795667344178121
AC Iteration:
number of equations 41337
AC: 21544346900.3189 -7.83253561530636e-34 -5.82105978021548e-33 -0.675 1.18410885019022e-06 0.00327396302079137 -0.00327514712964156 4.58290389178466 -4.19576044185486 -2.38973470447253 3.69864725907915 -2.13744783649781 0.557140551036807
AC Iteration:
number of equations 41337
AC: 46415888336.1278 -7.83253561530636e-34 -5.82105978021548e-33 -0.675 1.18410885019022e-06 0.00327396302079137 -0.00327514712964156 7.33502293643952 -4.61970701977939 -4.88772227456846 4.52746848594752 -2.31308948138328 0.298646537481335
AC Iteration:
number of equations 41337
AC: 100000000000 -7.83253561530636e-34 -5.82105978021548e-33 -0.675 1.18410885019022e-06 0.00327396302079137 -0.00327514712964156 9.47113593957047 -4.19763870842403 -6.80224642721071 4.64719691838754 -2.39435778331965 0.121613444589799
last end -6.750000e-01 -1.000000e+00
number of equations 41337
Iteration: 0
  Device: "bjt"	RelError: 3.48851e+00	AbsError: 4.49634e+16
    Region: "bjt"	RelError: 3.48851e+00	AbsError: 4.49634e+16
      Equation: "ElectronContinuityEquation"	RelError: 4.91081e-01	AbsError: 2.43788e+16
      Equation: "HoleContinuityEquation"	RelError: 4.91274e-01	AbsError: 2.05845e+16
      Equation: "PotentialEquation"	RelError: 2.50616e+00	AbsError: 2.50000e-02
  Circuit: 	RelError: 4.88713e-01	AbsError: 3.12582e-02
Iteration: 1
  Device: "bjt"	RelError: 1.13199e+00	AbsError: 3.49627e+15
    Region: "bjt"	RelError: 1.13199e+00	AbsError: 3.49627e+15
      Equation: "ElectronContinuityEquation"	RelError: 2.52010e-01	AbsError: 1.82221e+15
      Equation: "HoleContinuityEquation"	RelError: 2.52300e-01	AbsError: 1.67406e+15
      Equation: "PotentialEquation"	RelError: 6.27683e-01	AbsError: 4.28602e-04
  Circuit: 	RelError: 2.49371e-01	AbsError: 4.21794e-03
Iteration: 2
  Device: "bjt"	RelError: 4.02436e-03	AbsError: 7.97281e+12
    Region: "bjt"	RelError: 4.02436e-03	AbsError: 7.97281e+12
      Equation: "ElectronContinuityEquation"	RelError: 1.45175e-03	AbsError: 3.77690e+12
      Equation: "HoleContinuityEquation"	RelError: 1.32299e-03	AbsError: 4.19591e+12
      Equation: "PotentialEquation"	RelError: 1.24962e-03	AbsError: 2.01746e-06
  Circuit: 	RelError: 4.23585e-04	AbsError: 7.20730e-06
Iteration: 3
  Device: "bjt"	RelError: 1.12028e-04	AbsError: 1.40937e+12
    Region: "bjt"	RelError: 1.12028e-04	AbsError: 1.40937e+12
      Equation: "ElectronContinuityEquation"	RelError: 2.97109e-05	AbsError: 1.13945e+12
      Equation: "HoleContinuityEquation"	RelError: 8.01308e-05	AbsError: 2.69921e+11
      Equation: "PotentialEquation"	RelError: 2.18633e-06	AbsError: 2.45832e-07
  Circuit: 	RelError: 1.29394e-05	AbsError: 3.21936e-09
Iteration: 4
  Device: "bjt"	RelError: 2.16901e-07	AbsError: 5.11033e+09
    Region: "bjt"	RelError: 2.16901e-07	AbsError: 5.11033e+09
      Equation: "ElectronContinuityEquation"	RelError: 1.34732e-07	AbsError: 4.68662e+09
      Equation: "HoleContinuityEquation"	RelError: 7.24925e-08	AbsError: 4.23709e+08
      Equation: "PotentialEquation"	RelError: 9.67583e-09	AbsError: 5.41026e-10
  Circuit: 	RelError: 2.78048e-11	AbsError: 8.57914e-14
Iteration: 5
  Device: "bjt"	RelError: 3.78456e-10	AbsError: 8.29969e+03
    Region: "bjt"	RelError: 3.78456e-10	AbsError: 8.29969e+03
      Equation: "ElectronContinuityEquation"	RelError: 6.02179e-13	AbsError: 8.18992e+03
      Equation: "HoleContinuityEquation"	RelError: 3.77485e-10	AbsError: 1.09775e+02
      Equation: "PotentialEquation"	RelError: 3.69117e-13	AbsError: 1.11022e-16
  Circuit: 	RelError: 7.34739e-15	AbsError: 1.16628e-16
Succeeded
number of equations 41337
Iteration: 0
  Device: "bjt"	RelError: 8.15962e-13	AbsError: 8.27252e+03
    Region: "bjt"	RelError: 8.15962e-13	AbsError: 8.27252e+03
      Equation: "ElectronContinuityEquation"	RelError: 2.97010e-13	AbsError: 8.18988e+03
      Equation: "HoleContinuityEquation"	RelError: 2.93265e-13	AbsError: 8.26489e+01
      Equation: "PotentialEquation"	RelError: 2.25687e-13	AbsError: 1.11022e-16
  Circuit: 	RelError: 6.40615e-15	AbsError: 8.76665e-17
number of equations 41337
Iteration: 0
  Device: "bjt"	RelError: 9.09917e-13	AbsError: 8.28032e+03
    Region: "bjt"	RelError: 9.09917e-13	AbsError: 8.28032e+03
      Equation: "ElectronContinuityEquation"	RelError: 2.60880e-13	AbsError: 8.18987e+03
      Equation: "HoleContinuityEquation"	RelError: 2.35184e-13	AbsError: 9.04488e+01
      Equation: "PotentialEquation"	RelError: 4.13853e-13	AbsError: 1.11022e-16
  Circuit: 	RelError: 2.55029e-15	AbsError: 2.97480e-17
number of equations 41337
Iteration: 0
  Device: "bjt"	RelError: 1.02917e-12	AbsError: 8.28813e+03
    Region: "bjt"	RelError: 1.02917e-12	AbsError: 8.28813e+03
      Equation: "ElectronContinuityEquation"	RelError: 2.61017e-13	AbsError: 8.18988e+03
      Equation: "HoleContinuityEquation"	RelError: 2.35088e-13	AbsError: 9.82482e+01
      Equation: "PotentialEquation"	RelError: 5.33069e-13	AbsError: 1.11022e-16
  Circuit: 	RelError: 5.61016e-15	AbsError: 1.14466e-17
AC Iteration:
number of equations 41337
AC: 1000 1.04235006888343e-32 1.38121376006886e-33 -0.7 3.08511465985174e-06 0.00850652203973013 -0.00850960715438999 0.000118349554531889 -2.08602240626192e-06 0.324539693920003 1.12085326679889e-06 -0.324658043474899 9.6516905553712e-07
AC Iteration:
number of equations 41337
AC: 2154.43469003188 1.04235006888343e-32 1.38121376006886e-33 -0.7 3.08511465985174e-06 0.00850652203973013 -0.00850960715438999 0.000118349566993515 -4.49419903617359e-06 0.324539693913036 2.41480516039079e-06 -0.324658043485879 2.07939369494001e-06
AC Iteration:
number of equations 41337
AC: 4641.58883361278 1.04235006888343e-32 1.38121376006886e-33 -0.7 3.08511465985174e-06 0.00850652203973013 -0.00850960715438999 0.000118349625422311 -9.68245830682892e-06 0.324539693880864 5.20254000685621e-06 -0.324658043513091 4.47991791037833e-06
AC Iteration:
number of equations 41337
AC: 10000 1.04235006888343e-32 1.38121376006886e-33 -0.7 3.08511465985174e-06 0.00850652203973013 -0.00850960715438999 0.000118349897955501 -2.08602240548307e-05 0.324539693732109 1.12085326636351e-05 -0.324658043631324 9.65169055206018e-06
AC Iteration:
number of equations 41337
AC: 21544.3469003188 1.04235006888343e-32 1.38121376006886e-33 -0.7 3.08511465985174e-06 0.00850652203973013 -0.00850960715438999 0.000118351161076704 -4.49419902837698e-05 0.324539693039767 2.41480515599895e-05 -0.324658044197695 2.07939369158455e-05
AC Iteration:
number of equations 41337
AC: 46415.8883361278 1.04235006888343e-32 1.38121376006886e-33 -0.7 3.08511465985174e-06 0.00850652203973013 -0.00850960715438999 0.000118357024308428 -9.68245822887853e-05 0.324539689826831 5.20253996287869e-05 -0.324658046848583 4.47991787659936e-05
AC Iteration:
number of equations 41337
AC: 100000 1.04235006888343e-32 1.38121376006886e-33 -0.7 3.08511465985174e-06 0.00850652203973013 -0.00850960715438999 0.000118384233389896 -0.000208602232754335 0.324539674912778 0.000112085322234041 -0.324658059130988 9.65169021329909e-05
AC Iteration:
number of equations 41337
AC: 215443.469003188 1.04235006888343e-32 1.38121376006886e-33 -0.7 3.08511465985174e-06 0.00850652203973013 -0.00850960715438999 0.000118510532142578 -0.000449419824901128 0.32453960568966 0.000241480471580189 -0.324658116164141 0.000207939335263409
AC Iteration:
number of equations 41337
AC: 464158.883361278 1.04235006888343e-32 1.38121376006886e-33 -0.7 3.08511465985174e-06 0.00850652203973013 -0.00850960715438999 0.000119096756478553 -0.000968245043524057 0.32453928438487 0.000520253556096854 -0.32465838086871 0.00044799144868926
AC Iteration:
number of equations 41337
AC: 1000000 1.04235006888343e-32 1.38121376006886e-33 -0.7 3.08511465985174e-06 0.00850652203973013 -0.00850960715438999 0.000121817757844578 -0.00208601453393864 0.324537793027193 0.00112084882047243 -0.324659609508776 0.00096516563169281
AC Iteration:
number of equations 41337
AC: 2154434.69003189 1.04235006888343e-32 1.38121376006886e-33 -0.7 3.08511465985174e-06 0.00850652203973013 -0.00850960715438999 0.000134447221516702 -0.0044941203146873 0.324530870936642 0.00241476069819886 -0.32466531223136 0.00207935945691796
AC Iteration:
number of equations 41337
AC: 4641588.83361278 1.04235006888343e-32 1.38121376006886e-33 -0.7 3.08511465985174e-06 0.00850652203973013 -0.00850960715438999 0.000193061465899211 -0.00968167117252449 0.324498745256857 0.00520209543470105 -0.324691779227338 0.00447957556049775
AC Iteration:
number of equations 41337
AC: 10000000 1.04235006888343e-32 1.38121376006886e-33 -0.7 3.08511465985174e-06 0.00850652203973013 -0.00850960715438999 0.000464984069800626 -0.0208523564448731 0.324349713281903 0.0112040892533331 -0.324814569770617 0.00964826847305027
AC Iteration:
number of equations 41337
AC: 21544346.9003189 1.04235006888343e-32 1.38121376006886e-33 -0.7 3.08511465985174e-06 0.00850652203973013 -0.00850960715438999 0.00172411725634823 -0.0448634867806144 0.323659732980653 0.0241037242562893 -0.32538325883282 0.0207597818811241
AC Iteration:
number of equations 41337
AC: 46415888.3361278 1.04235006888343e-32 1.38121376006886e-33 -0.7 3.08511465985174e-06 0.00850652203973013 -0.00850960715438999 0.00750438713659303 -0.096047419334593 0.320494514682191 0.0515869810092366 -0.327996174019856 0.0444606441684987
AC Iteration:
number of equations 41337
AC: 100000000 1.04235006888343e-32 1.38121376006886e-33 -0.7 3.08511465985174e-06 0.00850652203973013 -0.00850960715438999 0.0330387486434184 -0.201169616500564 0.30655194193451 0.1079073856897 -0.339578381590269 0.0932642364140118
AC Iteration:
number of equations 41337
AC: 215443469.003189 1.04235006888343e-32 1.38121376006886e-33 -0.7 3.08511465985174e-06 0.00850652203973013 -0.00850960715438999 0.129750260541599 -0.387107648666711 0.254190228578945 0.206758466714863 -0.383889458511413 0.180366249369008
AC Iteration:
number of equations 41337
AC: 464158883.361278 1.04235006888343e-32 1.38121376006886e-33 -0.7 3.08511465985174e-06 0.00850652203973013 -0.00850960715438999 0.360420552845612 -0.605113255459181 0.132110586893361 0.319939426559159 -0.492359272292205 0.285276095173808
AC Iteration:
number of equations 41337
AC: 1000000000 1.04235006888343e-32 1.38121376006886e-33 -0.7 3.08511465985174e-06 0.00850652203973013 -0.00850960715438999 0.628438514664617 -0.829272903927169 0.00427837305875379 0.435175307222069 -0.63220937899779 0.394481822814987
AC Iteration:
number of equations 41337
AC: 2154434690.03189 1.04235006888343e-32 1.38121376006886e-33 -0.7 3.08511465985174e-06 0.00850652203973013 -0.00850960715438999 0.945872629338987 -1.2836824154255 -0.107609855564402 0.701241916454757 -0.836569917906377 0.583686010349675
AC Iteration:
number of equations 41337
AC: 4641588833.61278 1.04235006888343e-32 1.38121376006886e-33 -0.7 3.08511465985174e-06 0.00850652203973013 -0.00850960715438999 1.58104303312472 -2.0466114040855 -0.335464603506358 1.27306540727042 -1.23976079899064 0.77802699367863
AC Iteration:
number of equations 41337
AC: 10000000000 1.04235006888343e-32 1.38121376006886e-33 -0.7 3.08511465985174e-06 0.00850652203973013 -0.00850960715438999 2.71010190917524 -3.04651107296684 -0.918437977149144 2.28909215685672 -1.77297482638782 0.77393668687535
AC Iteration:
number of equations 41337
AC: 21544346900.3189 1.04235006888343e-32 1.38121376006886e-33 -0.7 3.08511465985174e-06 0.00850652203973013 -0.00850960715438999 4.61334523010792 -4.16043091231422 -2.36876056009488 3.69328771507176 -2.18932594399005 0.527572080720725
AC Iteration:
number of equations 41337
AC: 46415888336.1278 1.04235006888343e-32 1.38121376006886e-33 -0.7 3.08511465985174e-06 0.00850652203973013 -0.00850960715438999 7.34352150427588 -4.59524010075381 -4.86576306595021 4.53594688625498 -2.34423592998708 0.265947938170788
AC Iteration:
number of equations 41337
AC: 100000000000 1.04235006888343e-32 1.38121376006886e-33 -0.7 3.08511465985174e-06 0.00850652203973013 -0.00850960715438999 9.47163996965435 -4.1844752772859 -6.79169035222086 4.65859808471771 -2.40621558415585 0.0970995810827387
last end -7.000000e-01 -1.000000e+00
number of equations 41337
Iteration: 0
  Device: "bjt"	RelError: 4.60981e+00	AbsError: 4.67544e+16
    Region: "bjt"	RelError: 4.60981e+00	AbsError: 4.67544e+16
      Equation: "ElectronContinuityEquation"	RelError: 4.91034e-01	AbsError: 2.44694e+16
      Equation: "HoleContinuityEquation"	RelError: 4.91264e-01	AbsError: 2.22850e+16
      Equation: "PotentialEquation"	RelError: 3.62751e+00	AbsError: 2.50000e-02
  Circuit: 	RelError: 4.89534e-01	AbsError: 4.12392e-02
Iteration: 1
  Device: "bjt"	RelError: 1.28057e+00	AbsError: 3.94186e+15
    Region: "bjt"	RelError: 1.28057e+00	AbsError: 3.94186e+15
      Equation: "ElectronContinuityEquation"	RelError: 2.51675e-01	AbsError: 1.94590e+15
      Equation: "HoleContinuityEquation"	RelError: 2.52087e-01	AbsError: 1.99597e+15
      Equation: "PotentialEquation"	RelError: 7.76810e-01	AbsError: 9.16106e-04
  Circuit: 	RelError: 2.49991e-01	AbsError: 1.09085e-02
Iteration: 2
  Device: "bjt"	RelError: 3.46657e-03	AbsError: 1.08646e+13
    Region: "bjt"	RelError: 3.46657e-03	AbsError: 1.08646e+13
      Equation: "ElectronContinuityEquation"	RelError: 1.25815e-03	AbsError: 4.22386e+12
      Equation: "HoleContinuityEquation"	RelError: 1.14270e-03	AbsError: 6.64071e+12
      Equation: "PotentialEquation"	RelError: 1.06572e-03	AbsError: 3.27438e-06
  Circuit: 	RelError: 4.06565e-04	AbsError: 1.79444e-05
Iteration: 3
  Device: "bjt"	RelError: 1.36444e-04	AbsError: 1.34961e+12
    Region: "bjt"	RelError: 1.36444e-04	AbsError: 1.34961e+12
      Equation: "ElectronContinuityEquation"	RelError: 4.30004e-05	AbsError: 1.00746e+12
      Equation: "HoleContinuityEquation"	RelError: 7.75581e-05	AbsError: 3.42152e+11
      Equation: "PotentialEquation"	RelError: 1.58855e-05	AbsError: 3.18611e-07
  Circuit: 	RelError: 1.08676e-05	AbsError: 1.69003e-09
Iteration: 4
  Device: "bjt"	RelError: 3.87210e-07	AbsError: 2.42789e+09
    Region: "bjt"	RelError: 3.87210e-07	AbsError: 2.42789e+09
      Equation: "ElectronContinuityEquation"	RelError: 1.35470e-07	AbsError: 2.09830e+09
      Equation: "HoleContinuityEquation"	RelError: 2.35972e-07	AbsError: 3.29590e+08
      Equation: "PotentialEquation"	RelError: 1.57677e-08	AbsError: 4.18930e-10
  Circuit: 	RelError: 1.52716e-10	AbsError: 6.74114e-12
Iteration: 5
  Device: "bjt"	RelError: 1.05508e-08	AbsError: 4.96606e+04
    Region: "bjt"	RelError: 1.05508e-08	AbsError: 4.96606e+04
      Equation: "ElectronContinuityEquation"	RelError: 2.59035e-13	AbsError: 8.18600e+03
      Equation: "HoleContinuityEquation"	RelError: 1.05486e-08	AbsError: 4.14746e+04
      Equation: "PotentialEquation"	RelError: 1.94318e-12	AbsError: 4.69639e-14
  Circuit: 	RelError: 4.75790e-15	AbsError: 1.30180e-16
Succeeded
number of equations 41337
Iteration: 0
  Device: "bjt"	RelError: 4.51564e-13	AbsError: 8.31847e+03
    Region: "bjt"	RelError: 4.51564e-13	AbsError: 8.31847e+03
      Equation: "ElectronContinuityEquation"	RelError: 1.50816e-13	AbsError: 8.18600e+03
      Equation: "HoleContinuityEquation"	RelError: 1.76779e-13	AbsError: 1.32465e+02
      Equation: "PotentialEquation"	RelError: 1.23968e-13	AbsError: 1.11022e-16
  Circuit: 	RelError: 5.63120e-15	AbsError: 3.07811e-18
number of equations 41337
Iteration: 0
  Device: "bjt"	RelError: 4.52140e-13	AbsError: 8.27122e+03
    Region: "bjt"	RelError: 4.52140e-13	AbsError: 8.27122e+03
      Equation: "ElectronContinuityEquation"	RelError: 9.70554e-14	AbsError: 8.18600e+03
      Equation: "HoleContinuityEquation"	RelError: 1.01700e-13	AbsError: 8.52195e+01
      Equation: "PotentialEquation"	RelError: 2.53384e-13	AbsError: 1.11022e-16
  Circuit: 	RelError: 2.98845e-15	AbsError: 3.94629e-18
number of equations 41337
Iteration: 0
  Device: "bjt"	RelError: 7.33695e-13	AbsError: 8.26588e+03
    Region: "bjt"	RelError: 7.33695e-13	AbsError: 8.26588e+03
      Equation: "ElectronContinuityEquation"	RelError: 9.82878e-14	AbsError: 8.18600e+03
      Equation: "HoleContinuityEquation"	RelError: 1.18857e-13	AbsError: 7.98759e+01
      Equation: "PotentialEquation"	RelError: 5.16550e-13	AbsError: 1.11022e-16
  Circuit: 	RelError: 2.56190e-15	AbsError: 4.81232e-17
AC Iteration:
number of equations 41337
AC: 1000 4.83841877539867e-34 -1.76358006860647e-32 -0.725 8.05768824874831e-06 0.0220663778911322 -0.022074435579381 0.000309698180109336 -2.40260420496235e-06 0.840043637817428 2.42141737099579e-06 -0.840353335996686 -1.88133822153424e-08
AC Iteration:
number of equations 41337
AC: 2154.43469003188 4.83841877539867e-34 -1.76358006860647e-32 -0.725 8.05768824874831e-06 0.0220663778911322 -0.022074435579381 0.000309698197619855 -5.17625384548515e-06 0.840043637796726 5.21678558299173e-06 -0.84035333599606 -4.05322033023414e-08
AC Iteration:
number of equations 41337
AC: 4641.58883361278 4.83841877539867e-34 -1.76358006860647e-32 -0.725 8.05768824874831e-06 0.0220663778911322 -0.022074435579381 0.000309698278064464 -1.11519008481246e-05 0.840043637702382 1.12392238292717e-05 -0.840353335981775 -8.73239846316292e-08
AC Iteration:
number of equations 41337
AC: 10000 4.83841877539867e-34 -1.76358006860647e-32 -0.725 8.05768824874831e-06 0.0220663778911322 -0.022074435579381 0.00030969865365933 -2.402604203693e-05 0.840043637263372 2.42141736949218e-05 -0.840353335921525 -1.88133820102819e-07
AC Iteration:
number of equations 41337
AC: 21544.3469003188 4.83841877539867e-34 -1.76358006860647e-32 -0.725 8.05768824874831e-06 0.0220663778911322 -0.022074435579381 0.000309700396614877 -5.17625383278095e-05 0.840043635224635 5.21678556794478e-05 -0.84035333561467 -4.05322009004751e-07
AC Iteration:
number of equations 41337
AC: 46415.8883361278 4.83841877539867e-34 -1.76358006860647e-32 -0.725 8.05768824874831e-06 0.0220663778911322 -0.022074435579381 0.000309708485140346 -0.000111519007211061 0.840043625765059 0.000112392236788441 -0.840353334242024 -8.73239611114028e-07
AC Iteration:
number of equations 41337
AC: 100000 4.83841877539867e-34 -1.76358006860647e-32 -0.725 8.05768824874831e-06 0.0220663778911322 -0.022074435579381 0.000309746029010823 -0.000240260407667481 0.840043581855754 0.000242141721906617 -0.840353327865866 -1.88133585423933e-06
AC Iteration:
number of equations 41337
AC: 215443.469003188 4.83841877539867e-34 -1.76358006860647e-32 -0.725 8.05768824874831e-06 0.0220663778911322 -0.022074435579381 0.000309920294362693 -0.000517625256262159 0.840043378046304 0.000521678406369882 -0.840353298269187 -4.05319665919395e-06
AC Iteration:
number of equations 41337
AC: 464158.883361278 4.83841877539867e-34 -1.76358006860647e-32 -0.725 8.05768824874831e-06 0.0220663778911322 -0.022074435579381 0.000310729158218174 -0.00111518880195293 0.840042432051115 0.00112392086364423 -0.840353160899629 -8.73216176670407e-06
AC Iteration:
number of equations 41337
AC: 1000000 4.83841877539867e-34 -1.76358006860647e-32 -0.725 8.05768824874831e-06 0.0220663778911322 -0.022074435579381 0.000314483545965931 -0.00240259137519048 0.840038041161293 0.00242140217677445 -0.840352523233607 -1.8811014841522e-05
AC Iteration:
number of equations 41337
AC: 2154434.69003189 4.83841877539867e-34 -1.76358006860647e-32 -0.725 8.05768824874831e-06 0.0220663778911322 -0.022074435579381 0.000331909283164209 -0.00517612555170822 0.840017661144304 0.00521663364539609 -0.840349563600659 -4.05085301891834e-05
AC Iteration:
number of equations 41337
AC: 4641588.83361278 4.83841877539867e-34 -1.76358006860647e-32 -0.725 8.05768824874831e-06 0.0220663778911322 -0.022074435579381 0.000412779800096976 -0.0111506180928616 0.839923080328274 0.0112377046663288 -0.840335828444883 -8.70872840485816e-05
AC Iteration:
number of equations 41337
AC: 10000000 4.83841877539867e-34 -1.76358006860647e-32 -0.725 8.05768824874831e-06 0.0220663778911322 -0.022074435579381 0.000787876474715627 -0.0240132229441856 0.839484394490649 0.0241989919373763 -0.840272123982931 -0.000185768228150078
AC Iteration:
number of equations 41337
AC: 21544346.9003189 4.83841877539867e-34 -1.76358006860647e-32 -0.725 8.05768824874831e-06 0.0220663778911322 -0.022074435579381 0.00252310742122799 -0.051634738164113 0.837455047934597 0.0520164941608626 -0.839977474465774 -0.000381731465905473
AC Iteration:
number of equations 41337
AC: 46415888.3361278 4.83841877539867e-34 -1.76358006860647e-32 -0.725 8.05768824874831e-06 0.0220663778911322 -0.022074435579381 0.0104545494711397 -0.110258744346482 0.828180454172507 0.110899337117196 -0.838631871220076 -0.00064031458219206
AC Iteration:
number of equations 41337
AC: 100000000 4.83841877539867e-34 -1.76358006860647e-32 -0.725 8.05768824874831e-06 0.0220663778911322 -0.022074435579381 0.0448427027201259 -0.228406223665375 0.787997957361654 0.228088920701062 -0.832826680135738 0.000320007105362992
AC Iteration:
number of equations 41337
AC: 215443469.003189 4.83841877539867e-34 -1.76358006860647e-32 -0.725 8.05768824874831e-06 0.0220663778911322 -0.022074435579381 0.166705006487572 -0.42371719482198 0.646291173984516 0.410181865276238 -0.812940307358631 0.0135572242617744
AC Iteration:
number of equations 41337
AC: 464158883.361278 4.83841877539867e-34 -1.76358006860647e-32 -0.725 8.05768824874831e-06 0.0220663778911322 -0.022074435579381 0.417971964536156 -0.625567643717084 0.363386114689154 0.543029389427887 -0.781180362104129 0.0826568001959718
AC Iteration:
number of equations 41337
AC: 1000000000 4.83841877539867e-34 -1.76358006860647e-32 -0.725 8.05768824874831e-06 0.0220663778911322 -0.022074435579381 0.681916804149963 -0.850757632387225 0.12040415311612 0.599508091510312 -0.801800248365898 0.251666397945398
AC Iteration:
number of equations 41337
AC: 2154434690.03189 4.83841877539867e-34 -1.76358006860647e-32 -0.725 8.05768824874831e-06 0.0220663778911322 -0.022074435579381 1.02635532427535 -1.31682252937574 -0.0561755952890605 0.816158627605658 -0.968443151053389 0.502015324323025
AC Iteration:
number of equations 41337
AC: 4641588833.61278 4.83841877539867e-34 -1.76358006860647e-32 -0.725 8.05768824874831e-06 0.0220663778911322 -0.022074435579381 1.69055495152048 -2.04739466271602 -0.332641349684497 1.33546679527512 -1.35209365398067 0.71671928730743
AC Iteration:
number of equations 41337
AC: 10000000000 4.83841877539867e-34 -1.76358006860647e-32 -0.725 8.05768824874831e-06 0.0220663778911322 -0.022074435579381 2.802058502265 -3.00085370513486 -0.918264976746953 2.29550319841083 -1.86538232444001 0.722429678482359
AC Iteration:
number of equations 41337
AC: 21544346900.3189 4.83841877539867e-34 -1.76358006860647e-32 -0.725 8.05768824874831e-06 0.0220663778911322 -0.022074435579381 4.65395317854025 -4.10284945087129 -2.34014107318653 3.68790943686753 -2.25930773618262 0.475905017883185
AC Iteration:
number of equations 41337
AC: 46415888336.1278 4.83841877539867e-34 -1.76358006860647e-32 -0.725 8.05768824874831e-06 0.0220663778911322 -0.022074435579381 7.35261728327801 -4.55909661733839 -4.83553221797273 4.5499125961539 -2.3845806808975 0.216105482221586
AC Iteration:
number of equations 41337
AC: 100000000000 4.83841877539867e-34 -1.76358006860647e-32 -0.725 8.05768824874831e-06 0.0220663778911322 -0.022074435579381 9.47091721385772 -4.16625739341533 -6.7782573708062 4.67530836006262 -2.42003168047596 0.0621556873055146
last end -7.250000e-01 -1.000000e+00
number of equations 41337
Iteration: 0
  Device: "bjt"	RelError: 6.43276e+00	AbsError: 5.01433e+16
    Region: "bjt"	RelError: 6.43276e+00	AbsError: 5.01433e+16
      Equation: "ElectronContinuityEquation"	RelError: 4.90933e-01	AbsError: 2.62527e+16
      Equation: "HoleContinuityEquation"	RelError: 4.91238e-01	AbsError: 2.38906e+16
      Equation: "PotentialEquation"	RelError: 5.45058e+00	AbsError: 2.50000e-02
  Circuit: 	RelError: 4.90018e-01	AbsError: 6.70337e-02
Iteration: 1
  Device: "bjt"	RelError: 3.35456e+00	AbsError: 5.19380e+15
    Region: "bjt"	RelError: 3.35456e+00	AbsError: 5.19380e+15
      Equation: "ElectronContinuityEquation"	RelError: 2.51120e-01	AbsError: 2.50356e+15
      Equation: "HoleContinuityEquation"	RelError: 2.51802e-01	AbsError: 2.69023e+15
      Equation: "PotentialEquation"	RelError: 2.85164e+00	AbsError: 2.35801e-03
  Circuit: 	RelError: 2.50216e-01	AbsError: 2.80596e-02
Iteration: 2
  Device: "bjt"	RelError: 8.60483e-03	AbsError: 1.56553e+13
    Region: "bjt"	RelError: 8.60483e-03	AbsError: 1.56553e+13
      Equation: "ElectronContinuityEquation"	RelError: 1.17275e-03	AbsError: 6.27854e+12
      Equation: "HoleContinuityEquation"	RelError: 4.01707e-03	AbsError: 9.37680e+12
      Equation: "PotentialEquation"	RelError: 3.41500e-03	AbsError: 6.40845e-06
  Circuit: 	RelError: 3.72278e-04	AbsError: 4.24990e-05
Iteration: 3
  Device: "bjt"	RelError: 6.91085e-05	AbsError: 8.27491e+10
    Region: "bjt"	RelError: 6.91085e-05	AbsError: 8.27491e+10
      Equation: "ElectronContinuityEquation"	RelError: 1.11917e-06	AbsError: 4.28842e+10
      Equation: "HoleContinuityEquation"	RelError: 5.41599e-05	AbsError: 3.98649e+10
      Equation: "PotentialEquation"	RelError: 1.38294e-05	AbsError: 2.86876e-08
  Circuit: 	RelError: 6.35582e-06	AbsError: 6.73928e-08
Iteration: 4
  Device: "bjt"	RelError: 6.52855e-07	AbsError: 4.20192e+08
    Region: "bjt"	RelError: 6.52855e-07	AbsError: 4.20192e+08
      Equation: "ElectronContinuityEquation"	RelError: 2.83537e-09	AbsError: 7.49997e+07
      Equation: "HoleContinuityEquation"	RelError: 6.28176e-07	AbsError: 3.45193e+08
      Equation: "PotentialEquation"	RelError: 2.18441e-08	AbsError: 1.40031e-10
  Circuit: 	RelError: 4.54974e-10	AbsError: 5.19475e-11
Iteration: 5
  Device: "bjt"	RelError: 4.53903e-08	AbsError: 4.77790e+04
    Region: "bjt"	RelError: 4.53903e-08	AbsError: 4.77790e+04
      Equation: "ElectronContinuityEquation"	RelError: 2.87835e-13	AbsError: 8.19076e+03
      Equation: "HoleContinuityEquation"	RelError: 4.53828e-08	AbsError: 3.95882e+04
      Equation: "PotentialEquation"	RelError: 7.28670e-12	AbsError: 4.99595e-14
  Circuit: 	RelError: 4.54401e-15	AbsError: 5.01840e-16
Succeeded
number of equations 41337
Iteration: 0
  Device: "bjt"	RelError: 6.80068e-13	AbsError: 8.26182e+03
    Region: "bjt"	RelError: 6.80068e-13	AbsError: 8.26182e+03
      Equation: "ElectronContinuityEquation"	RelError: 1.38239e-13	AbsError: 8.19076e+03
      Equation: "HoleContinuityEquation"	RelError: 9.70494e-14	AbsError: 7.10608e+01
      Equation: "PotentialEquation"	RelError: 4.44780e-13	AbsError: 6.12564e-17
  Circuit: 	RelError: 6.66098e-16	AbsError: 4.98268e-17
number of equations 41337
Iteration: 0
  Device: "bjt"	RelError: 6.28996e-13	AbsError: 8.25808e+03
    Region: "bjt"	RelError: 6.28996e-13	AbsError: 8.25808e+03
      Equation: "ElectronContinuityEquation"	RelError: 5.82145e-14	AbsError: 8.19076e+03
      Equation: "HoleContinuityEquation"	RelError: 6.76640e-14	AbsError: 6.73221e+01
      Equation: "PotentialEquation"	RelError: 5.03117e-13	AbsError: 6.25208e-17
  Circuit: 	RelError: 2.99228e-16	AbsError: 1.85837e-17
number of equations 41337
Iteration: 0
  Device: "bjt"	RelError: 3.40013e-13	AbsError: 8.25519e+03
    Region: "bjt"	RelError: 3.40013e-13	AbsError: 8.25519e+03
      Equation: "ElectronContinuityEquation"	RelError: 5.74909e-14	AbsError: 8.19076e+03
      Equation: "HoleContinuityEquation"	RelError: 1.79609e-13	AbsError: 6.44378e+01
      Equation: "PotentialEquation"	RelError: 1.02913e-13	AbsError: 7.26664e-17
  Circuit: 	RelError: 2.43970e-16	AbsError: 2.64284e-17
AC Iteration:
number of equations 41337
AC: 1000 8.05583250956824e-36 0 -0.75 2.10726186971011e-05 0.0570787102577513 -0.0570997828764484 0.000810587926270563 -3.08308385347596e-06 2.16418291177921 6.87038454750494e-06 -2.16499349970502 -3.78730124683666e-06
AC Iteration:
number of equations 41337
AC: 2154.43469003188 8.05583250956824e-36 0 -0.75 2.10726186971011e-05 0.0570787102577513 -0.0570997828764484 0.000810587956045034 -6.64230280598358e-06 2.16418291169802 1.48017948023871e-05 -2.16499349965793 -8.1594931874339e-06
AC Iteration:
number of equations 41337
AC: 4641.58883361278 8.05583250956824e-36 0 -0.75 2.10726186971011e-05 0.0570787102577513 -0.0570997828764484 0.000810588094646639 -1.43104075846759e-05 2.1641829113241 3.18895001909618e-05 -2.16499349942052 -1.75790951721401e-05
AC Iteration:
number of equations 41337
AC: 10000 8.05583250956824e-36 0 -0.75 2.10726186971011e-05 0.0570787102577513 -0.0570997828764484 0.000810588739513094 -3.08308385065446e-05 2.16418290958698 6.87038453988528e-05 -2.16499349832828 -3.78730124204356e-05
AC Iteration:
number of equations 41337
AC: 21544.3469003188 8.05583250956824e-36 0 -0.75 2.10726186971011e-05 0.0570787102577513 -0.0570997828764484 0.000810591731340926 -6.64230277779218e-05 2.16418290152426 0.000148017947262194 -2.16499349325832 -8.15949313943698e-05
AC Iteration:
number of equations 41337
AC: 46415.8883361278 8.05583250956824e-36 0 -0.75 2.10726186971011e-05 0.0570787102577513 -0.0570997828764484 0.000810605619463938 -0.000143104073027559 2.16418286409928 0.000318894994292023 -2.16499346971695 -0.000175790946923556
AC Iteration:
number of equations 41337
AC: 100000 8.05583250956824e-36 0 -0.75 2.10726186971011e-05 0.0570787102577513 -0.0570997828764484 0.00081067007775157 -0.00030830835687492 2.16418269039073 0.000687038377812226 -2.16499336045297 -0.0003787300762132
AC Iteration:
number of equations 41337
AC: 215443.469003188 8.05583250956824e-36 0 -0.75 2.10726186971011e-05 0.0570787102577513 -0.0570997828764484 0.000810969271489163 -0.00066422999587048 2.16418188410287 0.00148017871085406 -2.16499285329238 -0.000815948834033989
AC Iteration:
number of equations 41337
AC: 464158.883361278 8.05583250956824e-36 0 -0.75 2.10726186971011e-05 0.0570787102577513 -0.0570997828764484 0.000812358004960067 -0.00143103791119429 2.16417814165571 0.0031889423252446 -2.16499049925008 -0.00175790467012264
AC Iteration:
number of equations 41337
AC: 1000000 8.05583250956824e-36 0 -0.75 2.10726186971011e-05 0.0570787102577513 -0.0570997828764484 0.000818803851439704 -0.0030830553782298 2.16416077096 0.00687030760210334 -2.16497957292419 -0.00378725277163817
AC Iteration:
number of equations 41337
AC: 2154434.69003189 8.05583250956824e-36 0 -0.75 2.10726186971011e-05 0.0570787102577513 -0.0570997828764484 0.00084872117607291 -0.0066420180672311 2.16408014770382 0.0148010253836497 -2.16492886011512 -0.00815900845706231
AC Iteration:
number of equations 41337
AC: 4641588.83361278 8.05583250956824e-36 0 -0.75 2.10726186971011e-05 0.0570787102577513 -0.0570997828764484 0.000987549545204713 -0.0143075608338987 2.16370602199611 0.0318818076474097 -2.16469353085572 -0.0175742488760074
AC Iteration:
number of equations 41337
AC: 10000000 8.05583250956824e-36 0 -0.75 2.10726186971011e-05 0.0570787102577513 -0.0570997828764484 0.0016311689151894 -0.0308024005140413 2.16197151311551 0.0686269961692695 -2.16360249332822 -0.03782459615427
AC Iteration:
number of equations 41337
AC: 21544346.9003189 8.05583250956824e-36 0 -0.75 2.10726186971011e-05 0.0570787102577513 -0.0570997828764484 0.00460221179786144 -0.0661400090276682 2.15396408536467 0.147252971047105 -2.15856542423415 -0.0811129238693767
AC Iteration:
number of equations 41337
AC: 46415888.3361278 8.05583250956824e-36 0 -0.75 2.10726186971011e-05 0.0570787102577513 -0.0570997828764484 0.0180499099786048 -0.140335234399828 2.11770770695266 0.311404029914108 -2.13575362656776 -0.171068330807293
AC Iteration:
number of equations 41337
AC: 100000000 8.05583250956824e-36 0 -0.75 2.10726186971011e-05 0.0570787102577513 -0.0570997828764484 0.0739633636564647 -0.28312711192099 1.96682429931951 0.618670759178388 -2.04077031909965 -0.335539219736157
AC Iteration:
number of equations 41337
AC: 215443469.003189 8.05583250956824e-36 0 -0.75 2.10726186971011e-05 0.0570787102577513 -0.0570997828764484 0.245938945474442 -0.485565126823852 1.50460306630831 0.991369095895731 -1.75047793491615 -0.50577172747547
AC Iteration:
number of equations 41337
AC: 464158883.361278 8.05583250956824e-36 0 -0.75 2.10726186971011e-05 0.0570787102577513 -0.0570997828764484 0.518865297742994 -0.656789318485932 0.813788711814241 1.06481494449075 -1.3324673286266 -0.407878556007402
AC Iteration:
number of equations 41337
AC: 1000000000 8.05583250956824e-36 0 -0.75 2.10726186971011e-05 0.0570787102577513 -0.0570997828764484 0.784347925910955 -0.89725307892316 0.352852351623271 0.963428628735612 -1.13665100383785 -0.0656962123258233
AC Iteration:
number of equations 41337
AC: 2154434690.03189 8.05583250956824e-36 0 -0.75 2.10726186971011e-05 0.0570787102577513 -0.0570997828764484 1.18677999708308 -1.3668491324827 0.0294583380486513 1.07194484993808 -1.21443571324524 0.296466774127106
AC Iteration:
number of equations 41337
AC: 4641588833.61278 8.05583250956824e-36 0 -0.75 2.10726186971011e-05 0.0570787102577513 -0.0570997828764484 1.88341912275357 -2.02800804264863 -0.344243768072784 1.46051430789922 -1.53341011350815 0.572831681755082
AC Iteration:
number of equations 41337
AC: 10000000000 8.05583250956824e-36 0 -0.75 2.10726186971011e-05 0.0570787102577513 -0.0570997828764484 2.94633756499426 -2.90866087947335 -0.923874394443558 2.31171576260354 -2.00461316043907 0.614905194739848
AC Iteration:
number of equations 41337
AC: 21544346900.3189 8.05583250956824e-36 0 -0.75 2.10726186971011e-05 0.0570787102577513 -0.0570997828764484 4.70891346113269 -4.0062718735696 -2.29843927275885 3.68328952569373 -2.3572354698944 0.384673800277453
AC Iteration:
number of equations 41337
AC: 46415888336.1278 8.05583250956824e-36 0 -0.75 2.10726186971011e-05 0.0570787102577513 -0.0570997828764484 7.36169594182605 -4.50371877399932 -4.79237512629777 4.57326155417059 -2.43837726908613 0.137650235020929
AC Iteration:
number of equations 41337
AC: 100000000000 8.05583250956824e-36 0 -0.75 2.10726186971011e-05 0.0570787102577513 -0.0570997828764484 9.46809487592582 -4.13995600187244 -6.76031834533463 4.70040857720902 -2.43674732623727 0.0106241363349588
last end -7.500000e-01 -1.000000e+00
number of equations 41337
Iteration: 0
  Device: "bjt"	RelError: 4.20409e+01	AbsError: 5.52173e+16
    Region: "bjt"	RelError: 4.20409e+01	AbsError: 5.52173e+16
      Equation: "ElectronContinuityEquation"	RelError: 4.90817e-01	AbsError: 2.89384e+16
      Equation: "HoleContinuityEquation"	RelError: 4.91186e-01	AbsError: 2.62789e+16
      Equation: "PotentialEquation"	RelError: 4.10589e+01	AbsError: 2.50000e-02
  Circuit: 	RelError: 4.90224e-01	AbsError: 1.33290e-01
Iteration: 1
  Device: "bjt"	RelError: 3.86019e+00	AbsError: 7.29182e+15
    Region: "bjt"	RelError: 3.86019e+00	AbsError: 7.29182e+15
      Equation: "ElectronContinuityEquation"	RelError: 2.50679e-01	AbsError: 3.50826e+15
      Equation: "HoleContinuityEquation"	RelError: 2.51428e-01	AbsError: 3.78355e+15
      Equation: "PotentialEquation"	RelError: 3.35808e+00	AbsError: 6.03046e-03
  Circuit: 	RelError: 2.49974e-01	AbsError: 7.13906e-02
Iteration: 2
  Device: "bjt"	RelError: 2.90744e-02	AbsError: 2.07175e+13
    Region: "bjt"	RelError: 2.90744e-02	AbsError: 2.07175e+13
      Equation: "ElectronContinuityEquation"	RelError: 1.21704e-03	AbsError: 9.55924e+12
      Equation: "HoleContinuityEquation"	RelError: 2.61424e-02	AbsError: 1.11583e+13
      Equation: "PotentialEquation"	RelError: 1.71490e-03	AbsError: 9.16648e-06
  Circuit: 	RelError: 3.42267e-04	AbsError: 1.00514e-04
Iteration: 3
  Device: "bjt"	RelError: 1.01771e-04	AbsError: 3.46594e+11
    Region: "bjt"	RelError: 1.01771e-04	AbsError: 3.46594e+11
      Equation: "ElectronContinuityEquation"	RelError: 3.88818e-06	AbsError: 1.08551e+11
      Equation: "HoleContinuityEquation"	RelError: 2.78814e-05	AbsError: 2.38043e+11
      Equation: "PotentialEquation"	RelError: 7.00017e-05	AbsError: 9.96622e-08
  Circuit: 	RelError: 3.60600e-06	AbsError: 5.79982e-07
Iteration: 4
  Device: "bjt"	RelError: 1.73938e-06	AbsError: 1.84010e+09
    Region: "bjt"	RelError: 1.73938e-06	AbsError: 1.84010e+09
      Equation: "ElectronContinuityEquation"	RelError: 1.03004e-08	AbsError: 3.85782e+08
      Equation: "HoleContinuityEquation"	RelError: 1.60661e-06	AbsError: 1.45432e+09
      Equation: "PotentialEquation"	RelError: 1.22470e-07	AbsError: 9.86862e-10
  Circuit: 	RelError: 1.74342e-09	AbsError: 5.12093e-10
Iteration: 5
  Device: "bjt"	RelError: 1.14318e-07	AbsError: 1.28211e+05
    Region: "bjt"	RelError: 1.14318e-07	AbsError: 1.28211e+05
      Equation: "ElectronContinuityEquation"	RelError: 6.89111e-13	AbsError: 8.18969e+03
      Equation: "HoleContinuityEquation"	RelError: 1.14274e-07	AbsError: 1.20021e+05
      Equation: "PotentialEquation"	RelError: 4.31191e-11	AbsError: 1.51130e-13
  Circuit: 	RelError: 9.31066e-15	AbsError: 2.60260e-15
Succeeded
number of equations 41337
Iteration: 0
  Device: "bjt"	RelError: 9.85838e-13	AbsError: 8.29840e+03
    Region: "bjt"	RelError: 9.85838e-13	AbsError: 8.29840e+03
      Equation: "ElectronContinuityEquation"	RelError: 1.37017e-13	AbsError: 8.18969e+03
      Equation: "HoleContinuityEquation"	RelError: 9.76365e-14	AbsError: 1.08715e+02
      Equation: "PotentialEquation"	RelError: 7.51184e-13	AbsError: 6.91013e-17
  Circuit: 	RelError: 4.76712e-16	AbsError: 4.21290e-17
number of equations 41337
Iteration: 0
  Device: "bjt"	RelError: 3.81477e-13	AbsError: 8.25491e+03
    Region: "bjt"	RelError: 3.81477e-13	AbsError: 8.25491e+03
      Equation: "ElectronContinuityEquation"	RelError: 1.34246e-13	AbsError: 8.18969e+03
      Equation: "HoleContinuityEquation"	RelError: 8.05739e-14	AbsError: 6.52199e+01
      Equation: "PotentialEquation"	RelError: 1.66656e-13	AbsError: 6.74891e-17
  Circuit: 	RelError: 4.21594e-16	AbsError: 2.03872e-17
number of equations 41337
Iteration: 0
  Device: "bjt"	RelError: 5.05342e-13	AbsError: 8.25458e+03
    Region: "bjt"	RelError: 5.05342e-13	AbsError: 8.25458e+03
      Equation: "ElectronContinuityEquation"	RelError: 4.96901e-14	AbsError: 8.18969e+03
      Equation: "HoleContinuityEquation"	RelError: 1.08297e-13	AbsError: 6.48939e+01
      Equation: "PotentialEquation"	RelError: 3.47355e-13	AbsError: 6.87719e-17
  Circuit: 	RelError: 2.60773e-16	AbsError: 2.23797e-17
AC Iteration:
number of equations 41337
AC: 1000 -1.23215116966563e-33 0 -0.775 5.51196020190722e-05 0.146834621016012 -0.146889740618031 0.00211914587312295 -4.64109034323019e-06 5.52240102883978 2.4581929342483e-05 -5.5245201747153 -1.99408403919538e-05
AC Iteration:
number of equations 41337
AC: 2154.43469003188 -1.23215116966563e-33 0 -0.775 5.51196020190722e-05 0.146834621016012 -0.146889740618031 0.00211914594211901 -9.99892603427142e-06 5.52240102839456 5.29601613183956e-05 -5.52452017434036 -4.29612382846105e-05
AC Iteration:
number of equations 41337
AC: 4641.58883361278 -1.23215116966563e-33 0 -0.775 5.51196020190722e-05 0.146834621016012 -0.146889740618031 0.00211914626101471 -2.15420331038072e-05 5.52240102633469 0.000114099208684733 -5.52452017259821 -9.25571820452835e-05
AC Iteration:
number of equations 41337
AC: 10000 -1.23215116966563e-33 0 -0.775 5.51196020190722e-05 0.146834621016012 -0.146889740618031 0.00211914774408813 -4.64109033375063e-05 5.52240101676396 0.000245819292801633 -5.52452016451224 -0.000199408403391359
AC Iteration:
number of equations 41337
AC: 21544.3469003188 -1.23215116966563e-33 0 -0.775 5.51196020190722e-05 0.146834621016012 -0.146889740618031 0.00211915462680928 -9.99892593945592e-05 5.52240097234046 0.000529601606951534 -5.52452012696798 -0.000429612377561944
AC Iteration:
number of equations 41337
AC: 46415.8883361278 -1.23215116966563e-33 0 -0.775 5.51196020190722e-05 0.146834621016012 -0.146889740618031 0.00211918657276617 -0.000215420321555233 5.5224007661404 0.00114099202451585 -5.5245199527116 -0.000925571767604241
AC Iteration:
number of equations 41337
AC: 100000 -1.23215116966563e-33 0 -0.775 5.51196020190722e-05 0.146834621016012 -0.146889740618031 0.00211933485205488 -0.000464108938547406 5.52239980905243 0.00245819230470786 -5.52451914387266 -0.00199408350541508
AC Iteration:
number of equations 41337
AC: 215443.469003188 -1.23215116966563e-33 0 -0.775 5.51196020190722e-05 0.146834621016012 -0.146889740618031 0.00212002310168488 -0.000999891645671685 5.52239536664632 0.00529600983643994 -5.52451538961601 -0.00429611849069747
AC Iteration:
number of equations 41337
AC: 464158.883361278 -1.23215116966563e-33 0 -0.775 5.51196020190722e-05 0.146834621016012 -0.146889740618031 0.00212321765888452 -0.00215419373285224 5.522374746917 0.011409857914614 -5.52449796396894 -0.00925566482704745
AC Iteration:
number of equations 41337
AC: 1000000 -1.23215116966563e-33 0 -0.775 5.51196020190722e-05 0.146834621016012 -0.146889740618031 0.0021380451093469 -0.00464099456046284 5.52227904105151 0.0245812997546373 -5.52441708331014 -0.0199403065752459
AC Iteration:
number of equations 41337
AC: 2154434.69003189 -1.23215116966563e-33 0 -0.775 5.51196020190722e-05 0.146834621016012 -0.146889740618031 0.00220686003918959 -0.00999796830060686 5.52183486639217 0.0529538660567628 -5.52404171320767 -0.0429559006404774
AC Iteration:
number of equations 41337
AC: 4641588.83361278 -1.23215116966563e-33 0 -0.775 5.51196020190722e-05 0.146834621016012 -0.146889740618031 0.00252609835295762 -0.0215324601337748 5.51977432350616 0.114036284721228 -5.52230036050019 -0.0925038298910969
AC Iteration:
number of equations 41337
AC: 10000000 -1.23215116966563e-33 0 -0.775 5.51196020190722e-05 0.146834621016012 -0.146889740618031 0.00400416938039043 -0.0463153758025708 5.51023448036539 0.245191379752344 -5.51423836535981 -0.198876006290953
AC Iteration:
number of equations 41337
AC: 21544346.9003189 -1.23215116966563e-33 0 -0.775 5.51196020190722e-05 0.146834621016012 -0.146889740618031 0.0107859936377676 -0.0990432561066624 5.46647262018951 0.523383323187262 -5.477257303652 -0.424339982325199
AC Iteration:
number of equations 41337
AC: 46415888.3361278 -1.23215116966563e-33 0 -0.775 5.51196020190722e-05 0.146834621016012 -0.146889740618031 0.0406601415303496 -0.206367930692951 5.27390410332473 1.08148516675076 -5.31455836369705 -0.875116201243557
AC Iteration:
number of equations 41337
AC: 100000000 -1.23215116966563e-33 0 -0.775 5.51196020190722e-05 0.146834621016012 -0.146889740618031 0.152060633289715 -0.388647976139551 4.55965994603163 1.96212964603008 -4.71169672115396 -1.5734725943895
AC Iteration:
number of equations 41337
AC: 215443469.003189 -1.23215116966563e-33 0 -0.775 5.51196020190722e-05 0.146834621016012 -0.146889740618031 0.405282299440021 -0.572742505231879 2.98549666228805 2.49409349503812 -3.39070325548892 -1.92129791952457
AC Iteration:
number of equations 41337
AC: 464158883.361278 -1.23215116966563e-33 0 -0.775 5.51196020190722e-05 0.146834621016012 -0.146889740618031 0.686120105475626 -0.716781325060783 1.53772034158909 2.10150417366432 -2.22363654295103 -1.38452850397434
AC Iteration:
number of equations 41337
AC: 1000000000 -1.23215116966563e-33 0 -0.775 5.51196020190722e-05 0.146834621016012 -0.146889740618031 0.996919589295583 -0.992922682246316 0.7279136258117 1.69476802156792 -1.72422519927936 -0.701236326853114
AC Iteration:
number of equations 41337
AC: 2154434690.03189 -1.23215116966563e-33 0 -0.775 5.51196020190722e-05 0.146834621016012 -0.146889740618031 1.49650936619638 -1.41566162337425 0.0913340884967534 1.54333989274808 -1.58597628893931 -0.125708363008571
AC Iteration:
number of equations 41337
AC: 4641588833.61278 -1.23215116966563e-33 0 -0.775 5.51196020190722e-05 0.146834621016012 -0.146889740618031 2.19854095580839 -1.95120009092646 -0.397057531401212 1.63959334008266 -1.79593528047076 0.317837319982897
AC Iteration:
number of equations 41337
AC: 10000000000 -1.23215116966563e-33 0 -0.775 5.51196020190722e-05 0.146834621016012 -0.146889740618031 3.15133390504696 -2.74000091978498 -0.930587323312754 2.33017249204561 -2.20392333755704 0.429040243896919
AC Iteration:
number of equations 41337
AC: 21544346900.3189 -1.23215116966563e-33 0 -0.775 5.51196020190722e-05 0.146834621016012 -0.146889740618031 4.77729062667248 -3.85769789093364 -2.23687775615026 3.68115385725387 -2.48912141291968 0.239140319032792
AC Iteration:
number of equations 41337
AC: 46415888336.1278 -1.23215116966563e-33 0 -0.775 5.51196020190722e-05 0.146834621016012 -0.146889740618031 7.3698445549558 -4.42450229477091 -4.73408895097607 4.60840458406865 -2.50704507902841 0.0235428108641086
AC Iteration:
number of equations 41337
AC: 100000000000 -1.23215116966563e-33 0 -0.775 5.51196020190722e-05 0.146834621016012 -0.146889740618031 9.46333578789566 -4.10367696266281 -6.73602268737121 4.73478285426453 -2.45849028163025 -0.0602595931507073
last end -7.750000e-01 -1.000000e+00
number of equations 41337
Iteration: 0
  Device: "bjt"	RelError: 3.02535e+01	AbsError: 6.40459e+16
    Region: "bjt"	RelError: 3.02535e+01	AbsError: 6.40459e+16
      Equation: "ElectronContinuityEquation"	RelError: 4.90803e-01	AbsError: 3.28596e+16
      Equation: "HoleContinuityEquation"	RelError: 4.91067e-01	AbsError: 3.11864e+16
      Equation: "PotentialEquation"	RelError: 2.92716e+01	AbsError: 2.50000e-02
  Circuit: 	RelError: 4.90094e-01	AbsError: 3.01329e-01
Iteration: 1
  Device: "bjt"	RelError: 8.59932e+00	AbsError: 1.07357e+16
    Region: "bjt"	RelError: 8.59932e+00	AbsError: 1.07357e+16
      Equation: "ElectronContinuityEquation"	RelError: 2.51828e-01	AbsError: 5.27326e+15
      Equation: "HoleContinuityEquation"	RelError: 4.98396e-01	AbsError: 5.46249e+15
      Equation: "PotentialEquation"	RelError: 7.84909e+00	AbsError: 1.52758e-02
  Circuit: 	RelError: 2.48939e-01	AbsError: 1.77479e-01
Iteration: 2
  Device: "bjt"	RelError: 1.77517e-01	AbsError: 5.54147e+13
    Region: "bjt"	RelError: 1.77517e-01	AbsError: 5.54147e+13
      Equation: "ElectronContinuityEquation"	RelError: 4.54960e-03	AbsError: 2.24433e+13
      Equation: "HoleContinuityEquation"	RelError: 1.46364e-01	AbsError: 3.29714e+13
      Equation: "PotentialEquation"	RelError: 2.66035e-02	AbsError: 4.40556e-05
  Circuit: 	RelError: 4.13587e-04	AbsError: 3.08945e-04
Iteration: 3
  Device: "bjt"	RelError: 2.57376e-04	AbsError: 1.83838e+12
    Region: "bjt"	RelError: 2.57376e-04	AbsError: 1.83838e+12
      Equation: "ElectronContinuityEquation"	RelError: 1.27967e-05	AbsError: 8.00565e+11
      Equation: "HoleContinuityEquation"	RelError: 1.29671e-04	AbsError: 1.03782e+12
      Equation: "PotentialEquation"	RelError: 1.14909e-04	AbsError: 5.26773e-07
  Circuit: 	RelError: 2.45815e-05	AbsError: 5.04735e-06
Iteration: 4
  Device: "bjt"	RelError: 2.04609e-05	AbsError: 6.72413e+09
    Region: "bjt"	RelError: 2.04609e-05	AbsError: 6.72413e+09
      Equation: "ElectronContinuityEquation"	RelError: 2.48267e-08	AbsError: 2.55230e+09
      Equation: "HoleContinuityEquation"	RelError: 2.00273e-05	AbsError: 4.17183e+09
      Equation: "PotentialEquation"	RelError: 4.08772e-07	AbsError: 2.32411e-09
  Circuit: 	RelError: 5.75542e-09	AbsError: 4.30004e-09
Iteration: 5
  Device: "bjt"	RelError: 4.36881e-07	AbsError: 2.51897e+05
    Region: "bjt"	RelError: 4.36881e-07	AbsError: 2.51897e+05
      Equation: "ElectronContinuityEquation"	RelError: 1.13026e-12	AbsError: 8.17816e+03
      Equation: "HoleContinuityEquation"	RelError: 4.36843e-07	AbsError: 2.43719e+05
      Equation: "PotentialEquation"	RelError: 3.64522e-11	AbsError: 3.04892e-13
  Circuit: 	RelError: 1.02987e-14	AbsError: 7.65802e-15
Succeeded
number of equations 41337
Iteration: 0
  Device: "bjt"	RelError: 3.48576e-13	AbsError: 8.28976e+03
    Region: "bjt"	RelError: 3.48576e-13	AbsError: 8.28976e+03
      Equation: "ElectronContinuityEquation"	RelError: 6.87772e-14	AbsError: 8.17816e+03
      Equation: "HoleContinuityEquation"	RelError: 1.11858e-13	AbsError: 1.11598e+02
      Equation: "PotentialEquation"	RelError: 1.67940e-13	AbsError: 6.61587e-17
  Circuit: 	RelError: 4.45657e-16	AbsError: 2.83161e-16
number of equations 41337
Iteration: 0
  Device: "bjt"	RelError: 3.18186e-13	AbsError: 8.29595e+03
    Region: "bjt"	RelError: 3.18186e-13	AbsError: 8.29595e+03
      Equation: "ElectronContinuityEquation"	RelError: 3.42808e-14	AbsError: 8.17816e+03
      Equation: "HoleContinuityEquation"	RelError: 7.88727e-14	AbsError: 1.17782e+02
      Equation: "PotentialEquation"	RelError: 2.05033e-13	AbsError: 6.36578e-17
  Circuit: 	RelError: 2.89091e-16	AbsError: 1.79539e-16
number of equations 41337
Iteration: 0
  Device: "bjt"	RelError: 3.07181e-13	AbsError: 8.28997e+03
    Region: "bjt"	RelError: 3.07181e-13	AbsError: 8.28997e+03
      Equation: "ElectronContinuityEquation"	RelError: 6.18734e-14	AbsError: 8.17816e+03
      Equation: "HoleContinuityEquation"	RelError: 7.73476e-14	AbsError: 1.11809e+02
      Equation: "PotentialEquation"	RelError: 1.67960e-13	AbsError: 6.56584e-17
  Circuit: 	RelError: 2.96427e-16	AbsError: 9.43533e-17
AC Iteration:
number of equations 41337
AC: 1000 7.28242260221424e-34 -2.1027850749261e-32 -0.8 0.00014395784758105 0.373492509181588 -0.373636467029169 0.00551857863042894 -8.27975757806739e-06 13.8088736697641 0.000104954599601603 -13.8143922483938 -9.66748454241634e-05
AC Iteration:
number of equations 41337
AC: 2154.43469003188 7.28242260221424e-34 -2.1027850749261e-32 -0.8 0.00014395784758105 0.373492509181588 -0.373636467029169 0.0055185788432567 -1.78381969472961e-05 13.8088736664306 0.000226117830195756 -13.8143922452747 -0.000208279640574929
AC Iteration:
number of equations 41337
AC: 4641.58883361278 7.28242260221424e-34 -2.1027850749261e-32 -0.8 0.00014395784758105 0.373492509181588 -0.373636467029169 0.00551857982975947 -3.84312302713812e-05 13.8088736509456 0.000487156096763634 -13.8143922307801 -0.000448724882276819
AC Iteration:
number of equations 41337
AC: 10000 7.28242260221424e-34 -2.1027850749261e-32 -0.8 0.00014395784758105 0.373492509181588 -0.373636467029169 0.00551858441070396 -8.27975752823305e-05 13.8088735790791 0.00104954598788186 -13.8143921634935 -0.000966748446606533
AC Iteration:
number of equations 41337
AC: 21544.3469003188 7.28242260221424e-34 -2.1027850749261e-32 -0.8 0.00014395784758105 0.373492509181588 -0.373636467029169 0.00551860567168616 -0.000178381964489687 13.80887324551 0.00226117822061586 -13.8143918511851 -0.00208279632939199
AC Iteration:
number of equations 41337
AC: 46415.8883361278 7.28242260221424e-34 -2.1027850749261e-32 -0.8 0.00014395784758105 0.373492509181588 -0.373636467029169 0.00551870435618569 -0.000384312252882357 13.8088716972313 0.00487156015424468 -13.8143904015798 -0.00448724805920438
AC Iteration:
number of equations 41337
AC: 100000 7.28242260221424e-34 -2.1027850749261e-32 -0.8 0.00014395784758105 0.373492509181588 -0.373636467029169 0.0055191624058248 -0.00082797525451332 13.8088645107851 0.0104954517449821 -13.8143836731414 -0.00966747683049921
AC Iteration:
number of equations 41337
AC: 215443.469003188 7.28242260221424e-34 -2.1027850749261e-32 -0.8 0.00014395784758105 0.373492509181588 -0.373636467029169 0.00552128848054234 -0.00178381466181432 13.808831154349 0.0226117008680547 -13.8143524425924 -0.0208278869385274
AC Iteration:
number of equations 41337
AC: 464158.883361278 7.28242260221424e-34 -2.1027850749261e-32 -0.8 0.00014395784758105 0.373492509181588 -0.373636467029169 0.00553115668823846 -0.00384307269868051 13.8086763300805 0.0487147881727807 -13.8142074856659 -0.0448717170489211
AC Iteration:
number of equations 41337
AC: 1000000 7.28242260221424e-34 -2.1027850749261e-32 -0.8 0.00014395784758105 0.373492509181588 -0.373636467029169 0.0055769575064562 -0.00827925427506557 13.8079577547769 0.104946384274928 -13.8135347071688 -0.0966671333643305
AC Iteration:
number of equations 41337
AC: 2154434.69003189 7.28242260221424e-34 -2.1027850749261e-32 -0.8 0.00014395784758105 0.373492509181588 -0.373636467029169 0.00578947407770431 -0.017833165372724 13.8046236146217 0.226035701146999 -13.8104130649795 -0.208202542739579
AC Iteration:
number of equations 41337
AC: 4641588.83361278 7.28242260221424e-34 -2.1027850749261e-32 -0.8 0.00014395784758105 0.373492509181588 -0.373636467029169 0.00677434011556508 -0.0383809819695953 13.789173521377 0.486335928512049 -13.7959477514823 -0.44795495871859
AC Iteration:
number of equations 41337
AC: 10000000 7.28242260221424e-34 -2.1027850749261e-32 -0.8 0.00014395784758105 0.373492509181588 -0.373636467029169 0.011312584881344 -0.0822981988527422 13.7180079981357 1.0413959957799 -13.7293200748477 -0.959097795068493
AC Iteration:
number of equations 41337
AC: 21544346.9003189 7.28242260221424e-34 -2.1027850749261e-32 -0.8 0.00014395784758105 0.373492509181588 -0.373636467029169 0.0316895228305546 -0.173527435328898 13.3990583934983 2.18199465931797 -13.4307456080314 -2.00846694824281
AC Iteration:
number of equations 41337
AC: 46415888.3361278 7.28242260221424e-34 -2.1027850749261e-32 -0.8 0.00014395784758105 0.373492509181588 -0.373636467029169 0.113614820065672 -0.341318064997065 12.1275781522872 4.1720075186845 -12.2411831934561 -3.83068650608095
AC Iteration:
number of equations 41337
AC: 100000000 7.28242260221424e-34 -2.1027850749261e-32 -0.8 0.00014395784758105 0.373492509181588 -0.373636467029169 0.341005246093945 -0.546195316074245 8.73302095828695 5.95535972891694 -9.0739925269851 -5.40914399588478
AC Iteration:
number of equations 41337
AC: 215443469.003189 7.28242260221424e-34 -2.1027850749261e-32 -0.8 0.00014395784758105 0.373492509181588 -0.373636467029169 0.658090918072865 -0.68165594434141 4.7500350720064 5.32844826938781 -5.40803566805772 -4.6467061649452
AC Iteration:
number of equations 41337
AC: 464158883.361278 7.28242260221424e-34 -2.1027850749261e-32 -0.8 0.00014395784758105 0.373492509181588 -0.373636467029169 0.979642134073072 -0.853902906538463 2.50499350090369 3.89618724794164 -3.48439250212984 -3.04200701197635
AC Iteration:
number of equations 41337
AC: 1000000000 7.28242260221424e-34 -2.1027850749261e-32 -0.8 0.00014395784758105 0.373492509181588 -0.373636467029169 1.42424676399836 -1.11198495165504 0.985336989761005 2.95090848930795 -2.40890256289679 -1.83805376200379
AC Iteration:
number of equations 41337
AC: 2154434690.03189 7.28242260221424e-34 -2.1027850749261e-32 -0.8 0.00014395784758105 0.373492509181588 -0.373636467029169 1.9901471455494 -1.38725576167123 -0.0426144075397837 2.10278641514327 -1.94570255205021 -0.712911714645781
AC Iteration:
number of equations 41337
AC: 4641588833.61278 7.28242260221424e-34 -2.1027850749261e-32 -0.8 0.00014395784758105 0.373492509181588 -0.373636467029169 2.61063510318171 -1.76578965493412 -0.490225582595532 1.77998659883013 -2.11538556290927 -0.00679944159341245
AC Iteration:
number of equations 41337
AC: 10000000000 7.28242260221424e-34 -2.1027850749261e-32 -0.8 0.00014395784758105 0.373492509181588 -0.373636467029169 3.38086944178739 -2.49425154076166 -0.919347181395073 2.3280088686854 -2.44619532640701 0.186856014272936
AC Iteration:
number of equations 41337
AC: 21544346900.3189 7.28242260221424e-34 -2.1027850749261e-32 -0.8 0.00014395784758105 0.373492509181588 -0.373636467029169 4.84735394888909 -3.67282966948854 -2.15446056391064 3.68389330557155 -2.64402425492156 0.0524606303708272
AC Iteration:
number of equations 41337
AC: 46415888336.1278 7.28242260221424e-34 -2.1027850749261e-32 -0.8 0.00014395784758105 0.373492509181588 -0.373636467029169 7.37770765881099 -4.33078750517797 -4.66740160557301 4.65002396862977 -2.58423595875964 -0.111542597351604
AC Iteration:
number of equations 41337
AC: 100000000000 7.28242260221424e-34 -2.1027850749261e-32 -0.8 0.00014395784758105 0.373492509181588 -0.373636467029169 9.45984919994599 -4.06078224018918 -6.70494777777822 4.77218410822254 -2.48868358552917 -0.140696624247465
last end -8.000000e-01 -1.000000e+00
number of equations 41337
Iteration: 0
  Device: "bjt"	RelError: 2.21816e+01	AbsError: 7.76546e+16
    Region: "bjt"	RelError: 2.21816e+01	AbsError: 7.76546e+16
      Equation: "ElectronContinuityEquation"	RelError: 4.93860e-01	AbsError: 3.91861e+16
      Equation: "HoleContinuityEquation"	RelError: 6.96249e-01	AbsError: 3.84685e+16
      Equation: "PotentialEquation"	RelError: 2.09915e+01	AbsError: 3.08942e-02
  Circuit: 	RelError: 4.89367e-01	AbsError: 7.15973e-01
Iteration: 1
  Device: "bjt"	RelError: 1.16346e+02	AbsError: 1.70669e+16
    Region: "bjt"	RelError: 1.16346e+02	AbsError: 1.70669e+16
      Equation: "ElectronContinuityEquation"	RelError: 2.69342e-01	AbsError: 8.31917e+15
      Equation: "HoleContinuityEquation"	RelError: 7.04586e-01	AbsError: 8.74775e+15
      Equation: "PotentialEquation"	RelError: 1.15372e+02	AbsError: 3.27234e-02
  Circuit: 	RelError: 2.46270e-01	AbsError: 4.20092e-01
Iteration: 2
  Device: "bjt"	RelError: 1.46489e+02	AbsError: 1.96408e+14
    Region: "bjt"	RelError: 1.46489e+02	AbsError: 1.96408e+14
      Equation: "ElectronContinuityEquation"	RelError: 5.52194e-02	AbsError: 7.93067e+13
      Equation: "HoleContinuityEquation"	RelError: 5.60594e-01	AbsError: 1.17101e+14
      Equation: "PotentialEquation"	RelError: 1.45873e+02	AbsError: 2.58704e-02
  Circuit: 	RelError: 8.13169e-04	AbsError: 1.50931e-03
Iteration: 3
  Device: "bjt"	RelError: 3.66052e+00	AbsError: 1.08137e+14
    Region: "bjt"	RelError: 3.66052e+00	AbsError: 1.08137e+14
      Equation: "ElectronContinuityEquation"	RelError: 4.31563e-02	AbsError: 8.70363e+13
      Equation: "HoleContinuityEquation"	RelError: 3.19726e-01	AbsError: 2.11008e+13
      Equation: "PotentialEquation"	RelError: 3.29764e+00	AbsError: 1.25513e-02
  Circuit: 	RelError: 2.56133e-05	AbsError: 4.75392e-05
Iteration: 4
  Device: "bjt"	RelError: 2.40906e+00	AbsError: 1.21198e+14
    Region: "bjt"	RelError: 2.40906e+00	AbsError: 1.21198e+14
      Equation: "ElectronContinuityEquation"	RelError: 3.09557e-02	AbsError: 9.71591e+13
      Equation: "HoleContinuityEquation"	RelError: 1.58869e-01	AbsError: 2.40387e+13
      Equation: "PotentialEquation"	RelError: 2.21924e+00	AbsError: 5.05742e-04
  Circuit: 	RelError: 5.68624e-06	AbsError: 1.05538e-05
Iteration: 5
  Device: "bjt"	RelError: 4.95188e-03	AbsError: 9.13563e+10
    Region: "bjt"	RelError: 4.95188e-03	AbsError: 9.13563e+10
      Equation: "ElectronContinuityEquation"	RelError: 1.54871e-05	AbsError: 6.31384e+10
      Equation: "HoleContinuityEquation"	RelError: 1.24352e-03	AbsError: 2.82179e+10
      Equation: "PotentialEquation"	RelError: 3.69287e-03	AbsError: 5.58933e-07
  Circuit: 	RelError: 6.04186e-09	AbsError: 1.12140e-08
Iteration: 6
  Device: "bjt"	RelError: 2.26670e-05	AbsError: 1.78420e+08
    Region: "bjt"	RelError: 2.26670e-05	AbsError: 1.78420e+08
      Equation: "ElectronContinuityEquation"	RelError: 1.37404e-09	AbsError: 1.11272e+07
      Equation: "HoleContinuityEquation"	RelError: 2.26020e-05	AbsError: 1.67293e+08
      Equation: "PotentialEquation"	RelError: 6.36132e-08	AbsError: 2.39072e-10
  Circuit: 	RelError: 9.96433e-11	AbsError: 1.66710e-10
Iteration: 7
  Device: "bjt"	RelError: 3.29739e-07	AbsError: 9.60945e+03
    Region: "bjt"	RelError: 3.29739e-07	AbsError: 9.60945e+03
      Equation: "ElectronContinuityEquation"	RelError: 1.23476e-13	AbsError: 8.17573e+03
      Equation: "HoleContinuityEquation"	RelError: 3.29737e-07	AbsError: 1.43371e+03
      Equation: "PotentialEquation"	RelError: 2.22235e-12	AbsError: 2.28358e-15
  Circuit: 	RelError: 1.49913e-15	AbsError: 2.09292e-15
Succeeded
number of equations 41337
Iteration: 0
  Device: "bjt"	RelError: 9.24385e-13	AbsError: 8.30273e+03
    Region: "bjt"	RelError: 9.24385e-13	AbsError: 8.30273e+03
      Equation: "ElectronContinuityEquation"	RelError: 1.30503e-13	AbsError: 8.17573e+03
      Equation: "HoleContinuityEquation"	RelError: 6.51844e-14	AbsError: 1.26997e+02
      Equation: "PotentialEquation"	RelError: 7.28698e-13	AbsError: 7.06494e-17
  Circuit: 	RelError: 1.39423e-16	AbsError: 1.79696e-16
number of equations 41337
Iteration: 0
  Device: "bjt"	RelError: 1.00980e-12	AbsError: 8.24110e+03
    Region: "bjt"	RelError: 1.00980e-12	AbsError: 8.24110e+03
      Equation: "ElectronContinuityEquation"	RelError: 7.98327e-14	AbsError: 8.17573e+03
      Equation: "HoleContinuityEquation"	RelError: 1.73356e-13	AbsError: 6.53661e+01
      Equation: "PotentialEquation"	RelError: 7.56608e-13	AbsError: 5.96010e-17
  Circuit: 	RelError: 1.09923e-16	AbsError: 1.61053e-16
number of equations 41337
Iteration: 0
  Device: "bjt"	RelError: 1.05603e-12	AbsError: 8.24138e+03
    Region: "bjt"	RelError: 1.05603e-12	AbsError: 8.24138e+03
      Equation: "ElectronContinuityEquation"	RelError: 7.31301e-14	AbsError: 8.17573e+03
      Equation: "HoleContinuityEquation"	RelError: 1.70899e-13	AbsError: 6.56497e+01
      Equation: "PotentialEquation"	RelError: 8.12002e-13	AbsError: 7.08825e-17
  Circuit: 	RelError: 1.18734e-16	AbsError: 1.63270e-16
AC Iteration:
number of equations 41337
AC: 1000 -3.01377835889269e-33 0 -0.825 0.000374144777457822 0.928011267185305 -0.928385411962763 0.0142294205302368 -1.66264896653672e-05 33.0945219184212 0.000484434863975416 -33.1087513389468 -0.000467808382069789
AC Iteration:
number of equations 41337
AC: 2154.43469003188 -3.01377835889269e-33 0 -0.825 0.000374144777457822 0.928011267185305 -0.928385411962763 0.0142294213364597 -3.58206860798604e-05 33.0945218886566 0.00104368327489926 -33.1087513099927 -0.00100786260553741
AC Iteration:
number of equations 41337
AC: 4641.58883361278 -3.01377835889269e-33 0 -0.825 0.000374144777457822 0.928011267185305 -0.928385411962763 0.0142294250786078 -7.71733284244326e-05 33.0945217504853 0.00224854744174364 -33.1087511755659 -0.00217137414933737
AC Iteration:
number of equations 41337
AC: 10000 -3.01377835889269e-33 0 -0.825 0.000374144777457822 0.928011267185305 -0.928385411962763 0.0142294424488607 -0.000166264893035066 33.0945211091315 0.00484434849961127 -33.1087505515787 -0.00467808368417421
AC Iteration:
number of equations 41337
AC: 21544.3469003188 -3.01377835889269e-33 0 -0.825 0.000374144777457822 0.928011267185305 -0.928385411962763 0.0142295230717448 -0.0003582068246135 33.0945181323279 0.0104368313476095 -33.1087476553927 -0.010078624690175
AC Iteration:
number of equations 41337
AC: 46415.8883361278 -3.01377835889269e-33 0 -0.825 0.000374144777457822 0.928011267185305 -0.928385411962763 0.0142298972922403 -0.000771732922394166 33.0945043151805 0.0224854604036561 -33.1087342124438 -0.0217137278414252
AC Iteration:
number of equations 41337
AC: 100000 -3.01377835889269e-33 0 -0.825 0.000374144777457822 0.928011267185305 -0.928385411962763 0.0142316342618294 -0.00166264531186521 33.0944401818939 0.0484433448589562 -33.1086718160517 -0.0467807003229381
AC Iteration:
number of equations 41337
AC: 215443.469003188 -3.01377835889269e-33 0 -0.825 0.000374144777457822 0.928011267185305 -0.928385411962763 0.0142396964628712 -0.00358203206166351 33.0941425054492 0.104366912119481 -33.1083822014272 -0.10078488172823
AC Iteration:
number of equations 41337
AC: 464158.883361278 -3.01377835889269e-33 0 -0.825 0.000374144777457822 0.928011267185305 -0.928385411962763 0.0142771157003468 -0.00771696739766559 33.0927608993211 0.22484059119471 -33.1070380127874 -0.217123627384969
AC Iteration:
number of equations 41337
AC: 1000000 -3.01377835889269e-33 0 -0.825 0.000374144777457822 0.928011267185305 -0.928385411962763 0.0144507534508203 -0.0166228357098776 33.086349891913 0.48429335373564 -33.1008006349673 -0.467670525646286
AC Iteration:
number of equations 41337
AC: 2154434.69003189 -3.01377835889269e-33 0 -0.825 0.000374144777457822 0.928011267185305 -0.928385411962763 0.0152556980033373 -0.035784186117438 33.0566322238403 1.04226972862043 -33.071887873624 -1.00648555782955
AC Iteration:
number of equations 41337
AC: 4641588.83361278 -3.01377835889269e-33 0 -0.825 0.000374144777457822 0.928011267185305 -0.928385411962763 0.0189702884011207 -0.0768101551740273 32.9195425461281 2.23448376114137 -32.9385126115486 -2.15767362813645
AC Iteration:
number of equations 41337
AC: 10000000 -3.01377835889269e-33 0 -0.825 0.000374144777457822 0.928011267185305 -0.928385411962763 0.0357593567672985 -0.162715561046988 32.3009568812802 4.70695018590052 -32.3367152205167 -4.544234566961
AC Iteration:
number of equations 41337
AC: 21544346.9003189 -3.01377835889269e-33 0 -0.825 0.000374144777457822 0.928011267185305 -0.928385411962763 0.105121736528244 -0.326089438383193 29.7651089042592 9.19550843150684 -29.8702262500668 -8.86941792818947
AC Iteration:
number of equations 41337
AC: 46415888.3361278 -3.01377835889269e-33 0 -0.825 0.000374144777457822 0.928011267185305 -0.928385411962763 0.314313698150217 -0.548350783859788 22.3972853135595 13.9121917949252 -22.7115831406326 -13.3638326140008
AC Iteration:
number of equations 41337
AC: 100000000 -3.01377835889269e-33 0 -0.825 0.000374144777457822 0.928011267185305 -0.928385411962763 0.65269990570257 -0.719741274918462 12.4888286216815 13.1992561546151 -13.1414839020064 -12.4794756207648
AC Iteration:
number of equations 41337
AC: 215443469.003189 -3.01377835889269e-33 0 -0.825 0.000374144777457822 0.928011267185305 -0.928385411962763 1.04463919844879 -0.878406748312938 6.51869712395394 9.48070404738227 -7.56321971176377 -8.60216050316516
AC Iteration:
number of equations 41337
AC: 464158883.361278 -3.01377835889269e-33 0 -0.825 0.000374144777457822 0.928011267185305 -0.928385411962763 1.53822707634672 -1.02134374597588 2.87981886944806 6.72925081728362 -4.41775481183887 -5.7074716468929
AC Iteration:
number of equations 41337
AC: 1000000000 -3.01377835889269e-33 0 -0.825 0.000374144777457822 0.928011267185305 -0.928385411962763 2.06804706369712 -1.10182830868073 0.476849464676137 4.1487672806588 -2.54422105301347 -3.04567633473041
AC Iteration:
number of equations 41337
AC: 2154434690.03189 -3.01377835889269e-33 0 -0.825 0.000374144777457822 0.928011267185305 -0.928385411962763 2.55555750249031 -1.19950767320478 -0.337716303876083 2.34731753264263 -2.21625733826492 -1.1444478869497
AC Iteration:
number of equations 41337
AC: 4641588833.61278 -3.01377835889269e-33 0 -0.825 0.000374144777457822 0.928011267185305 -0.928385411962763 2.99275814331355 -1.48707530483961 -0.560727668655545 1.78274693052979 -2.42779470383417 -0.2871922933819
AC Iteration:
number of equations 41337
AC: 10000000000 -3.01377835889269e-33 0 -0.825 0.000374144777457822 0.928011267185305 -0.928385411962763 3.56979271536774 -2.23477969704168 -0.868530884846645 2.29176607145123 -2.6875146146696 -0.0352200681695311
AC Iteration:
number of equations 41337
AC: 21544346900.3189 -3.01377835889269e-33 0 -0.825 0.000374144777457822 0.928011267185305 -0.928385411962763 4.90580573187253 -3.50082793807385 -2.06612537274939 3.69041528134007 -2.79306321555701 -0.125288561350057
AC Iteration:
number of equations 41337
AC: 46415888336.1278 -3.01377835889269e-33 0 -0.825 0.000374144777457822 0.928011267185305 -0.928385411962763 7.38911550602916 -4.24525436835377 -4.60556497724244 4.68395762601103 -2.65988765144975 -0.230661495304118
AC Iteration:
number of equations 41337
AC: 100000000000 -3.01377835889269e-33 0 -0.825 0.000374144777457822 0.928011267185305 -0.928385411962763 9.4627415392567 -4.01998931550471 -6.66909184283748 4.80056299114997 -2.52989954729787 -0.209625371365836
last end -8.250000e-01 -1.000000e+00
number of equations 41337
Iteration: 0
  Device: "bjt"	RelError: 3.32791e+02	AbsError: 1.06315e+17
    Region: "bjt"	RelError: 3.32791e+02	AbsError: 1.06315e+17
      Equation: "ElectronContinuityEquation"	RelError: 5.26339e-01	AbsError: 5.26927e+16
      Equation: "HoleContinuityEquation"	RelError: 8.53282e-01	AbsError: 5.36222e+16
      Equation: "PotentialEquation"	RelError: 3.31411e+02	AbsError: 4.97435e-02
  Circuit: 	RelError: 4.87383e-01	AbsError: 1.68105e+00
Iteration: 1
  Device: "bjt"	RelError: 1.04780e+02	AbsError: 2.77079e+16
    Region: "bjt"	RelError: 1.04780e+02	AbsError: 2.77079e+16
      Equation: "ElectronContinuityEquation"	RelError: 3.33100e-01	AbsError: 1.37630e+16
      Equation: "HoleContinuityEquation"	RelError: 8.76621e-01	AbsError: 1.39449e+16
      Equation: "PotentialEquation"	RelError: 1.03570e+02	AbsError: 5.46415e-02
  Circuit: 	RelError: 2.40307e-01	AbsError: 9.00452e-01
Iteration: 2
  Device: "bjt"	RelError: 1.15327e+03	AbsError: 2.31378e+15
    Region: "bjt"	RelError: 1.15327e+03	AbsError: 2.31378e+15
      Equation: "ElectronContinuityEquation"	RelError: 9.62576e-02	AbsError: 4.10848e+14
      Equation: "HoleContinuityEquation"	RelError: 8.37863e-01	AbsError: 1.90293e+15
      Equation: "PotentialEquation"	RelError: 1.15233e+03	AbsError: 4.76314e-02
  Circuit: 	RelError: 1.83941e-03	AbsError: 8.09938e-03
Iteration: 3
  Device: "bjt"	RelError: 3.10215e+02	AbsError: 5.84895e+14
    Region: "bjt"	RelError: 3.10215e+02	AbsError: 5.84895e+14
      Equation: "ElectronContinuityEquation"	RelError: 6.87978e-02	AbsError: 1.67236e+14
      Equation: "HoleContinuityEquation"	RelError: 7.79379e-01	AbsError: 4.17660e+14
      Equation: "PotentialEquation"	RelError: 3.09367e+02	AbsError: 3.94986e-02
  Circuit: 	RelError: 1.05826e-04	AbsError: 4.65976e-04
Iteration: 4
  Device: "bjt"	RelError: 7.58431e+02	AbsError: 3.24519e+14
    Region: "bjt"	RelError: 7.58431e+02	AbsError: 3.24519e+14
      Equation: "ElectronContinuityEquation"	RelError: 5.13372e-02	AbsError: 1.32429e+14
      Equation: "HoleContinuityEquation"	RelError: 6.81236e-01	AbsError: 1.92090e+14
      Equation: "PotentialEquation"	RelError: 7.57698e+02	AbsError: 2.98335e-02
  Circuit: 	RelError: 5.06538e-05	AbsError: 2.23006e-04
Iteration: 5
  Device: "bjt"	RelError: 1.07515e+02	AbsError: 2.71987e+14
    Region: "bjt"	RelError: 1.07515e+02	AbsError: 2.71987e+14
      Equation: "ElectronContinuityEquation"	RelError: 4.58578e-02	AbsError: 1.49519e+14
      Equation: "HoleContinuityEquation"	RelError: 5.10010e-01	AbsError: 1.22468e+14
      Equation: "PotentialEquation"	RelError: 1.06959e+02	AbsError: 2.58713e-02
  Circuit: 	RelError: 2.72878e-05	AbsError: 1.20133e-04
Iteration: 6
  Device: "bjt"	RelError: 2.58413e+00	AbsError: 2.70556e+14
    Region: "bjt"	RelError: 2.58413e+00	AbsError: 2.70556e+14
      Equation: "ElectronContinuityEquation"	RelError: 4.54373e-02	AbsError: 2.00073e+14
      Equation: "HoleContinuityEquation"	RelError: 3.27910e-01	AbsError: 7.04825e+13
      Equation: "PotentialEquation"	RelError: 2.21078e+00	AbsError: 9.12952e-03
  Circuit: 	RelError: 1.82476e-05	AbsError: 8.03330e-05
Iteration: 7
  Device: "bjt"	RelError: 2.43853e-01	AbsError: 2.24441e+14
    Region: "bjt"	RelError: 2.43853e-01	AbsError: 2.24441e+14
      Equation: "ElectronContinuityEquation"	RelError: 2.13145e-02	AbsError: 1.72213e+14
      Equation: "HoleContinuityEquation"	RelError: 1.20768e-01	AbsError: 5.22285e+13
      Equation: "PotentialEquation"	RelError: 1.01771e-01	AbsError: 9.70305e-04
  Circuit: 	RelError: 5.08887e-06	AbsError: 2.24031e-05
Iteration: 8
  Device: "bjt"	RelError: 2.55443e-03	AbsError: 6.03144e+11
    Region: "bjt"	RelError: 2.55443e-03	AbsError: 6.03144e+11
      Equation: "ElectronContinuityEquation"	RelError: 4.28407e-05	AbsError: 3.87709e+11
      Equation: "HoleContinuityEquation"	RelError: 2.15465e-03	AbsError: 2.15436e+11
      Equation: "PotentialEquation"	RelError: 3.56931e-04	AbsError: 3.29193e-06
  Circuit: 	RelError: 1.37380e-07	AbsError: 6.05032e-07
Iteration: 9
  Device: "bjt"	RelError: 7.00843e-05	AbsError: 7.98380e+09
    Region: "bjt"	RelError: 7.00843e-05	AbsError: 7.98380e+09
      Equation: "ElectronContinuityEquation"	RelError: 6.50945e-08	AbsError: 1.36792e+09
      Equation: "HoleContinuityEquation"	RelError: 4.67362e-05	AbsError: 6.61587e+09
      Equation: "PotentialEquation"	RelError: 2.32830e-05	AbsError: 1.12904e-08
  Circuit: 	RelError: 8.68905e-09	AbsError: 3.52752e-08
Iteration: 10
  Device: "bjt"	RelError: 3.12263e-08	AbsError: 3.45044e+07
    Region: "bjt"	RelError: 3.12263e-08	AbsError: 3.45044e+07
      Equation: "ElectronContinuityEquation"	RelError: 3.18812e-10	AbsError: 9.17682e+05
      Equation: "HoleContinuityEquation"	RelError: 3.03106e-08	AbsError: 3.35867e+07
      Equation: "PotentialEquation"	RelError: 5.96918e-10	AbsError: 4.25180e-11
  Circuit: 	RelError: 1.86120e-13	AbsError: 8.19038e-13
Iteration: 11
  Device: "bjt"	RelError: 1.21664e-12	AbsError: 8.42415e+03
    Region: "bjt"	RelError: 1.21664e-12	AbsError: 8.42415e+03
      Equation: "ElectronContinuityEquation"	RelError: 1.34024e-13	AbsError: 8.19091e+03
      Equation: "HoleContinuityEquation"	RelError: 1.10960e-13	AbsError: 2.33240e+02
      Equation: "PotentialEquation"	RelError: 9.71653e-13	AbsError: 3.06847e-16
  Circuit: 	RelError: 1.48136e-15	AbsError: 2.78899e-15
Succeeded
number of equations 41337
Iteration: 0
  Device: "bjt"	RelError: 9.31621e-13	AbsError: 8.43495e+03
    Region: "bjt"	RelError: 9.31621e-13	AbsError: 8.43495e+03
      Equation: "ElectronContinuityEquation"	RelError: 6.26043e-14	AbsError: 8.19090e+03
      Equation: "HoleContinuityEquation"	RelError: 1.76537e-13	AbsError: 2.44051e+02
      Equation: "PotentialEquation"	RelError: 6.92480e-13	AbsError: 2.56279e-16
  Circuit: 	RelError: 1.51191e-15	AbsError: 1.09152e-15
number of equations 41337
Iteration: 0
  Device: "bjt"	RelError: 8.49679e-13	AbsError: 8.42563e+03
    Region: "bjt"	RelError: 8.49679e-13	AbsError: 8.42563e+03
      Equation: "ElectronContinuityEquation"	RelError: 9.05672e-14	AbsError: 8.19090e+03
      Equation: "HoleContinuityEquation"	RelError: 8.00581e-14	AbsError: 2.34724e+02
      Equation: "PotentialEquation"	RelError: 6.79053e-13	AbsError: 2.42010e-16
  Circuit: 	RelError: 1.78545e-15	AbsError: 1.14324e-15
number of equations 41337
Iteration: 0
  Device: "bjt"	RelError: 9.86284e-13	AbsError: 8.41823e+03
    Region: "bjt"	RelError: 9.86284e-13	AbsError: 8.41823e+03
      Equation: "ElectronContinuityEquation"	RelError: 8.90898e-14	AbsError: 8.19089e+03
      Equation: "HoleContinuityEquation"	RelError: 1.71682e-13	AbsError: 2.27336e+02
      Equation: "PotentialEquation"	RelError: 7.25512e-13	AbsError: 2.55447e-16
  Circuit: 	RelError: 1.76734e-15	AbsError: 1.12715e-15
AC Iteration:
number of equations 41337
AC: 1000 -6.35323660505952e-34 4.15316260077724e-33 -0.85 0.000961015593856166 2.2011676107613 -2.20212862635515 0.0359058150327238 -3.517171621255e-05 72.981913680821 0.00214723520699143 -73.017819495854 -0.00211206350607003
AC Iteration:
number of equations 41337
AC: 2154.43469003188 -6.35323660505952e-34 4.15316260077724e-33 -0.85 0.000961015593856166 2.2011676107613 -2.20212862635515 0.0359058183718332 -7.57751652799645e-05 72.9819134185392 0.00462607799814195 -73.0178192369077 -0.00455030286580549
AC Iteration:
number of equations 41337
AC: 4641.58883361278 -6.35323660505952e-34 4.15316260077724e-33 -0.85 0.000961015593856166 2.2011676107613 -2.20212862635515 0.0359058338682765 -0.000163252642359146 72.9819122011717 0.00996658272341504 -73.0178180350377 -0.00980333015203086
AC Iteration:
number of equations 41337
AC: 10000 -6.35323660505952e-34 4.15316260077724e-33 -0.85 0.000961015593856166 2.2011676107613 -2.20212862635515 0.0359059058002315 -0.000351717132307255 72.9819065504764 0.0214723496145243 -73.0178124562763 -0.0211206326351282
AC Iteration:
number of equations 41337
AC: 21544.3469003188 -6.35323660505952e-34 4.15316260077724e-33 -0.85 0.000961015593856166 2.2011676107613 -2.20212862635515 0.0359062396773332 -0.000757751354617386 72.981880322434 0.0462607554275315 -73.0177865621009 -0.0455030044023453
AC Iteration:
number of equations 41337
AC: 46415.8883361278 -6.35323660505952e-34 4.15316260077724e-33 -0.85 0.000961015593856166 2.2011676107613 -2.20212862635515 0.035907789389032 -0.00163252344177676 72.9817585830249 0.099665581695892 -73.0176663723571 -0.0980330589637933
AC Iteration:
number of equations 41337
AC: 100000 -6.35323660505952e-34 4.15316260077724e-33 -0.85 0.000961015593856166 2.2011676107613 -2.20212862635515 0.0359149824372604 -0.0035171415052184 72.9811935250689 0.214721040786945 -73.017108507276 -0.211203900810218
AC Iteration:
number of equations 41337
AC: 215443.469003188 -6.35323660505952e-34 4.15316260077724e-33 -0.85 0.000961015593856166 2.2011676107613 -2.20212862635515 0.0359483679531471 -0.00757721538058164 72.9785708963741 0.462583001768948 -73.0145192632781 -0.455005789676765
AC Iteration:
number of equations 41337
AC: 464158.883361278 -6.35323660505952e-34 4.15316260077724e-33 -0.85 0.000961015593856166 2.2011676107613 -2.20212862635515 0.0361032939305461 -0.0163222533649331 72.9664007104713 0.996410342059914 -73.0025039995431 -0.980088095732911
AC Iteration:
number of equations 41337
AC: 1000000 -6.35323660505952e-34 4.15316260077724e-33 -0.85 0.000961015593856166 2.2011676107613 -2.20212862635515 0.0368216250313362 -0.0351416324854992 72.9099757911574 2.14475798465836 -72.9467973936514 -2.10961636686855
AC Iteration:
number of equations 41337
AC: 2154434.69003189 -6.35323660505952e-34 4.15316260077724e-33 -0.85 0.000961015593856166 2.2011676107613 -2.20212862635515 0.0401392901123667 -0.0754756191728136 72.6494475196486 4.60141317030363 -72.6895867054559 -4.52593757814274
AC Iteration:
number of equations 41337
AC: 4641588.83361278 -6.35323660505952e-34 4.15316260077724e-33 -0.85 0.000961015593856166 2.2011676107613 -2.20212862635515 0.0551912017480902 -0.160315673981633 71.4690259625739 9.72479967049535 -71.5242166871357 -9.56448400927841
AC Iteration:
number of equations 41337
AC: 10000000 -6.35323660505952e-34 4.15316260077724e-33 -0.85 0.000961015593856166 2.2011676107613 -2.20212862635515 0.11836421650187 -0.324785489461967 66.5455879658769 19.2572993393686 -66.6639501018584 -18.932513466762
AC Iteration:
number of equations 41337
AC: 21544346.9003189 -6.35323660505952e-34 4.15316260077724e-33 -0.85 0.000961015593856166 2.2011676107613 -2.20212862635515 0.318316982189646 -0.563044538875687 51.4282440066161 30.3146053442908 -51.7465532517634 -29.7515571847819
AC Iteration:
number of equations 41337
AC: 46415888.3361278 -6.35323660505952e-34 4.15316260077724e-33 -0.85 0.000961015593856166 2.2011676107613 -2.20212862635515 0.666316508241667 -0.769520642085651 29.0223286200081 30.2499690935071 -29.6886226098524 -29.480430261788
AC Iteration:
number of equations 41337
AC: 100000000 -6.35323660505952e-34 4.15316260077724e-33 -0.85 0.000961015593856166 2.2011676107613 -2.20212862635515 1.11237111607512 -0.975961392545839 14.4676319796611 21.9524766919631 -15.5799424032934 -20.9764481418699
AC Iteration:
number of equations 41337
AC: 215443469.003189 -6.35323660505952e-34 4.15316260077724e-33 -0.85 0.000961015593856166 2.2011676107613 -2.20212862635515 1.73671384768942 -1.07405709094058 5.92995179793817 14.8802801477179 -7.66652275052378 -13.805995362713
AC Iteration:
number of equations 41337
AC: 464158883.361278 -6.35323660505952e-34 4.15316260077724e-33 -0.85 0.000961015593856166 2.2011676107613 -2.20212862635515 2.29401318428108 -0.973575268953437 1.03367592409402 8.43269919340458 -3.32741102570395 -7.45847436395038
AC Iteration:
number of equations 41337
AC: 1000000000 -6.35323660505952e-34 4.15316260077724e-33 -0.85 0.000961015593856166 2.2011676107613 -2.20212862635515 2.69670841834939 -0.881334082840556 -0.320244724788119 4.06762296343326 -2.3759224246258 -3.18464272405604
AC Iteration:
number of equations 41337
AC: 2154434690.03189 -6.35323660505952e-34 4.15316260077724e-33 -0.85 0.000961015593856166 2.2011676107613 -2.20212862635515 2.99293154102641 -0.913607177221551 -0.51276544195542 2.14321568697295 -2.47895765111115 -1.22567188139565
AC Iteration:
number of equations 41337
AC: 4641588833.61278 -6.35323660505952e-34 4.15316260077724e-33 -0.85 0.000961015593856166 2.2011676107613 -2.20212862635515 3.25024884001507 -1.22420683270278 -0.543244145936052 1.63829096996381 -2.70351247665056 -0.404876353054212
AC Iteration:
number of equations 41337
AC: 10000000000 -6.35323660505952e-34 4.15316260077724e-33 -0.85 0.000961015593856166 2.2011676107613 -2.20212862635515 3.69603976084283 -2.03745738041954 -0.784877380974742 2.23224385431967 -2.89861567069469 -0.172250436695305
AC Iteration:
number of equations 41337
AC: 21544346900.3189 -6.35323660505952e-34 4.15316260077724e-33 -0.85 0.000961015593856166 2.2011676107613 -2.20212862635515 4.95537873803069 -3.37904689633012 -1.98802294796127 3.68950841516737 -2.92233100790265 -0.245506541405568
AC Iteration:
number of equations 41337
AC: 46415888336.1278 -6.35323660505952e-34 4.15316260077724e-33 -0.85 0.000961015593856166 2.2011676107613 -2.20212862635515 7.40970373948659 -4.1817747409811 -4.55236068522893 4.69868573455858 -2.73546329167274 -0.308267841033517
AC Iteration:
number of equations 41337
AC: 100000000000 -6.35323660505952e-34 4.15316260077724e-33 -0.85 0.000961015593856166 2.2011676107613 -2.20212862635515 9.47523749398537 -3.98664452878149 -6.62813062757164 4.8121461794762 -2.58535868233692 -0.253741324079283
last end -8.500000e-01 -1.000000e+00
number of equations 41337
Iteration: 0
  Device: "bjt"	RelError: 2.25375e+02	AbsError: 1.55771e+17
    Region: "bjt"	RelError: 2.25375e+02	AbsError: 1.55771e+17
      Equation: "ElectronContinuityEquation"	RelError: 6.47201e-01	AbsError: 7.59662e+16
      Equation: "HoleContinuityEquation"	RelError: 9.36903e-01	AbsError: 7.98051e+16
      Equation: "PotentialEquation"	RelError: 2.23791e+02	AbsError: 7.15979e-02
  Circuit: 	RelError: 4.82939e-01	AbsError: 3.67741e+00
Iteration: 1
  Device: "bjt"	RelError: 4.44432e+02	AbsError: 4.94382e+16
    Region: "bjt"	RelError: 4.44432e+02	AbsError: 4.94382e+16
      Equation: "ElectronContinuityEquation"	RelError: 5.84957e-01	AbsError: 2.17384e+16
      Equation: "HoleContinuityEquation"	RelError: 9.49059e-01	AbsError: 2.76998e+16
      Equation: "PotentialEquation"	RelError: 4.42898e+02	AbsError: 7.73397e-02
  Circuit: 	RelError: 2.29223e-01	AbsError: 1.58941e+00
Iteration: 2
  Device: "bjt"	RelError: 6.15757e+02	AbsError: 5.77856e+16
    Region: "bjt"	RelError: 6.15757e+02	AbsError: 5.77856e+16
      Equation: "ElectronContinuityEquation"	RelError: 5.70367e-01	AbsError: 2.21823e+16
      Equation: "HoleContinuityEquation"	RelError: 9.36149e-01	AbsError: 3.56033e+16
      Equation: "PotentialEquation"	RelError: 6.14251e+02	AbsError: 7.16548e-02
  Circuit: 	RelError: 1.31529e-02	AbsError: 1.25164e-01
Iteration: 3
  Device: "bjt"	RelError: 3.95348e+03	AbsError: 5.13888e+16
    Region: "bjt"	RelError: 3.95348e+03	AbsError: 5.13888e+16
      Equation: "ElectronContinuityEquation"	RelError: 4.82276e-01	AbsError: 2.17444e+16
      Equation: "HoleContinuityEquation"	RelError: 9.10669e-01	AbsError: 2.96444e+16
      Equation: "PotentialEquation"	RelError: 3.95208e+03	AbsError: 6.27059e-02
  Circuit: 	RelError: 1.60663e-02	AbsError: 1.50471e-01
Iteration: 4
  Device: "bjt"	RelError: 5.12502e+01	AbsError: 3.79192e+16
    Region: "bjt"	RelError: 5.12502e+01	AbsError: 3.79192e+16
      Equation: "ElectronContinuityEquation"	RelError: 4.76300e-01	AbsError: 1.70703e+16
      Equation: "HoleContinuityEquation"	RelError: 8.69297e-01	AbsError: 2.08490e+16
      Equation: "PotentialEquation"	RelError: 4.99046e+01	AbsError: 5.27405e-02
  Circuit: 	RelError: 4.39056e-03	AbsError: 5.58005e-04
Iteration: 5
  Device: "bjt"	RelError: 1.46150e+01	AbsError: 2.02145e+16
    Region: "bjt"	RelError: 1.46150e+01	AbsError: 2.02145e+16
      Equation: "ElectronContinuityEquation"	RelError: 3.39370e-01	AbsError: 9.36093e+15
      Equation: "HoleContinuityEquation"	RelError: 7.91678e-01	AbsError: 1.08536e+16
      Equation: "PotentialEquation"	RelError: 1.34839e+01	AbsError: 4.05589e-02
  Circuit: 	RelError: 2.31658e-03	AbsError: 2.16448e-02
Iteration: 6
  Device: "bjt"	RelError: 5.61994e+00	AbsError: 8.19837e+15
    Region: "bjt"	RelError: 5.61994e+00	AbsError: 8.19837e+15
      Equation: "ElectronContinuityEquation"	RelError: 1.83616e-01	AbsError: 3.68822e+15
      Equation: "HoleContinuityEquation"	RelError: 6.56049e-01	AbsError: 4.51015e+15
      Equation: "PotentialEquation"	RelError: 4.78028e+00	AbsError: 2.74901e-02
  Circuit: 	RelError: 1.35341e-03	AbsError: 3.00468e-03
Iteration: 7
  Device: "bjt"	RelError: 1.48032e+00	AbsError: 2.38018e+15
    Region: "bjt"	RelError: 1.48032e+00	AbsError: 2.38018e+15
      Equation: "ElectronContinuityEquation"	RelError: 7.56227e-02	AbsError: 1.15463e+15
      Equation: "HoleContinuityEquation"	RelError: 4.09060e-01	AbsError: 1.22555e+15
      Equation: "PotentialEquation"	RelError: 9.95634e-01	AbsError: 1.79859e-02
  Circuit: 	RelError: 3.65822e-04	AbsError: 3.41837e-03
Iteration: 8
  Device: "bjt"	RelError: 3.32107e+00	AbsError: 8.11233e+14
    Region: "bjt"	RelError: 3.32107e+00	AbsError: 8.11233e+14
      Equation: "ElectronContinuityEquation"	RelError: 3.74783e-02	AbsError: 5.29966e+14
      Equation: "HoleContinuityEquation"	RelError: 1.73608e-01	AbsError: 2.81267e+14
      Equation: "PotentialEquation"	RelError: 3.10998e+00	AbsError: 1.49016e-03
  Circuit: 	RelError: 1.01807e-04	AbsError: 9.15828e-05
Iteration: 9
  Device: "bjt"	RelError: 3.56394e-01	AbsError: 1.21708e+13
    Region: "bjt"	RelError: 3.56394e-01	AbsError: 1.21708e+13
      Equation: "ElectronContinuityEquation"	RelError: 4.76112e-04	AbsError: 5.90102e+12
      Equation: "HoleContinuityEquation"	RelError: 5.10687e-03	AbsError: 6.26979e+12
      Equation: "PotentialEquation"	RelError: 3.50811e-01	AbsError: 2.08391e-05
  Circuit: 	RelError: 2.00077e-05	AbsError: 1.86972e-04
Iteration: 10
  Device: "bjt"	RelError: 2.41071e-03	AbsError: 9.91535e+10
    Region: "bjt"	RelError: 2.41071e-03	AbsError: 9.91535e+10
      Equation: "ElectronContinuityEquation"	RelError: 3.35868e-06	AbsError: 4.19332e+10
      Equation: "HoleContinuityEquation"	RelError: 1.30287e-04	AbsError: 5.72203e+10
      Equation: "PotentialEquation"	RelError: 2.27707e-03	AbsError: 2.03408e-07
  Circuit: 	RelError: 6.63704e-08	AbsError: 6.20092e-07
Iteration: 11
  Device: "bjt"	RelError: 4.04828e-07	AbsError: 5.95638e+07
    Region: "bjt"	RelError: 4.04828e-07	AbsError: 5.95638e+07
      Equation: "ElectronContinuityEquation"	RelError: 8.74052e-10	AbsError: 8.14147e+06
      Equation: "HoleContinuityEquation"	RelError: 3.92512e-07	AbsError: 5.14223e+07
      Equation: "PotentialEquation"	RelError: 1.14414e-08	AbsError: 6.00654e-11
  Circuit: 	RelError: 9.00199e-13	AbsError: 6.02794e-12
Iteration: 12
  Device: "bjt"	RelError: 1.37514e-11	AbsError: 8.52402e+03
    Region: "bjt"	RelError: 1.37514e-11	AbsError: 8.52402e+03
      Equation: "ElectronContinuityEquation"	RelError: 4.37403e-14	AbsError: 8.18806e+03
      Equation: "HoleContinuityEquation"	RelError: 1.12093e-13	AbsError: 3.35958e+02
      Equation: "PotentialEquation"	RelError: 1.35956e-11	AbsError: 4.17673e-16
  Circuit: 	RelError: 1.98317e-15	AbsError: 3.13900e-15
Succeeded
number of equations 41337
Iteration: 0
  Device: "bjt"	RelError: 9.42465e-12	AbsError: 8.56117e+03
    Region: "bjt"	RelError: 9.42465e-12	AbsError: 8.56117e+03
      Equation: "ElectronContinuityEquation"	RelError: 6.43145e-14	AbsError: 8.18822e+03
      Equation: "HoleContinuityEquation"	RelError: 1.12229e-13	AbsError: 3.72945e+02
      Equation: "PotentialEquation"	RelError: 9.24810e-12	AbsError: 3.05954e-16
  Circuit: 	RelError: 1.97374e-15	AbsError: 8.87098e-16
number of equations 41337
Iteration: 0
  Device: "bjt"	RelError: 8.04509e-12	AbsError: 8.53575e+03
    Region: "bjt"	RelError: 8.04509e-12	AbsError: 8.53575e+03
      Equation: "ElectronContinuityEquation"	RelError: 8.34742e-14	AbsError: 8.18806e+03
      Equation: "HoleContinuityEquation"	RelError: 1.07570e-13	AbsError: 3.47690e+02
      Equation: "PotentialEquation"	RelError: 7.85405e-12	AbsError: 2.70359e-16
  Circuit: 	RelError: 1.86218e-15	AbsError: 1.09376e-15
number of equations 41337
Iteration: 0
  Device: "bjt"	RelError: 7.78893e-12	AbsError: 8.51972e+03
    Region: "bjt"	RelError: 7.78893e-12	AbsError: 8.51972e+03
      Equation: "ElectronContinuityEquation"	RelError: 7.62874e-14	AbsError: 8.18822e+03
      Equation: "HoleContinuityEquation"	RelError: 7.61446e-14	AbsError: 3.31500e+02
      Equation: "PotentialEquation"	RelError: 7.63649e-12	AbsError: 2.56292e-16
  Circuit: 	RelError: 1.84780e-15	AbsError: 9.87274e-17
AC Iteration:
number of equations 41337
AC: 1000 0 0 -0.875 0.00243860134983103 4.67145187610728 -4.67389047745711 0.0913063098549505 -0.000173669189699914 118.576257571211 0.0160523144674062 -118.667563881066 -0.0158786452910604
AC Iteration:
number of equations 41337
AC: 2154.43469003188 0 0 -0.875 0.00243860134983103 4.67145187610728 -4.67389047745711 0.0913063907256688 -0.000374158902309128 118.576249295028 0.0345836606080106 -118.667555685758 -0.034209501734477
AC Iteration:
number of equations 41337
AC: 4641.58883361278 0 0 -0.875 0.00243860134983103 4.67145187610728 -4.67389047745711 0.0913067660935474 -0.000806100673017601 118.576210880355 0.0745082127633884 -118.667517646452 -0.0737021121523531
AC Iteration:
number of equations 41337
AC: 10000 0 0 -0.875 0.00243860134983103 4.67145187610728 -4.67389047745711 0.091308508396135 -0.00173668879659261 118.576032575402 0.16052282468173 -118.667341083806 -0.158786136018714
AC Iteration:
number of equations 41337
AC: 21544.3469003188 0 0 -0.875 0.00243860134983103 4.67145187610728 -4.67389047745711 0.091316595372599 -0.00374155801926746 118.575204964947 0.345833406181747 -118.666521560255 -0.342091848450015
AC Iteration:
number of equations 41337
AC: 46415.8883361278 0 0 -0.875 0.00243860134983103 4.67145187610728 -4.67389047745711 0.0913541302458837 -0.00806069670266204 118.571363697102 0.745050129758134 -118.662717827111 -0.73698943367373
AC Iteration:
number of equations 41337
AC: 100000 0 0 -0.875 0.00243860134983103 4.67145187610728 -4.67389047745711 0.0915283183905141 -0.0173637881877778 118.553537551125 1.60490831939692 -118.645065868372 -1.58754453252972
AC Iteration:
number of equations 41337
AC: 215443.469003188 0 0 -0.875 0.00243860134983103 4.67145187610728 -4.67389047745711 0.0923361113010275 -0.0373846054528984 118.470869950339 3.45513716766864 -118.563206056314 -3.41775256494515
AC Iteration:
number of equations 41337
AC: 464158.883361278 0 0 -0.875 0.00243860134983103 4.67145187610728 -4.67389047745711 0.0960701765451495 -0.0802982846931185 118.088749204016 7.41864237018618 -118.184819355895 -7.33834409021487
AC Iteration:
number of equations 41337
AC: 1000000 0 0 -0.875 0.00243860134983103 4.67145187610728 -4.67389047745711 0.113077386083995 -0.17059955883891 116.348647722817 15.7355036787429 -116.461724995975 -15.5649041187242
AC Iteration:
number of equations 41337
AC: 2154434.69003189 0 0 -0.875 0.00243860134983103 4.67145187610728 -4.67389047745711 0.185615588285338 -0.345529583609742 108.933073693923 31.6290589261232 -109.118688789699 -31.2835292356423
AC Iteration:
number of equations 41337
AC: 4641588.83361278 0 0 -0.875 0.00243860134983103 4.67145187610728 -4.67389047745711 0.425845257062073 -0.587962447969039 84.4758829972847 52.002124597607 -84.9017264535824 -51.41416117532
AC Iteration:
number of equations 41337
AC: 10000000 0 0 -0.875 0.00243860134983103 4.67145187610728 -4.67389047745711 0.839713102831782 -0.699516440491109 43.3582252987955 53.6485605305378 -44.1979338319029 -52.9490392350168
AC Iteration:
number of equations 41337
AC: 21544346.9003189 0 0 -0.875 0.00243860134983103 4.67145187610728 -4.67389047745711 1.16672184462254 -0.707073952638565 16.6569247044976 34.8332245269599 -17.8236368306095 -34.1261354945068
AC Iteration:
number of equations 41337
AC: 46415888.3361278 0 0 -0.875 0.00243860134983103 4.67145187610728 -4.67389047745711 1.50204545655917 -0.849877834851827 7.04213648018509 19.530574869876 -8.54415733586119 -18.6806548076457
AC Iteration:
number of equations 41337
AC: 100000000 0 0 -0.875 0.00243860134983103 4.67145187610728 -4.67389047745711 2.05177028830464 -0.959309585015531 2.75814984104715 10.9320546708842 -4.80986082742635 -9.97262029622309
AC Iteration:
number of equations 41337
AC: 215443469.003189 0 0 -0.875 0.00243860134983103 4.67145187610728 -4.67389047745711 2.59244356157548 -0.823314157689526 0.771904565778302 5.74299015184474 -3.36423872254017 -4.91933550912138
AC Iteration:
number of equations 41337
AC: 464158883.361278 0 0 -0.875 0.00243860134983103 4.67145187610728 -4.67389047745711 2.91490061837886 -0.637233627549935 0.0395046638839869 2.95676666570656 -2.95422316231991 -2.31870737799151
AC Iteration:
number of equations 41337
AC: 1000000000 0 0 -0.875 0.00243860134983103 4.67145187610728 -4.67389047745711 3.10910097723738 -0.568598369910022 -0.243816177771715 1.54910085870227 -2.86493530812653 -0.978604571729558
AC Iteration:
number of equations 41337
AC: 2154434690.03189 0 0 -0.875 0.00243860134983103 4.67145187610728 -4.67389047745711 3.2509741336747 -0.667043504080093 -0.278100906063884 0.999349496843139 -2.97199003496988 -0.328030605568339
AC Iteration:
number of equations 41337
AC: 4641588833.61278 0 0 -0.875 0.00243860134983103 4.67145187610728 -4.67389047745711 3.40680249233785 -1.0484506693255 -0.281126933398324 1.16746964732865 -3.12268145193803 -0.109369229145422
AC Iteration:
number of equations 41337
AC: 10000000000 0 0 -0.875 0.00243860134983103 4.67145187610728 -4.67389047745711 3.79041212500232 -1.92127897749094 -0.580981733632142 2.09928854911354 -3.19759016946245 -0.154899165758289
AC Iteration:
number of equations 41337
AC: 21544346900.3189 0 0 -0.875 0.00243860134983103 4.67145187610728 -4.67389047745711 5.01594203032354 -3.30530431539584 -1.87861902345698 3.6832976076459 -3.09326005625781 -0.31223989280264
AC Iteration:
number of equations 41337
AC: 46415888336.1278 0 0 -0.875 0.00243860134983103 4.67145187610728 -4.67389047745711 7.44860499474432 -4.13327696910025 -4.4891692994008 4.69333425632886 -2.83891251280071 -0.350299660000726
AC Iteration:
number of equations 41337
AC: 100000000000 0 0 -0.875 0.00243860134983103 4.67145187610728 -4.67389047745711 9.50104953204104 -3.95616504077124 -6.56171303423262 4.80284286948125 -2.67939793603728 -0.273303519811441
last end -8.750000e-01 -1.000000e+00
number of equations 41337
Iteration: 0
  Device: "bjt"	RelError: 2.54522e+02	AbsError: 2.37661e+17
    Region: "bjt"	RelError: 2.54522e+02	AbsError: 2.37661e+17
      Equation: "ElectronContinuityEquation"	RelError: 7.99520e-01	AbsError: 1.16973e+17
      Equation: "HoleContinuityEquation"	RelError: 9.44118e-01	AbsError: 1.20688e+17
      Equation: "PotentialEquation"	RelError: 2.52778e+02	AbsError: 7.47402e-02
  Circuit: 	RelError: 4.83224e-01	AbsError: 5.98841e+00
Iteration: 1
  Device: "bjt"	RelError: 5.90448e+01	AbsError: 8.79340e+16
    Region: "bjt"	RelError: 5.90448e+01	AbsError: 8.79340e+16
      Equation: "ElectronContinuityEquation"	RelError: 7.39221e-01	AbsError: 4.15388e+16
      Equation: "HoleContinuityEquation"	RelError: 9.34926e-01	AbsError: 4.63952e+16
      Equation: "PotentialEquation"	RelError: 5.73706e+01	AbsError: 7.09544e-02
  Circuit: 	RelError: 2.24391e-01	AbsError: 8.58273e-01
Iteration: 2
  Device: "bjt"	RelError: 1.49823e+03	AbsError: 5.57802e+16
    Region: "bjt"	RelError: 1.49823e+03	AbsError: 5.57802e+16
      Equation: "ElectronContinuityEquation"	RelError: 6.91445e-01	AbsError: 2.49051e+16
      Equation: "HoleContinuityEquation"	RelError: 9.13657e-01	AbsError: 3.08751e+16
      Equation: "PotentialEquation"	RelError: 1.49662e+03	AbsError: 6.36722e-02
  Circuit: 	RelError: 6.91719e-03	AbsError: 1.10995e-01
Iteration: 3
  Device: "bjt"	RelError: 1.08131e+02	AbsError: 3.52087e+16
    Region: "bjt"	RelError: 1.08131e+02	AbsError: 3.52087e+16
      Equation: "ElectronContinuityEquation"	RelError: 5.87083e-01	AbsError: 1.55975e+16
      Equation: "HoleContinuityEquation"	RelError: 8.82371e-01	AbsError: 1.96112e+16
      Equation: "PotentialEquation"	RelError: 1.06662e+02	AbsError: 5.56347e-02
  Circuit: 	RelError: 1.46673e-03	AbsError: 2.35702e-02
Iteration: 4
  Device: "bjt"	RelError: 2.42858e+02	AbsError: 2.01638e+16
    Region: "bjt"	RelError: 2.42858e+02	AbsError: 2.01638e+16
      Equation: "ElectronContinuityEquation"	RelError: 4.40247e-01	AbsError: 8.83736e+15
      Equation: "HoleContinuityEquation"	RelError: 8.24491e-01	AbsError: 1.13264e+16
      Equation: "PotentialEquation"	RelError: 2.41593e+02	AbsError: 4.51511e-02
  Circuit: 	RelError: 5.42961e-03	AbsError: 8.77562e-02
Iteration: 5
  Device: "bjt"	RelError: 7.85473e+00	AbsError: 9.26011e+15
    Region: "bjt"	RelError: 7.85473e+00	AbsError: 9.26011e+15
      Equation: "ElectronContinuityEquation"	RelError: 3.38237e-01	AbsError: 3.81489e+15
      Equation: "HoleContinuityEquation"	RelError: 7.21251e-01	AbsError: 5.44521e+15
      Equation: "PotentialEquation"	RelError: 6.79524e+00	AbsError: 3.31687e-02
  Circuit: 	RelError: 1.27465e-03	AbsError: 2.06215e-02
Iteration: 6
  Device: "bjt"	RelError: 5.87505e+01	AbsError: 3.34555e+15
    Region: "bjt"	RelError: 5.87505e+01	AbsError: 3.34555e+15
      Equation: "ElectronContinuityEquation"	RelError: 1.57984e-01	AbsError: 1.51983e+15
      Equation: "HoleContinuityEquation"	RelError: 5.23684e-01	AbsError: 1.82572e+15
      Equation: "PotentialEquation"	RelError: 5.80688e+01	AbsError: 2.58407e-02
  Circuit: 	RelError: 5.97879e-04	AbsError: 9.68201e-03
Iteration: 7
  Device: "bjt"	RelError: 6.40735e+00	AbsError: 1.19742e+15
    Region: "bjt"	RelError: 6.40735e+00	AbsError: 1.19742e+15
      Equation: "ElectronContinuityEquation"	RelError: 4.96244e-02	AbsError: 6.95441e+14
      Equation: "HoleContinuityEquation"	RelError: 2.73155e-01	AbsError: 5.01975e+14
      Equation: "PotentialEquation"	RelError: 6.08457e+00	AbsError: 8.27279e-03
  Circuit: 	RelError: 1.11879e-04	AbsError: 1.81129e-03
Iteration: 8
  Device: "bjt"	RelError: 6.15370e-01	AbsError: 2.46327e+14
    Region: "bjt"	RelError: 6.15370e-01	AbsError: 2.46327e+14
      Equation: "ElectronContinuityEquation"	RelError: 1.25190e-02	AbsError: 1.46477e+14
      Equation: "HoleContinuityEquation"	RelError: 7.91240e-02	AbsError: 9.98493e+13
      Equation: "PotentialEquation"	RelError: 5.23727e-01	AbsError: 4.26661e-04
  Circuit: 	RelError: 2.00801e-05	AbsError: 3.25084e-04
Iteration: 9
  Device: "bjt"	RelError: 4.36507e-03	AbsError: 1.54017e+12
    Region: "bjt"	RelError: 4.36507e-03	AbsError: 1.54017e+12
      Equation: "ElectronContinuityEquation"	RelError: 6.19975e-05	AbsError: 7.15371e+11
      Equation: "HoleContinuityEquation"	RelError: 5.86915e-04	AbsError: 8.24796e+11
      Equation: "PotentialEquation"	RelError: 3.71616e-03	AbsError: 1.70076e-06
  Circuit: 	RelError: 7.92222e-08	AbsError: 1.28256e-06
Iteration: 10
  Device: "bjt"	RelError: 6.95732e-05	AbsError: 1.60028e+10
    Region: "bjt"	RelError: 6.95732e-05	AbsError: 1.60028e+10
      Equation: "ElectronContinuityEquation"	RelError: 4.51380e-07	AbsError: 5.56046e+09
      Equation: "HoleContinuityEquation"	RelError: 1.67263e-05	AbsError: 1.04423e+10
      Equation: "PotentialEquation"	RelError: 5.23955e-05	AbsError: 2.38351e-08
  Circuit: 	RelError: 7.90243e-09	AbsError: 6.91502e-08
Iteration: 11
  Device: "bjt"	RelError: 1.37763e-11	AbsError: 1.08267e+04
    Region: "bjt"	RelError: 1.37763e-11	AbsError: 1.08267e+04
      Equation: "ElectronContinuityEquation"	RelError: 1.50343e-13	AbsError: 8.18469e+03
      Equation: "HoleContinuityEquation"	RelError: 8.61965e-12	AbsError: 2.64201e+03
      Equation: "PotentialEquation"	RelError: 5.00632e-12	AbsError: 6.55757e-15
  Circuit: 	RelError: 9.47899e-16	AbsError: 8.88727e-15
Succeeded
number of equations 41337
Iteration: 0
  Device: "bjt"	RelError: 4.19836e-13	AbsError: 8.28342e+03
    Region: "bjt"	RelError: 4.19836e-13	AbsError: 8.28342e+03
      Equation: "ElectronContinuityEquation"	RelError: 6.52881e-14	AbsError: 8.18469e+03
      Equation: "HoleContinuityEquation"	RelError: 1.06884e-13	AbsError: 9.87290e+01
      Equation: "PotentialEquation"	RelError: 2.47664e-13	AbsError: 7.18244e-17
  Circuit: 	RelError: 1.78391e-16	AbsError: 2.16220e-15
number of equations 41337
Iteration: 0
  Device: "bjt"	RelError: 4.34300e-13	AbsError: 8.25907e+03
    Region: "bjt"	RelError: 4.34300e-13	AbsError: 8.25907e+03
      Equation: "ElectronContinuityEquation"	RelError: 1.69771e-13	AbsError: 8.18469e+03
      Equation: "HoleContinuityEquation"	RelError: 9.67450e-14	AbsError: 7.43829e+01
      Equation: "PotentialEquation"	RelError: 1.67783e-13	AbsError: 6.00824e-17
  Circuit: 	RelError: 1.21873e-16	AbsError: 1.59264e-15
number of equations 41337
Iteration: 0
  Device: "bjt"	RelError: 5.40148e-13	AbsError: 8.26463e+03
    Region: "bjt"	RelError: 5.40148e-13	AbsError: 8.26463e+03
      Equation: "ElectronContinuityEquation"	RelError: 1.71939e-13	AbsError: 8.18469e+03
      Equation: "HoleContinuityEquation"	RelError: 1.77177e-13	AbsError: 7.99362e+01
      Equation: "PotentialEquation"	RelError: 1.91032e-13	AbsError: 7.18321e-17
  Circuit: 	RelError: 1.55632e-16	AbsError: 1.99242e-15
AC Iteration:
number of equations 41337
AC: 1000 -6.16297582203915e-33 7.20664410791032e-33 -0.9 0.00610769618845359 8.09469209124478 -8.10079978743324 0.218499324077565 -0.000402945797787826 155.893176475647 0.0338222248562596 -156.111675799726 -0.0334192790325665
AC Iteration:
number of equations 41337
AC: 2154.43469003188 -6.16297582203915e-33 7.20664410791032e-33 -0.9 0.00610769618845359 8.09469209124478 -8.10079978743324 0.218499630561807 -0.0008681202604233 155.89314945182 0.0728677617316327 -156.111649082385 -0.0719996414153992
AC Iteration:
number of equations 41337
AC: 4641.58883361278 -6.16297582203915e-33 7.20664410791032e-33 -0.9 0.00610769618845359 8.09469209124478 -8.10079978743324 0.218501053139213 -0.00187030695883366 155.893024018041 0.156988705731356 -156.111525071174 -0.155118398652274
AC Iteration:
number of equations 41337
AC: 10000 -6.16297582203915e-33 7.20664410791032e-33 -0.9 0.00610769618845359 8.09469209124478 -8.10079978743324 0.218507656126528 -0.00402943973977901 155.892441808929 0.338220634295367 -156.110949465024 -0.334191194296469
AC Iteration:
number of equations 41337
AC: 21544.3469003188 -6.16297582203915e-33 7.20664410791032e-33 -0.9 0.00610769618845359 8.09469209124478 -8.10079978743324 0.218538303824605 -0.00868102022646445 155.889739491413 0.728661474929398 -156.108277795108 -0.719980454144235
AC Iteration:
number of equations 41337
AC: 46415.8883361278 -6.16297582203915e-33 7.20664410791032e-33 -0.9 0.00610769618845359 8.09469209124478 -8.10079978743324 0.218680543780396 -0.0187012459610873 155.877197689095 1.56972564676359 -156.095878232292 -1.5510243995944
AC Iteration:
number of equations 41337
AC: 100000 -6.16297582203915e-33 7.20664410791032e-33 -0.9 0.00610769618845359 8.09469209124478 -8.10079978743324 0.219340460570108 -0.0402761680983414 155.819010591217 3.38059285484943 -156.038351049107 -3.34031668410431
AC Iteration:
number of equations 41337
AC: 215443.469003188 -6.16297582203915e-33 7.20664410791032e-33 -0.9 0.00610769618845359 8.09469209124478 -8.10079978743324 0.222397018048198 -0.086628232233847 155.549505941947 7.27050846362026 -155.77190294756 -7.1838802252434
AC Iteration:
number of equations 41337
AC: 464158.883361278 -6.16297582203915e-33 7.20664410791032e-33 -0.9 0.00610769618845359 8.09469209124478 -8.10079978743324 0.236445585422179 -0.185207602712652 154.310857804107 15.5375078538205 -154.547303332247 -15.3523002335096
AC Iteration:
number of equations 41337
AC: 1000000 -6.16297582203915e-33 7.20664410791032e-33 -0.9 0.00610769618845359 8.09469209124478 -8.10079978743324 0.298801018515382 -0.385371812117288 148.814094233461 32.266764041536 -149.112894995231 -31.8813921497811
AC Iteration:
number of equations 41337
AC: 2154434.69003189 -6.16297582203915e-33 7.20664410791032e-33 -0.9 0.00610769618845359 8.09469209124478 -8.10079978743324 0.537919064707189 -0.717618548797036 127.754718454156 59.547750126355 -128.292636489587 -58.8301310612947
AC Iteration:
number of equations 41337
AC: 4641588.83361278 -6.16297582203915e-33 7.20664410791032e-33 -0.9 0.00610769618845359 8.09469209124478 -8.10079978743324 1.11105556235065 -0.967128107164134 77.5265865194721 77.0754626727733 -78.6376391030027 -76.1083316741952
AC Iteration:
number of equations 41337
AC: 10000000 -6.16297582203915e-33 7.20664410791032e-33 -0.9 0.00610769618845359 8.09469209124478 -8.10079978743324 1.69109072119491 -0.864039156558427 28.5003145046136 58.4881105977509 -30.1913995603255 -57.6240613447732
AC Iteration:
number of equations 41337
AC: 21544346.9003189 -6.16297582203915e-33 7.20664410791032e-33 -0.9 0.00610769618845359 8.09469209124478 -8.10079978743324 2.02545424535497 -0.760569337939723 8.35931308594665 32.148274925648 -10.3847568589423 -31.3876791504727
AC Iteration:
number of equations 41337
AC: 46415888.3361278 -6.16297582203915e-33 7.20664410791032e-33 -0.9 0.00610769618845359 8.09469209124478 -8.10079978743324 2.39967050787074 -0.796403678556026 2.32824152990305 16.4212237073904 -4.72788891385217 -15.6247522796989
AC Iteration:
number of equations 41337
AC: 100000000 -6.16297582203915e-33 7.20664410791032e-33 -0.9 0.00610769618845359 8.09469209124478 -8.10079978743324 2.86355112079041 -0.71748334693662 0.134141371461503 8.12594216597461 -2.99764793649181 -7.4082842920713
AC Iteration:
number of equations 41337
AC: 215443469.003189 -6.16297582203915e-33 7.20664410791032e-33 -0.9 0.00610769618845359 8.09469209124478 -8.10079978743324 3.18036551409485 -0.509463474253372 -0.494020298322018 3.75584860628672 -2.6862772148687 -3.24596699765625
AC Iteration:
number of equations 41337
AC: 464158883.361278 -6.16297582203915e-33 7.20664410791032e-33 -0.9 0.00610769618845359 8.09469209124478 -8.10079978743324 3.31730976252039 -0.366123077857794 -0.528766731609885 1.64059439921455 -2.78843812165112 -1.27353127168284
AC Iteration:
number of equations 41337
AC: 1000000000 -6.16297582203915e-33 7.20664410791032e-33 -0.9 0.00610769618845359 8.09469209124478 -8.10079978743324 3.38694368236282 -0.361297003786381 -0.366799376745503 0.730132657370395 -3.01992198783578 -0.366767901458562
AC Iteration:
number of equations 41337
AC: 2154434690.03189 -6.16297582203915e-33 7.20664410791032e-33 -0.9 0.00610769618845359 8.09469209124478 -8.10079978743324 3.44609341201246 -0.521397956800591 -0.174724392678717 0.590966866861469 -3.27067794410211 -0.0650370021232051
AC Iteration:
number of equations 41337
AC: 4641588833.61278 -6.16297582203915e-33 7.20664410791032e-33 -0.9 0.00610769618845359 8.09469209124478 -8.10079978743324 3.55361616537064 -0.953277938157942 -0.165680974625705 1.0435694654338 -3.38521032403053 -0.0802259486696355
AC Iteration:
number of equations 41337
AC: 10000000000 -6.16297582203915e-33 7.20664410791032e-33 -0.9 0.00610769618845359 8.09469209124478 -8.10079978743324 3.91221151798002 -1.85701190459003 -0.533560003636496 2.06648554451769 -3.36720073439538 -0.185618175343428
AC Iteration:
number of equations 41337
AC: 21544346900.3189 -6.16297582203915e-33 7.20664410791032e-33 -0.9 0.00610769618845359 8.09469209124478 -8.10079978743324 5.1187051558959 -3.25147770407151 -1.85030947540997 3.63269195375649 -3.22503257317194 -0.31410259043066
AC Iteration:
number of equations 41337
AC: 46415888336.1278 -6.16297582203915e-33 7.20664410791032e-33 -0.9 0.00610769618845359 8.09469209124478 -8.10079978743324 7.52534703065669 -4.08485969091357 -4.41833248498811 4.62847036100044 -2.98783713714706 -0.331658981098136
AC Iteration:
number of equations 41337
AC: 100000000000 -6.16297582203915e-33 7.20664410791032e-33 -0.9 0.00610769618845359 8.09469209124478 -8.10079978743324 9.55770743729065 -3.9191762988374 -6.45763110530134 4.75540593375355 -2.84229659947189 -0.259336558494073
last end -9.000000e-01 -1.000000e+00
number of equations 41337
Iteration: 0
  Device: "bjt"	RelError: 3.91716e+03	AbsError: 3.56434e+17
    Region: "bjt"	RelError: 3.91716e+03	AbsError: 3.56434e+17
      Equation: "ElectronContinuityEquation"	RelError: 8.58092e-01	AbsError: 1.76329e+17
      Equation: "HoleContinuityEquation"	RelError: 9.33864e-01	AbsError: 1.80105e+17
      Equation: "PotentialEquation"	RelError: 3.91537e+03	AbsError: 7.04338e-02
  Circuit: 	RelError: 4.71898e-01	AbsError: 7.88981e+00
Iteration: 1
  Device: "bjt"	RelError: 8.61322e+01	AbsError: 8.35331e+16
    Region: "bjt"	RelError: 8.61322e+01	AbsError: 8.35331e+16
      Equation: "ElectronContinuityEquation"	RelError: 8.36766e-01	AbsError: 4.09366e+16
      Equation: "HoleContinuityEquation"	RelError: 9.21923e-01	AbsError: 4.25965e+16
      Equation: "PotentialEquation"	RelError: 8.43735e+01	AbsError: 6.64405e-02
  Circuit: 	RelError: 1.95850e-01	AbsError: 1.21057e+00
Iteration: 2
  Device: "bjt"	RelError: 2.44378e+02	AbsError: 4.08086e+16
    Region: "bjt"	RelError: 2.44378e+02	AbsError: 4.08086e+16
      Equation: "ElectronContinuityEquation"	RelError: 7.30251e-01	AbsError: 1.83984e+16
      Equation: "HoleContinuityEquation"	RelError: 8.92481e-01	AbsError: 2.24102e+16
      Equation: "PotentialEquation"	RelError: 2.42755e+02	AbsError: 5.82691e-02
  Circuit: 	RelError: 2.60088e-03	AbsError: 6.54972e-02
Iteration: 3
  Device: "bjt"	RelError: 5.23389e+01	AbsError: 2.25951e+16
    Region: "bjt"	RelError: 5.23389e+01	AbsError: 2.25951e+16
      Equation: "ElectronContinuityEquation"	RelError: 5.77488e-01	AbsError: 9.76692e+15
      Equation: "HoleContinuityEquation"	RelError: 8.50411e-01	AbsError: 1.28282e+16
      Equation: "PotentialEquation"	RelError: 5.09110e+01	AbsError: 4.97897e-02
  Circuit: 	RelError: 3.45128e-03	AbsError: 8.72135e-02
Iteration: 4
  Device: "bjt"	RelError: 6.22003e+01	AbsError: 1.11460e+16
    Region: "bjt"	RelError: 6.22003e+01	AbsError: 1.11460e+16
      Equation: "ElectronContinuityEquation"	RelError: 4.13281e-01	AbsError: 4.60773e+15
      Equation: "HoleContinuityEquation"	RelError: 7.89271e-01	AbsError: 6.53830e+15
      Equation: "PotentialEquation"	RelError: 6.09977e+01	AbsError: 4.09604e-02
  Circuit: 	RelError: 1.06070e-03	AbsError: 2.68392e-02
Iteration: 5
  Device: "bjt"	RelError: 2.99242e+00	AbsError: 4.82320e+15
    Region: "bjt"	RelError: 2.99242e+00	AbsError: 4.82320e+15
      Equation: "ElectronContinuityEquation"	RelError: 3.28295e-01	AbsError: 1.95097e+15
      Equation: "HoleContinuityEquation"	RelError: 6.85495e-01	AbsError: 2.87222e+15
      Equation: "PotentialEquation"	RelError: 1.97863e+00	AbsError: 3.02001e-02
  Circuit: 	RelError: 2.34859e-04	AbsError: 5.94596e-03
Iteration: 6
  Device: "bjt"	RelError: 4.79559e+00	AbsError: 2.20449e+15
    Region: "bjt"	RelError: 4.79559e+00	AbsError: 2.20449e+15
      Equation: "ElectronContinuityEquation"	RelError: 1.73812e-01	AbsError: 1.25516e+15
      Equation: "HoleContinuityEquation"	RelError: 4.88372e-01	AbsError: 9.49330e+14
      Equation: "PotentialEquation"	RelError: 4.13340e+00	AbsError: 2.48151e-02
  Circuit: 	RelError: 6.65785e-05	AbsError: 2.59308e-04
Iteration: 7
  Device: "bjt"	RelError: 1.11222e+00	AbsError: 1.00865e+15
    Region: "bjt"	RelError: 1.11222e+00	AbsError: 1.00865e+15
      Equation: "ElectronContinuityEquation"	RelError: 7.00720e-02	AbsError: 7.01917e+14
      Equation: "HoleContinuityEquation"	RelError: 2.70471e-01	AbsError: 3.06738e+14
      Equation: "PotentialEquation"	RelError: 7.71676e-01	AbsError: 1.44078e-03
  Circuit: 	RelError: 3.55578e-05	AbsError: 3.83478e-04
Iteration: 8
  Device: "bjt"	RelError: 3.42904e-02	AbsError: 1.97943e+13
    Region: "bjt"	RelError: 3.42904e-02	AbsError: 1.97943e+13
      Equation: "ElectronContinuityEquation"	RelError: 1.11743e-03	AbsError: 8.52254e+12
      Equation: "HoleContinuityEquation"	RelError: 9.26185e-03	AbsError: 1.12718e+13
      Equation: "PotentialEquation"	RelError: 2.39111e-02	AbsError: 4.45262e-05
  Circuit: 	RelError: 1.74872e-06	AbsError: 4.42872e-05
Iteration: 9
  Device: "bjt"	RelError: 1.33229e-04	AbsError: 7.81245e+10
    Region: "bjt"	RelError: 1.33229e-04	AbsError: 7.81245e+10
      Equation: "ElectronContinuityEquation"	RelError: 2.99199e-06	AbsError: 2.11395e+10
      Equation: "HoleContinuityEquation"	RelError: 5.60147e-05	AbsError: 5.69850e+10
      Equation: "PotentialEquation"	RelError: 7.42220e-05	AbsError: 1.34848e-07
  Circuit: 	RelError: 9.67262e-09	AbsError: 2.44742e-07
Iteration: 10
  Device: "bjt"	RelError: 1.41222e-07	AbsError: 6.83112e+08
    Region: "bjt"	RelError: 1.41222e-07	AbsError: 6.83112e+08
      Equation: "ElectronContinuityEquation"	RelError: 1.42730e-08	AbsError: 6.00512e+07
      Equation: "HoleContinuityEquation"	RelError: 7.46111e-08	AbsError: 6.23061e+08
      Equation: "PotentialEquation"	RelError: 5.23383e-08	AbsError: 5.11462e-10
  Circuit: 	RelError: 2.11759e-12	AbsError: 1.42522e-11
Iteration: 11
  Device: "bjt"	RelError: 1.92377e-12	AbsError: 8.39303e+03
    Region: "bjt"	RelError: 1.92377e-12	AbsError: 8.39303e+03
      Equation: "ElectronContinuityEquation"	RelError: 4.18165e-14	AbsError: 8.19004e+03
      Equation: "HoleContinuityEquation"	RelError: 1.63214e-12	AbsError: 2.02993e+02
      Equation: "PotentialEquation"	RelError: 2.49816e-13	AbsError: 1.30754e-16
  Circuit: 	RelError: 3.81855e-16	AbsError: 7.75995e-15
Succeeded
number of equations 41337
Iteration: 0
  Device: "bjt"	RelError: 4.01627e-12	AbsError: 8.31519e+03
    Region: "bjt"	RelError: 4.01627e-12	AbsError: 8.31519e+03
      Equation: "ElectronContinuityEquation"	RelError: 3.63919e-14	AbsError: 8.19004e+03
      Equation: "HoleContinuityEquation"	RelError: 3.83261e-12	AbsError: 1.25151e+02
      Equation: "PotentialEquation"	RelError: 1.47266e-13	AbsError: 1.05049e-16
  Circuit: 	RelError: 1.27105e-16	AbsError: 7.30838e-16
number of equations 41337
Iteration: 0
  Device: "bjt"	RelError: 3.88813e-12	AbsError: 8.27746e+03
    Region: "bjt"	RelError: 3.88813e-12	AbsError: 8.27746e+03
      Equation: "ElectronContinuityEquation"	RelError: 6.18025e-14	AbsError: 8.19004e+03
      Equation: "HoleContinuityEquation"	RelError: 3.76242e-12	AbsError: 8.74230e+01
      Equation: "PotentialEquation"	RelError: 6.39044e-14	AbsError: 7.29275e-17
  Circuit: 	RelError: 5.40688e-17	AbsError: 2.47587e-16
number of equations 41337
Iteration: 0
  Device: "bjt"	RelError: 3.97599e-12	AbsError: 8.30124e+03
    Region: "bjt"	RelError: 3.97599e-12	AbsError: 8.30124e+03
      Equation: "ElectronContinuityEquation"	RelError: 6.35634e-14	AbsError: 8.19004e+03
      Equation: "HoleContinuityEquation"	RelError: 3.78340e-12	AbsError: 1.11209e+02
      Equation: "PotentialEquation"	RelError: 1.29021e-13	AbsError: 8.88558e-17
  Circuit: 	RelError: 1.57105e-16	AbsError: 7.19463e-16
AC Iteration:
number of equations 41337
AC: 1000 -2.18217504535539e-33 0 -0.925 0.0144128858924622 12.6512684771848 -12.6656813630773 0.472424450930405 -0.000609063517197224 206.842887247869 0.0573112877579592 -207.315311698804 -0.0567022241151108
AC Iteration:
number of equations 41337
AC: 2154.43469003188 -2.18217504535539e-33 0 -0.925 0.0144128858924622 12.6512684771848 -12.6656813630773 0.472425044419152 -0.0013121872179245 206.8428296806 0.123473392257541 -207.315254725012 -0.122161204768901
AC Iteration:
number of equations 41337
AC: 4641.58883361278 -2.18217504535539e-33 0 -0.925 0.0144128858924622 12.6512684771848 -12.6656813630773 0.472427799148857 -0.0028270181425322 206.842562477201 0.266015017389524 -207.314990276338 -0.263187998663748
AC Iteration:
number of equations 41337
AC: 10000 -2.18217504535539e-33 0 -0.925 0.0144128858924622 12.6512684771848 -12.6656813630773 0.472440585375348 -0.00609059076008133 206.841322238111 0.573108559699 -207.313762823423 -0.567017967682214
AC Iteration:
number of equations 41337
AC: 21544.3469003188 -2.18217504535539e-33 0 -0.925 0.0144128858924622 12.6512684771848 -12.6656813630773 0.472499931785254 -0.0131214280727935 206.835565752366 1.23469074498105 -207.308065683965 -1.22156931420009
AC Iteration:
number of equations 41337
AC: 46415.8883361278 -2.18217504535539e-33 0 -0.925 0.0144128858924622 12.6512684771848 -12.6656813630773 0.472775350447843 -0.0282657409379911 206.808850690802 2.65971845407831 -207.281626040346 -2.63145270729677
AC Iteration:
number of equations 41337
AC: 100000 -2.18217504535539e-33 0 -0.925 0.0144128858924622 12.6512684771848 -12.6656813630773 0.474052805683261 -0.0608615294883683 206.68494030328 5.7267710011282 -207.158993104806 -5.66590945896301
AC Iteration:
number of equations 41337
AC: 215443.469003188 -2.18217504535539e-33 0 -0.925 0.0144128858924622 12.6512684771848 -12.6656813630773 0.479962369567005 -0.130771737547852 206.111730262035 12.3038818726523 -206.591692612366 -12.1731101069209
AC Iteration:
number of equations 41337
AC: 464158.883361278 -2.18217504535539e-33 0 -0.925 0.0144128858924622 12.6512684771848 -12.6656813630773 0.506971140511668 -0.278288553605135 203.492063110776 26.172430393141 -203.999034163127 -25.8941417702333
AC Iteration:
number of equations 41337
AC: 1000000 -2.18217504535539e-33 0 -0.925 0.0144128858924622 12.6512684771848 -12.6656813630773 0.62389989418876 -0.567375599783151 192.152862537258 53.2583033238342 -192.776762044295 -52.6909274946863
AC Iteration:
number of equations 41337
AC: 2154434.69003189 -2.18217504535539e-33 0 -0.925 0.0144128858924622 12.6512684771848 -12.6656813630773 1.03188291728712 -0.980683690571975 152.624364429238 91.2457292404487 -153.656245906152 -90.2650444539828
AC Iteration:
number of equations 41337
AC: 4641588.83361278 -2.18217504535539e-33 0 -0.925 0.0144128858924622 12.6512684771848 -12.6656813630773 1.80785895710491 -1.12725141097358 77.8325238370884 100.811453728947 -79.6403792413499 -99.6841974925672
AC Iteration:
number of equations 41337
AC: 10000000 -2.18217504535539e-33 0 -0.925 0.0144128858924622 12.6512684771848 -12.6656813630773 2.39958448757384 -0.874239863479952 23.2458477480826 66.6921661356152 -25.6454263850968 -65.8179118461549
AC Iteration:
number of equations 41337
AC: 21544346.9003189 -2.18217504535539e-33 0 -0.925 0.0144128858924622 12.6512684771848 -12.6656813630773 2.70651160201459 -0.703407399859249 4.68917825559746 34.2483760083261 -7.39568002546279 -33.5449331854074
AC Iteration:
number of equations 41337
AC: 46415888.3361278 -2.18217504535539e-33 0 -0.925 0.0144128858924622 12.6512684771848 -12.6656813630773 3.03620088078701 -0.647258781040967 -0.0781324604982516 16.2896633662561 -2.95804942274262 -15.6423187402929
AC Iteration:
number of equations 41337
AC: 100000000 -2.18217504535539e-33 0 -0.925 0.0144128858924622 12.6512684771848 -12.6656813630773 3.36135629013888 -0.503873884195568 -1.09174072020107 7.26293468899965 -2.26958398949867 -6.75885577632744
AC Iteration:
number of equations 41337
AC: 215443469.003189 -2.18217504535539e-33 0 -0.925 0.0144128858924622 12.6512684771848 -12.6656813630773 3.53977979059386 -0.327138693646647 -0.948505831709629 3.00438029242515 -2.59122995434029 -2.67677604091412
AC Iteration:
number of equations 41337
AC: 464158883.361278 -2.18217504535539e-33 0 -0.925 0.0144128858924622 12.6512684771848 -12.6656813630773 3.59900853101133 -0.239840569597475 -0.621426352630687 1.14970084546768 -2.97751312579378 -0.908840262254543
AC Iteration:
number of equations 41337
AC: 1000000000 -2.18217504535539e-33 0 -0.925 0.0144128858924622 12.6512684771848 -12.6656813630773 3.62464739364796 -0.27840901550322 -0.274628064291967 0.485812336995159 -3.34984757804539 -0.205190299812045
AC Iteration:
number of equations 41337
AC: 2154434690.03189 -2.18217504535539e-33 0 -0.925 0.0144128858924622 12.6512684771848 -12.6656813630773 3.66103911796931 -0.470241106564132 -0.0937712940004011 0.57337798797427 -3.56664343479607 -0.0983216993368626
AC Iteration:
number of equations 41337
AC: 4641588833.61278 -2.18217504535539e-33 0 -0.925 0.0144128858924622 12.6512684771848 -12.6656813630773 3.75923126067256 -0.915959363105798 -0.183305499454332 1.05024093438934 -3.57330504791844 -0.123631069776494
AC Iteration:
number of equations 41337
AC: 10000000000 -2.18217504535539e-33 0 -0.925 0.0144128858924622 12.6512684771848 -12.6656813630773 4.10828469714416 -1.81741724904331 -0.560231703511495 2.02713360510307 -3.53684022920643 -0.184657738777755
AC Iteration:
number of equations 41337
AC: 21544346900.3189 -2.18217504535539e-33 0 -0.925 0.0144128858924622 12.6512684771848 -12.6656813630773 5.29503042100403 -3.19807642525664 -1.84017340592202 3.549876778878 -3.41218444353609 -0.282354817106735
AC Iteration:
number of equations 41337
AC: 46415888336.1278 -2.18217504535539e-33 0 -0.925 0.0144128858924622 12.6512684771848 -12.6656813630773 7.66495570485198 -4.02460542702514 -4.33864147240392 4.53613901250125 -3.20879779394279 -0.295588385133811
AC Iteration:
number of equations 41337
AC: 100000000000 -2.18217504535539e-33 0 -0.925 0.0144128858924622 12.6512684771848 -12.6656813630773 9.66839872104838 -3.86729124297253 -6.33182885768373 4.68910888409574 -3.08176603023963 -0.238057487554846
last end -9.250000e-01 -1.000000e+00
number of equations 41337
Iteration: 0
  Device: "bjt"	RelError: 2.86568e+02	AbsError: 5.02079e+17
    Region: "bjt"	RelError: 2.86568e+02	AbsError: 5.02079e+17
      Equation: "ElectronContinuityEquation"	RelError: 8.73870e-01	AbsError: 2.49372e+17
      Equation: "HoleContinuityEquation"	RelError: 9.31469e-01	AbsError: 2.52708e+17
      Equation: "PotentialEquation"	RelError: 2.84762e+02	AbsError: 6.96641e-02
  Circuit: 	RelError: 4.50198e-01	AbsError: 1.04543e+01
Iteration: 1
  Device: "bjt"	RelError: 1.63410e+02	AbsError: 9.15036e+16
    Region: "bjt"	RelError: 1.63410e+02	AbsError: 9.15036e+16
      Equation: "ElectronContinuityEquation"	RelError: 7.79934e-01	AbsError: 4.51758e+16
      Equation: "HoleContinuityEquation"	RelError: 9.14270e-01	AbsError: 4.63278e+16
      Equation: "PotentialEquation"	RelError: 1.61715e+02	AbsError: 6.42005e-02
  Circuit: 	RelError: 1.55975e-01	AbsError: 1.16085e+00
Iteration: 2
  Device: "bjt"	RelError: 8.85782e+01	AbsError: 4.47104e+16
    Region: "bjt"	RelError: 8.85782e+01	AbsError: 4.47104e+16
      Equation: "ElectronContinuityEquation"	RelError: 6.42107e-01	AbsError: 2.17347e+16
      Equation: "HoleContinuityEquation"	RelError: 1.77990e+00	AbsError: 2.29757e+16
      Equation: "PotentialEquation"	RelError: 8.61562e+01	AbsError: 5.41046e-02
  Circuit: 	RelError: 1.22149e-03	AbsError: 4.51376e-02
Iteration: 3
  Device: "bjt"	RelError: 7.90763e+01	AbsError: 2.31925e+16
    Region: "bjt"	RelError: 7.90763e+01	AbsError: 2.31925e+16
      Equation: "ElectronContinuityEquation"	RelError: 5.07575e-01	AbsError: 1.13349e+16
      Equation: "HoleContinuityEquation"	RelError: 8.00429e-01	AbsError: 1.18576e+16
      Equation: "PotentialEquation"	RelError: 7.77683e+01	AbsError: 4.25564e-02
  Circuit: 	RelError: 1.25840e-03	AbsError: 4.65140e-02
Iteration: 4
  Device: "bjt"	RelError: 1.20737e+01	AbsError: 1.03955e+16
    Region: "bjt"	RelError: 1.20737e+01	AbsError: 1.03955e+16
      Equation: "ElectronContinuityEquation"	RelError: 3.02843e-01	AbsError: 5.06979e+15
      Equation: "HoleContinuityEquation"	RelError: 6.80681e-01	AbsError: 5.32568e+15
      Equation: "PotentialEquation"	RelError: 1.10901e+01	AbsError: 3.03183e-02
  Circuit: 	RelError: 3.01282e-04	AbsError: 6.07240e-03
Iteration: 5
  Device: "bjt"	RelError: 1.74344e+00	AbsError: 3.15321e+15
    Region: "bjt"	RelError: 1.74344e+00	AbsError: 3.15321e+15
      Equation: "ElectronContinuityEquation"	RelError: 1.30643e-01	AbsError: 1.54293e+15
      Equation: "HoleContinuityEquation"	RelError: 4.69252e-01	AbsError: 1.61027e+15
      Equation: "PotentialEquation"	RelError: 1.14354e+00	AbsError: 2.41892e-02
  Circuit: 	RelError: 8.31281e-05	AbsError: 2.05184e-03
Iteration: 6
  Device: "bjt"	RelError: 6.14282e-01	AbsError: 9.82461e+14
    Region: "bjt"	RelError: 6.14282e-01	AbsError: 9.82461e+14
      Equation: "ElectronContinuityEquation"	RelError: 6.78641e-02	AbsError: 6.03061e+14
      Equation: "HoleContinuityEquation"	RelError: 2.46017e-01	AbsError: 3.79400e+14
      Equation: "PotentialEquation"	RelError: 3.00401e-01	AbsError: 1.92275e-03
  Circuit: 	RelError: 1.36601e-04	AbsError: 2.14401e-03
Iteration: 7
  Device: "bjt"	RelError: 2.41823e-02	AbsError: 2.38841e+13
    Region: "bjt"	RelError: 2.41823e-02	AbsError: 2.38841e+13
      Equation: "ElectronContinuityEquation"	RelError: 1.69390e-03	AbsError: 1.41605e+13
      Equation: "HoleContinuityEquation"	RelError: 1.11397e-02	AbsError: 9.72360e+12
      Equation: "PotentialEquation"	RelError: 1.13486e-02	AbsError: 2.84931e-05
  Circuit: 	RelError: 9.62290e-06	AbsError: 1.96663e-04
Iteration: 8
  Device: "bjt"	RelError: 3.69331e-04	AbsError: 1.06589e+11
    Region: "bjt"	RelError: 3.69331e-04	AbsError: 1.06589e+11
      Equation: "ElectronContinuityEquation"	RelError: 2.91052e-06	AbsError: 3.96362e+10
      Equation: "HoleContinuityEquation"	RelError: 3.10064e-04	AbsError: 6.69528e+10
      Equation: "PotentialEquation"	RelError: 5.63562e-05	AbsError: 1.86143e-07
  Circuit: 	RelError: 3.42167e-09	AbsError: 1.26575e-07
Iteration: 9
  Device: "bjt"	RelError: 1.86453e-07	AbsError: 7.54912e+06
    Region: "bjt"	RelError: 1.86453e-07	AbsError: 7.54912e+06
      Equation: "ElectronContinuityEquation"	RelError: 3.39643e-10	AbsError: 3.43879e+06
      Equation: "HoleContinuityEquation"	RelError: 1.85388e-07	AbsError: 4.11034e+06
      Equation: "PotentialEquation"	RelError: 7.25409e-10	AbsError: 1.81613e-11
  Circuit: 	RelError: 4.61123e-14	AbsError: 1.47458e-12
Iteration: 10
  Device: "bjt"	RelError: 8.77778e-11	AbsError: 8.44135e+03
    Region: "bjt"	RelError: 8.77778e-11	AbsError: 8.44135e+03
      Equation: "ElectronContinuityEquation"	RelError: 8.91003e-14	AbsError: 8.18005e+03
      Equation: "HoleContinuityEquation"	RelError: 8.75270e-11	AbsError: 2.61303e+02
      Equation: "PotentialEquation"	RelError: 1.61649e-13	AbsError: 1.59408e-16
  Circuit: 	RelError: 5.48891e-16	AbsError: 1.02620e-14
Succeeded
number of equations 41337
Iteration: 0
  Device: "bjt"	RelError: 8.81225e-11	AbsError: 8.38850e+03
    Region: "bjt"	RelError: 8.81225e-11	AbsError: 8.38850e+03
      Equation: "ElectronContinuityEquation"	RelError: 6.92529e-14	AbsError: 8.18005e+03
      Equation: "HoleContinuityEquation"	RelError: 8.78644e-11	AbsError: 2.08451e+02
      Equation: "PotentialEquation"	RelError: 1.88849e-13	AbsError: 8.32613e-17
  Circuit: 	RelError: 7.88809e-17	AbsError: 7.34205e-16
number of equations 41337
Iteration: 0
  Device: "bjt"	RelError: 3.32262e-11	AbsError: 8.34280e+03
    Region: "bjt"	RelError: 3.32262e-11	AbsError: 8.34280e+03
      Equation: "ElectronContinuityEquation"	RelError: 1.17648e-13	AbsError: 8.18005e+03
      Equation: "HoleContinuityEquation"	RelError: 3.29126e-11	AbsError: 1.62755e+02
      Equation: "PotentialEquation"	RelError: 1.95930e-13	AbsError: 8.61854e-17
  Circuit: 	RelError: 1.15404e-16	AbsError: 1.00938e-15
number of equations 41337
Iteration: 0
  Device: "bjt"	RelError: 1.60476e-11	AbsError: 8.33447e+03
    Region: "bjt"	RelError: 1.60476e-11	AbsError: 8.33447e+03
      Equation: "ElectronContinuityEquation"	RelError: 4.27139e-14	AbsError: 8.18005e+03
      Equation: "HoleContinuityEquation"	RelError: 1.59544e-11	AbsError: 1.54421e+02
      Equation: "PotentialEquation"	RelError: 5.04572e-14	AbsError: 1.79599e-16
  Circuit: 	RelError: 6.90389e-17	AbsError: 1.58153e-15
AC Iteration:
number of equations 41337
AC: 1000 -8.06665658503322e-34 -1.36861396673018e-32 -0.950000000000001 0.0311121578512981 18.4784358015004 -18.5095479593517 0.892167571354457 -0.000765887301112701 254.538968880407 0.0883480362974702 -255.431136451763 -0.0875821486757653
AC Iteration:
number of equations 41337
AC: 2154.43469003188 -8.06665658503322e-34 -1.36861396673018e-32 -0.950000000000001 0.0311121578512981 18.4784358015004 -18.5095479593517 0.89216851635809 -0.00165005346438394 254.538857236629 0.190339990660773 -255.431025752985 -0.188689936505691
AC Iteration:
number of equations 41337
AC: 4641.58883361278 -8.06665658503322e-34 -1.36861396673018e-32 -0.950000000000001 0.0311121578512981 18.4784358015004 -18.5095479593517 0.89217290267071 -0.00355492536619645 254.53833903282 0.410074243433197 -255.430511935483 -0.406519316578926
AC Iteration:
number of equations 41337
AC: 10000 -8.06665658503322e-34 -1.36861396673018e-32 -0.950000000000001 0.0311121578512981 18.4784358015004 -18.5095479593517 0.892193261892433 -0.00765878395145264 254.535933771966 0.883469822173415 -255.428127033808 -0.875811035015861
AC Iteration:
number of equations 41337
AC: 21544.3469003188 -8.06665658503322e-34 -1.36861396673018e-32 -0.950000000000001 0.0311121578512981 18.4784358015004 -18.5095479593517 0.892287755990314 -0.0164996440866512 254.52477013654 1.90329450327743 -255.417057892279 -1.88679485228198
AC Iteration:
number of equations 41337
AC: 46415.8883361278 -8.06665658503322e-34 -1.36861396673018e-32 -0.950000000000001 0.0311121578512981 18.4784358015004 -18.5095479593517 0.892726250285914 -0.0355403499237159 254.47296596895 4.09968861808658 -255.365692218067 -4.06414825326378
AC Iteration:
number of equations 41337
AC: 100000 -8.06665658503322e-34 -1.36861396673018e-32 -0.950000000000001 0.0311121578512981 18.4784358015004 -18.5095479593517 0.89475922680189 -0.0764988871294699 254.232788573781 8.82417012089644 -255.127547795155 -8.74767120152309
AC Iteration:
number of equations 41337
AC: 215443.469003188 -8.06665658503322e-34 -1.36861396673018e-32 -0.950000000000001 0.0311121578512981 18.4784358015004 -18.5095479593517 0.904145466817955 -0.164110841280071 253.123902690343 18.9281285612757 -254.028048132072 -18.7640176490887
AC Iteration:
number of equations 41337
AC: 464158.883361278 -8.06665658503322e-34 -1.36861396673018e-32 -0.950000000000001 0.0311121578512981 18.4784358015004 -18.5095479593517 0.946662308544268 -0.346725251102735 248.101229743955 39.969762448612 -249.047891938296 -39.6230370306927
AC Iteration:
number of equations 41337
AC: 1000000 -8.06665658503322e-34 -1.36861396673018e-32 -0.950000000000001 0.0311121578512981 18.4784358015004 -18.5095479593517 1.12379294926398 -0.685609695072679 227.180981109016 78.8468339811206 -228.30477357191 -78.1612238005297
AC Iteration:
number of equations 41337
AC: 2154434.69003189 -8.06665658503322e-34 -1.36861396673018e-32 -0.950000000000001 0.0311121578512981 18.4784358015004 -18.5095479593517 1.66520604125746 -1.07331222968664 163.311499893595 122.084939853593 -164.976704296908 -121.011625747483
AC Iteration:
number of equations 41337
AC: 4641588.83361278 -8.06665658503322e-34 -1.36861396673018e-32 -0.950000000000001 0.0311121578512981 18.4784358015004 -18.5095479593517 2.4538075677879 -1.05429885779497 70.9676870857635 114.229328131252 -73.4214912096351 -113.175022627743
AC Iteration:
number of equations 41337
AC: 10000000 -8.06665658503322e-34 -1.36861396673018e-32 -0.950000000000001 0.0311121578512981 18.4784358015004 -18.5095479593517 2.92452903056906 -0.759637409029714 19.5882613241216 68.3609201727006 -22.512785126619 -67.6012651310411
AC Iteration:
number of equations 41337
AC: 21544346.9003189 -8.06665658503322e-34 -1.36861396673018e-32 -0.950000000000001 0.0311121578512981 18.4784358015004 -18.5095479593517 3.18396189654591 -0.608842735438103 3.85488032458989 34.5742727571524 -7.03883355536233 -33.965388332427
AC Iteration:
number of equations 41337
AC: 46415888.3361278 -8.06665658503322e-34 -1.36861396673018e-32 -0.950000000000001 0.0311121578512981 18.4784358015004 -18.5095479593517 3.46701720012023 -0.522540093909423 -0.709045200452588 16.4683192881424 -2.75795643264862 -15.9456811549217
AC Iteration:
number of equations 41337
AC: 100000000 -8.06665658503322e-34 -1.36861396673018e-32 -0.950000000000001 0.0311121578512981 18.4784358015004 -18.5095479593517 3.7004571081979 -0.382638351507633 -1.49950084950761 7.01110724012931 -2.20093195916969 -6.6282431317842
AC Iteration:
number of equations 41337
AC: 215443469.003189 -8.06665658503322e-34 -1.36861396673018e-32 -0.950000000000001 0.0311121578512981 18.4784358015004 -18.5095479593517 3.82084967619401 -0.251029044289411 -1.01880147785324 2.75263592855487 -2.80201409901166 -2.50110429050337
AC Iteration:
number of equations 41337
AC: 464158883.361278 -8.06665658503322e-34 -1.36861396673018e-32 -0.950000000000001 0.0311121578512981 18.4784358015004 -18.5095479593517 3.86035352873319 -0.201933683341959 -0.566834670623333 1.03191708234965 -3.29346039365154 -0.828889221383898
AC Iteration:
number of equations 41337
AC: 1000000000 -8.06665658503322e-34 -1.36861396673018e-32 -0.950000000000001 0.0311121578512981 18.4784358015004 -18.5095479593517 3.88343751860801 -0.263166787261824 -0.211800297066509 0.49009235805654 -3.6714743881828 -0.22455420489891
AC Iteration:
number of equations 41337
AC: 2154434690.03189 -8.06665658503322e-34 -1.36861396673018e-32 -0.950000000000001 0.0311121578512981 18.4784358015004 -18.5095479593517 3.92463090536082 -0.460964240589618 -0.112466135791092 0.614476608796483 -3.81155178201607 -0.148349248856073
AC Iteration:
number of equations 41337
AC: 4641588833.61278 -8.06665658503322e-34 -1.36861396673018e-32 -0.950000000000001 0.0311121578512981 18.4784358015004 -18.5095479593517 4.02359158096614 -0.900686240492956 -0.226173306804522 1.04493151050761 -3.79483929877474 -0.13284247500042
AC Iteration:
number of equations 41337
AC: 10000000000 -8.06665658503322e-34 -1.36861396673018e-32 -0.950000000000001 0.0311121578512981 18.4784358015004 -18.5095479593517 4.36847099793346 -1.78695731234039 -0.594919328121095 1.98420594245313 -3.76252044920407 -0.170594180983849
AC Iteration:
number of equations 41337
AC: 21544346900.3189 -8.06665658503322e-34 -1.36861396673018e-32 -0.950000000000001 0.0311121578512981 18.4784358015004 -18.5095479593517 5.53484950054981 -3.14218365701391 -1.8357035941862 3.46155198923809 -3.65719172781833 -0.246750962092502
AC Iteration:
number of equations 41337
AC: 46415888336.1278 -8.06665658503322e-34 -1.36861396673018e-32 -0.950000000000001 0.0311121578512981 18.4784358015004 -18.5095479593517 7.86167291440994 -3.95519074143447 -4.25977307773717 4.4363344703427 -3.48628174808928 -0.25957789161793
AC Iteration:
number of equations 41337
AC: 100000000000 -8.06665658503322e-34 -1.36861396673018e-32 -0.950000000000001 0.0311121578512981 18.4784358015004 -18.5095479593517 9.83038666122922 -3.80407887630895 -6.20206893971167 4.61705979370953 -3.37708643787185 -0.219192667989842
last end -9.500000e-01 -1.000000e+00
number of equations 41337
Iteration: 0
  Device: "bjt"	RelError: 2.15005e+02	AbsError: 6.42890e+17
    Region: "bjt"	RelError: 2.15005e+02	AbsError: 6.42890e+17
      Equation: "ElectronContinuityEquation"	RelError: 8.15766e-01	AbsError: 3.20218e+17
      Equation: "HoleContinuityEquation"	RelError: 9.09565e-01	AbsError: 3.22672e+17
      Equation: "PotentialEquation"	RelError: 2.13279e+02	AbsError: 6.26609e-02
  Circuit: 	RelError: 4.17335e-01	AbsError: 1.28569e+01
Iteration: 1
  Device: "bjt"	RelError: 4.99453e+01	AbsError: 8.25193e+16
    Region: "bjt"	RelError: 4.99453e+01	AbsError: 8.25193e+16
      Equation: "ElectronContinuityEquation"	RelError: 7.33836e-01	AbsError: 4.09984e+16
      Equation: "HoleContinuityEquation"	RelError: 8.78252e-01	AbsError: 4.15209e+16
      Equation: "PotentialEquation"	RelError: 4.83332e+01	AbsError: 5.56325e-02
  Circuit: 	RelError: 1.09645e-01	AbsError: 7.32305e-01
Iteration: 2
  Device: "bjt"	RelError: 5.21050e+03	AbsError: 2.50362e+16
    Region: "bjt"	RelError: 5.21050e+03	AbsError: 2.50362e+16
      Equation: "ElectronContinuityEquation"	RelError: 6.23006e-01	AbsError: 1.24251e+16
      Equation: "HoleContinuityEquation"	RelError: 8.22958e-01	AbsError: 1.26110e+16
      Equation: "PotentialEquation"	RelError: 5.20905e+03	AbsError: 4.62524e-02
  Circuit: 	RelError: 1.03750e-03	AbsError: 3.31251e-02
Iteration: 3
  Device: "bjt"	RelError: 1.06567e+01	AbsError: 1.12922e+16
    Region: "bjt"	RelError: 1.06567e+01	AbsError: 1.12922e+16
      Equation: "ElectronContinuityEquation"	RelError: 4.26986e-01	AbsError: 5.60992e+15
      Equation: "HoleContinuityEquation"	RelError: 7.30274e-01	AbsError: 5.68228e+15
      Equation: "PotentialEquation"	RelError: 9.49949e+00	AbsError: 3.53855e-02
  Circuit: 	RelError: 5.65569e-04	AbsError: 2.86257e-02
Iteration: 4
  Device: "bjt"	RelError: 7.36841e+00	AbsError: 3.71683e+15
    Region: "bjt"	RelError: 7.36841e+00	AbsError: 3.71683e+15
      Equation: "ElectronContinuityEquation"	RelError: 2.39842e-01	AbsError: 1.81845e+15
      Equation: "HoleContinuityEquation"	RelError: 5.72794e-01	AbsError: 1.89838e+15
      Equation: "PotentialEquation"	RelError: 6.55578e+00	AbsError: 2.58982e-02
  Circuit: 	RelError: 3.01360e-04	AbsError: 7.22231e-03
Iteration: 5
  Device: "bjt"	RelError: 8.69321e-01	AbsError: 1.29933e+15
    Region: "bjt"	RelError: 8.69321e-01	AbsError: 1.29933e+15
      Equation: "ElectronContinuityEquation"	RelError: 9.62491e-02	AbsError: 7.21700e+14
      Equation: "HoleContinuityEquation"	RelError: 3.18746e-01	AbsError: 5.77628e+14
      Equation: "PotentialEquation"	RelError: 4.54325e-01	AbsError: 1.32364e-02
  Circuit: 	RelError: 1.25544e-04	AbsError: 2.32737e-03
Iteration: 6
  Device: "bjt"	RelError: 4.94079e-01	AbsError: 4.81190e+14
    Region: "bjt"	RelError: 4.94079e-01	AbsError: 4.81190e+14
      Equation: "ElectronContinuityEquation"	RelError: 3.03327e-02	AbsError: 3.33912e+14
      Equation: "HoleContinuityEquation"	RelError: 1.29839e-01	AbsError: 1.47278e+14
      Equation: "PotentialEquation"	RelError: 3.33907e-01	AbsError: 7.84473e-04
  Circuit: 	RelError: 3.06058e-05	AbsError: 3.50013e-04
Iteration: 7
  Device: "bjt"	RelError: 8.72830e-03	AbsError: 4.27867e+12
    Region: "bjt"	RelError: 8.72830e-03	AbsError: 4.27867e+12
      Equation: "ElectronContinuityEquation"	RelError: 2.33026e-04	AbsError: 2.79448e+12
      Equation: "HoleContinuityEquation"	RelError: 1.97902e-03	AbsError: 1.48419e+12
      Equation: "PotentialEquation"	RelError: 6.51625e-03	AbsError: 5.75141e-06
  Circuit: 	RelError: 2.00531e-06	AbsError: 5.20575e-05
Iteration: 8
  Device: "bjt"	RelError: 6.75003e-05	AbsError: 3.10802e+09
    Region: "bjt"	RelError: 6.75003e-05	AbsError: 3.10802e+09
      Equation: "ElectronContinuityEquation"	RelError: 1.39316e-07	AbsError: 1.46914e+09
      Equation: "HoleContinuityEquation"	RelError: 6.58182e-05	AbsError: 1.63888e+09
      Equation: "PotentialEquation"	RelError: 1.54286e-06	AbsError: 6.91483e-09
  Circuit: 	RelError: 5.85802e-11	AbsError: 2.90865e-09
Iteration: 9
  Device: "bjt"	RelError: 2.81320e-10	AbsError: 8.56254e+03
    Region: "bjt"	RelError: 2.81320e-10	AbsError: 8.56254e+03
      Equation: "ElectronContinuityEquation"	RelError: 3.14762e-14	AbsError: 8.19153e+03
      Equation: "HoleContinuityEquation"	RelError: 2.81046e-10	AbsError: 3.71013e+02
      Equation: "PotentialEquation"	RelError: 2.42963e-13	AbsError: 6.87210e-16
  Circuit: 	RelError: 3.92810e-16	AbsError: 1.31474e-14
Succeeded
number of equations 41337
Iteration: 0
  Device: "bjt"	RelError: 2.00601e-10	AbsError: 8.40457e+03
    Region: "bjt"	RelError: 2.00601e-10	AbsError: 8.40457e+03
      Equation: "ElectronContinuityEquation"	RelError: 6.52477e-14	AbsError: 8.19153e+03
      Equation: "HoleContinuityEquation"	RelError: 2.00424e-10	AbsError: 2.13044e+02
      Equation: "PotentialEquation"	RelError: 1.12148e-13	AbsError: 9.30926e-17
  Circuit: 	RelError: 5.41488e-17	AbsError: 2.26229e-15
number of equations 41337
Iteration: 0
  Device: "bjt"	RelError: 4.07601e-11	AbsError: 8.44001e+03
    Region: "bjt"	RelError: 4.07601e-11	AbsError: 8.44001e+03
      Equation: "ElectronContinuityEquation"	RelError: 1.52648e-13	AbsError: 8.19153e+03
      Equation: "HoleContinuityEquation"	RelError: 4.03920e-11	AbsError: 2.48484e+02
      Equation: "PotentialEquation"	RelError: 2.15462e-13	AbsError: 7.67090e-17
  Circuit: 	RelError: 8.76228e-17	AbsError: 3.65510e-15
number of equations 41337
Iteration: 0
  Device: "bjt"	RelError: 2.00837e-10	AbsError: 8.35801e+03
    Region: "bjt"	RelError: 2.00837e-10	AbsError: 8.35801e+03
      Equation: "ElectronContinuityEquation"	RelError: 1.56624e-13	AbsError: 8.19153e+03
      Equation: "HoleContinuityEquation"	RelError: 2.00513e-10	AbsError: 1.66481e+02
      Equation: "PotentialEquation"	RelError: 1.67002e-13	AbsError: 1.88737e-16
  Circuit: 	RelError: 7.76904e-17	AbsError: 3.06916e-15
AC Iteration:
number of equations 41337
AC: 1000 4.85280341910416e-33 -3.94815638599383e-33 -0.975000000000001 0.0600868083713908 25.2673706517587 -25.3274574601301 1.44369388232799 -0.000782961905693924 283.375011601543 0.110344928681281 -284.818705483869 -0.109561966171193
AC Iteration:
number of equations 41337
AC: 2154.43469003188 4.85280341910416e-33 -3.94815638599383e-33 -0.975000000000001 0.0600868083713908 25.2673706517587 -25.3274574601301 1.44369497328268 -0.00168683937116917 283.374854357994 0.237730809466712 -284.818549331274 -0.236043968793413
AC Iteration:
number of equations 41337
AC: 4641.58883361278 4.85280341910416e-33 -3.94815638599383e-33 -0.975000000000001 0.0600868083713908 25.2673706517587 -25.3274574601301 1.44370003703152 -0.00363417606346391 283.374124499974 0.512174175273648 -284.817824536988 -0.508539996404806
AC Iteration:
number of equations 41337
AC: 10000 4.85280341910416e-33 -3.94815638599383e-33 -0.975000000000001 0.0600868083713908 25.2673706517587 -25.3274574601301 1.44372354052762 -0.00782950303922226 283.37073684895 1.10343253543624 -284.814460389418 -1.09560302635285
AC Iteration:
number of equations 41337
AC: 21544.3469003188 4.85280341910416e-33 -3.94815638599383e-33 -0.975000000000001 0.0600868083713908 25.2673706517587 -25.3274574601301 1.44383262668384 -0.0168672336001541 283.355013835693 2.37714059037924 -284.798846462106 -2.36027334375557
AC Iteration:
number of equations 41337
AC: 46415.8883361278 4.85280341910416e-33 -3.94815638599383e-33 -0.975000000000001 0.0600868083713908 25.2673706517587 -25.3274574601301 1.4443388003651 -0.0363301625602032 283.282057091856 5.12006714899836 -284.726395890962 -5.08373695836223
AC Iteration:
number of equations 41337
AC: 100000 4.85280341910416e-33 -3.94815638599383e-33 -0.975000000000001 0.0600868083713908 25.2673706517587 -25.3274574601301 1.44668482138909 -0.0781791905807845 282.943917070408 11.0175996690385 -284.390601885974 -10.9394204177947
AC Iteration:
number of equations 41337
AC: 215443.469003188 4.85280341910416e-33 -3.94815638599383e-33 -0.975000000000001 0.0600868083713908 25.2673706517587 -25.3274574601301 1.45750072684409 -0.167520435221887 281.385003801224 23.6050873275604 -282.84250450118 -23.4375667599007
AC Iteration:
number of equations 41337
AC: 464158.883361278 4.85280341910416e-33 -3.94815638599383e-33 -0.975000000000001 0.0600868083713908 25.2673706517587 -25.3274574601301 1.50617335210963 -0.352074984006838 274.37016508637 49.5797061899353 -275.876338316753 -49.2276309037017
AC Iteration:
number of equations 41337
AC: 1000000 4.85280341910416e-33 -3.94815638599383e-33 -0.975000000000001 0.0600868083713908 25.2673706517587 -25.3274574601301 1.70346732130737 -0.68137263445095 245.943731681284 95.6771838175649 -247.647198495332 -94.9958103844307
AC Iteration:
number of equations 41337
AC: 2154434.69003189 4.85280341910416e-33 -3.94815638599383e-33 -0.975000000000001 0.0600868083713908 25.2673706517587 -25.3274574601301 2.25664528080779 -1.00262397301165 166.358428598126 138.950667679385 -168.615072274532 -137.948041094554
AC Iteration:
number of equations 41337
AC: 4641588.83361278 4.85280341910416e-33 -3.94815638599383e-33 -0.975000000000001 0.0600868083713908 25.2673706517587 -25.3274574601301 2.95144313230841 -0.913223239559184 67.3792521160561 119.508958112776 -70.3306921307834 -118.595726839322
AC Iteration:
number of equations 41337
AC: 10000000 4.85280341910416e-33 -3.94815638599383e-33 -0.975000000000001 0.0600868083713908 25.2673706517587 -25.3274574601301 3.32717231305377 -0.649365139553907 18.8126069242891 69.0003593515437 -22.1397746108973 -68.3509741474584
AC Iteration:
number of equations 41337
AC: 21544346.9003189 4.85280341910416e-33 -3.94815638599383e-33 -0.975000000000001 0.0600868083713908 25.2673706517587 -25.3274574601301 3.55439590083511 -0.526513051514067 3.96797007047798 35.1745301588752 -7.52235829722308 -34.6479705894676
AC Iteration:
number of equations 41337
AC: 46415888.3361278 4.85280341910416e-33 -3.94815638599383e-33 -0.975000000000001 0.0600868083713908 25.2673706517587 -25.3274574601301 3.79500560806033 -0.439592815120162 -0.89428363418785 16.7797735907911 -2.90070862815559 -16.3400734849019
AC Iteration:
number of equations 41337
AC: 100000000 4.85280341910416e-33 -3.94815638599383e-33 -0.975000000000001 0.0600868083713908 25.2673706517587 -25.3274574601301 3.98028392828496 -0.32608583236534 -1.53117269027752 6.99228389925527 -2.44909022872578 -6.6659552449634
AC Iteration:
number of equations 41337
AC: 215443469.003189 4.85280341910416e-33 -3.94815638599383e-33 -0.975000000000001 0.0600868083713908 25.2673706517587 -25.3274574601301 4.08479134632918 -0.232186148020152 -0.938257620253499 2.76927218764246 -3.14650190517443 -2.5365487005898
AC Iteration:
number of equations 41337
AC: 464158883.361278 4.85280341910416e-33 -3.94815638599383e-33 -0.975000000000001 0.0600868083713908 25.2673706517587 -25.3274574601301 4.13177240893023 -0.205550631217328 -0.517004085325994 1.10123549426697 -3.61470855266188 -0.894513636770034
AC Iteration:
number of equations 41337
AC: 1000000000 4.85280341910416e-33 -3.94815638599383e-33 -0.975000000000001 0.0600868083713908 25.2673706517587 -25.3274574601301 4.16848041267382 -0.271561534775461 -0.225184861534547 0.552724419252268 -3.94312714610469 -0.278617003110262
AC Iteration:
number of equations 41337
AC: 2154434690.03189 4.85280341910416e-33 -3.94815638599383e-33 -0.975000000000001 0.0600868083713908 25.2673706517587 -25.3274574601301 4.21711623421893 -0.462344922122212 -0.153529768761112 0.638646231654764 -4.06297097108751 -0.170752173605738
AC Iteration:
number of equations 41337
AC: 4641588833.61278 4.85280341910416e-33 -3.94815638599383e-33 -0.975000000000001 0.0600868083713908 25.2673706517587 -25.3274574601301 4.31812901561409 -0.891884993174227 -0.268904456850921 1.03800216494659 -4.04666900163342 -0.133876700285853
AC Iteration:
number of equations 41337
AC: 10000000000 4.85280341910416e-33 -3.94815638599383e-33 -0.975000000000001 0.0600868083713908 25.2673706517587 -25.3274574601301 4.66019950804566 -1.76011404942616 -0.630685804289939 1.94380022558274 -4.01864133823488 -0.155243733408779
AC Iteration:
number of equations 41337
AC: 21544346900.3189 4.85280341910416e-33 -3.94815638599383e-33 -0.975000000000001 0.0600868083713908 25.2673706517587 -25.3274574601301 5.80740389046923 -3.08818944397311 -1.83581937287368 3.37948774046054 -3.93032019309681 -0.215079080519473
AC Iteration:
number of equations 41337
AC: 46415888336.1278 4.85280341910416e-33 -3.94815638599383e-33 -0.975000000000001 0.0600868083713908 25.2673706517587 -25.3274574601301 8.0916998146071 -3.88508381485078 -4.19073592190076 4.34135443840141 -3.78724851207275 -0.228139450765786
AC Iteration:
number of equations 41337
AC: 100000000000 4.85280341910416e-33 -3.94815638599383e-33 -0.975000000000001 0.0600868083713908 25.2673706517587 -25.3274574601301 10.0246214344063 -3.7380457259152 -6.08320794039363 4.54732647093769 -3.6938631758006 -0.203489200209552
last end -9.750000e-01 -1.000000e+00
setting to last bias -1.000000e+00
setting next bias -1.000000e+00
number of equations 41337
Iteration: 0
  Device: "bjt"	RelError: 6.76086e+01	AbsError: 7.45658e+17
    Region: "bjt"	RelError: 6.76086e+01	AbsError: 7.45658e+17
      Equation: "ElectronContinuityEquation"	RelError: 7.91121e-01	AbsError: 3.72110e+17
      Equation: "HoleContinuityEquation"	RelError: 8.93237e-01	AbsError: 3.73548e+17
      Equation: "PotentialEquation"	RelError: 6.59243e+01	AbsError: 5.86668e-02
  Circuit: 	RelError: 3.74957e-01	AbsError: 1.43191e+01
Iteration: 1
  Device: "bjt"	RelError: 1.25295e+02	AbsError: 6.19569e+16
    Region: "bjt"	RelError: 1.25295e+02	AbsError: 6.19569e+16
      Equation: "ElectronContinuityEquation"	RelError: 6.92854e-01	AbsError: 3.08658e+16
      Equation: "HoleContinuityEquation"	RelError: 8.48838e-01	AbsError: 3.10911e+16
      Equation: "PotentialEquation"	RelError: 1.23753e+02	AbsError: 5.05394e-02
  Circuit: 	RelError: 6.97646e-02	AbsError: 2.56786e-01
Iteration: 2
  Device: "bjt"	RelError: 5.03065e+01	AbsError: 1.25134e+16
    Region: "bjt"	RelError: 5.03065e+01	AbsError: 1.25134e+16
      Equation: "ElectronContinuityEquation"	RelError: 5.08776e-01	AbsError: 5.92339e+15
      Equation: "HoleContinuityEquation"	RelError: 8.35175e-01	AbsError: 6.59000e+15
      Equation: "PotentialEquation"	RelError: 4.89626e+01	AbsError: 4.09231e-02
  Circuit: 	RelError: 1.56818e-03	AbsError: 6.16742e-02
Iteration: 3
  Device: "bjt"	RelError: 9.61009e+01	AbsError: 5.02539e+15
    Region: "bjt"	RelError: 9.61009e+01	AbsError: 5.02539e+15
      Equation: "ElectronContinuityEquation"	RelError: 3.03129e-01	AbsError: 2.14434e+15
      Equation: "HoleContinuityEquation"	RelError: 6.51503e-01	AbsError: 2.88105e+15
      Equation: "PotentialEquation"	RelError: 9.51463e+01	AbsError: 2.93401e-02
  Circuit: 	RelError: 3.41726e-04	AbsError: 9.19533e-03
Iteration: 4
  Device: "bjt"	RelError: 2.27872e+00	AbsError: 1.75781e+15
    Region: "bjt"	RelError: 2.27872e+00	AbsError: 1.75781e+15
      Equation: "ElectronContinuityEquation"	RelError: 1.51345e-01	AbsError: 8.13114e+14
      Equation: "HoleContinuityEquation"	RelError: 4.42806e-01	AbsError: 9.44699e+14
      Equation: "PotentialEquation"	RelError: 1.68457e+00	AbsError: 2.34677e-02
  Circuit: 	RelError: 8.78948e-05	AbsError: 9.49639e-04
Iteration: 5
  Device: "bjt"	RelError: 1.35715e+00	AbsError: 7.66673e+14
    Region: "bjt"	RelError: 1.35715e+00	AbsError: 7.66673e+14
      Equation: "ElectronContinuityEquation"	RelError: 7.29628e-02	AbsError: 5.09486e+14
      Equation: "HoleContinuityEquation"	RelError: 2.37120e-01	AbsError: 2.57187e+14
      Equation: "PotentialEquation"	RelError: 1.04707e+00	AbsError: 1.40379e-03
  Circuit: 	RelError: 7.58414e-05	AbsError: 1.71651e-03
Iteration: 6
  Device: "bjt"	RelError: 2.59325e-02	AbsError: 3.26332e+13
    Region: "bjt"	RelError: 2.59325e-02	AbsError: 3.26332e+13
      Equation: "ElectronContinuityEquation"	RelError: 3.41170e-03	AbsError: 2.60387e+13
      Equation: "HoleContinuityEquation"	RelError: 7.71084e-03	AbsError: 6.59457e+12
      Equation: "PotentialEquation"	RelError: 1.48099e-02	AbsError: 1.62895e-05
  Circuit: 	RelError: 5.11948e-06	AbsError: 1.65246e-04
Iteration: 7
  Device: "bjt"	RelError: 4.09757e-04	AbsError: 3.66081e+10
    Region: "bjt"	RelError: 4.09757e-04	AbsError: 3.66081e+10
      Equation: "ElectronContinuityEquation"	RelError: 1.26445e-06	AbsError: 1.48271e+10
      Equation: "HoleContinuityEquation"	RelError: 2.96741e-04	AbsError: 2.17810e+10
      Equation: "PotentialEquation"	RelError: 1.11752e-04	AbsError: 8.50588e-08
  Circuit: 	RelError: 7.35633e-10	AbsError: 9.00349e-09
Iteration: 8
  Device: "bjt"	RelError: 4.90024e-08	AbsError: 1.69116e+04
    Region: "bjt"	RelError: 4.90024e-08	AbsError: 1.69116e+04
      Equation: "ElectronContinuityEquation"	RelError: 4.59970e-13	AbsError: 8.18635e+03
      Equation: "HoleContinuityEquation"	RelError: 4.89637e-08	AbsError: 8.72522e+03
      Equation: "PotentialEquation"	RelError: 3.82463e-11	AbsError: 4.80723e-14
  Circuit: 	RelError: 9.61598e-14	AbsError: 4.72513e-14
Succeeded
number of equations 41337
Iteration: 0
  Device: "bjt"	RelError: 5.63286e-08	AbsError: 8.43327e+03
    Region: "bjt"	RelError: 5.63286e-08	AbsError: 8.43327e+03
      Equation: "ElectronContinuityEquation"	RelError: 6.99288e-14	AbsError: 8.18635e+03
      Equation: "HoleContinuityEquation"	RelError: 5.63281e-08	AbsError: 2.46920e+02
      Equation: "PotentialEquation"	RelError: 4.71281e-13	AbsError: 1.13228e-16
  Circuit: 	RelError: 2.36519e-16	AbsError: 2.38331e-15
number of equations 41337
Iteration: 0
  Device: "bjt"	RelError: 1.10972e-09	AbsError: 8.47043e+03
    Region: "bjt"	RelError: 1.10972e-09	AbsError: 8.47043e+03
      Equation: "ElectronContinuityEquation"	RelError: 1.19045e-13	AbsError: 8.18635e+03
      Equation: "HoleContinuityEquation"	RelError: 1.10945e-09	AbsError: 2.84081e+02
      Equation: "PotentialEquation"	RelError: 1.54633e-13	AbsError: 9.47107e-17
  Circuit: 	RelError: 2.15407e-16	AbsError: 3.08310e-15
number of equations 41337
Iteration: 0
  Device: "bjt"	RelError: 2.80875e-10	AbsError: 8.40381e+03
    Region: "bjt"	RelError: 2.80875e-10	AbsError: 8.40381e+03
      Equation: "ElectronContinuityEquation"	RelError: 4.18942e-14	AbsError: 8.18635e+03
      Equation: "HoleContinuityEquation"	RelError: 2.80640e-10	AbsError: 2.17453e+02
      Equation: "PotentialEquation"	RelError: 1.93234e-13	AbsError: 1.54441e-16
  Circuit: 	RelError: 2.45419e-16	AbsError: 2.83182e-15
AC Iteration:
number of equations 41337
AC: 1000 7.80001627476831e-33 0 -1 0.103556042888423 32.5360473845185 -32.6396034274069 2.04110704187423 -0.000674527215070747 293.249191673145 0.114063933710768 -295.290298715021 -0.113389405564901
AC Iteration:
number of equations 41337
AC: 2154.43469003188 7.80001627476831e-33 0 -1 0.103556042888423 32.5360473845185 -32.6396034274069 2.04110797897016 -0.00145322404311601 293.249029386278 0.245743158867942 -295.290137365245 -0.244289932819482
AC Iteration:
number of equations 41337
AC: 4641.58883361278 7.80001627476831e-33 0 -1 0.103556042888423 32.5360473845185 -32.6396034274069 2.04111232857289 -0.00313086840686381 293.24827611932 0.529436218305579 -295.289388447883 -0.526305345578324
AC Iteration:
number of equations 41337
AC: 10000 7.80001627476831e-33 0 -1 0.103556042888423 32.5360473845185 -32.6396034274069 2.04113251734637 -0.00674517266668313 293.244779814793 1.14062207510065 -295.285912332087 -1.13387689312581
AC Iteration:
number of equations 41337
AC: 21544.3469003188 7.80001627476831e-33 0 -1 0.103556042888423 32.5360473845185 -32.6396034274069 2.0412262189921 -0.0145312456469105 293.228552506646 2.45725897832609 -295.269778725391 -2.44272771262374
AC Iteration:
number of equations 41337
AC: 46415.8883361278 7.80001627476831e-33 0 -1 0.103556042888423 32.5360473845185 -32.6396034274069 2.0416610070225 -0.0312987388257471 293.153255700231 5.2926365306786 -295.194916706112 -5.2613377486288
AC Iteration:
number of equations 41337
AC: 100000 7.80001627476831e-33 0 -1 0.103556042888423 32.5360473845185 -32.6396034274069 2.04367617843171 -0.0673523947155274 292.804268388979 11.38898513589 -294.847944562109 -11.3216326478915
AC Iteration:
number of equations 41337
AC: 215443.469003188 7.80001627476831e-33 0 -1 0.103556042888423 32.5360473845185 -32.6396034274069 2.05296696631971 -0.144324691369329 291.195313025449 24.4011975896797 -293.248279967294 -24.2568726957545
AC Iteration:
number of equations 41337
AC: 464158.883361278 7.80001627476831e-33 0 -1 0.103556042888423 32.5360473845185 -32.6396034274069 2.09478058737358 -0.303359697193991 283.954616718617 51.255823427476 -286.049397195186 -50.9524632785333
AC Iteration:
number of equations 41337
AC: 1000000 7.80001627476831e-33 0 -1 0.103556042888423 32.5360473845185 -32.6396034274069 2.26434232407387 -0.587379701636384 254.601580165786 98.9429363023539 -256.865922027936 -98.3555554933062
AC Iteration:
number of equations 41337
AC: 2154434.69003189 7.80001627476831e-33 0 -1 0.103556042888423 32.5360473845185 -32.6396034274069 2.74040064466202 -0.865759250125325 172.324578075426 143.822549019617 -175.064977257657 -142.956786572519
AC Iteration:
number of equations 41337
AC: 4641588.83361278 7.80001627476831e-33 0 -1 0.103556042888423 32.5360473845185 -32.6396034274069 3.34013607111586 -0.79198667494385 69.7894946171523 123.849353006213 -73.1296278424176 -123.057357247538
AC Iteration:
number of equations 41337
AC: 10000000 7.80001627476831e-33 0 -1 0.103556042888423 32.5360473845185 -32.6396034274069 3.66775344703863 -0.56827666977229 19.3553248776661 71.5612796585214 -23.0230741001745 -70.9929808923953
AC Iteration:
number of equations 41337
AC: 21544346.9003189 7.80001627476831e-33 0 -1 0.103556042888423 32.5360473845185 -32.6396034274069 3.86973557613753 -0.462949154286481 3.8824768819858 36.3970535729152 -7.75220550629339 -35.9340538070149
AC Iteration:
number of equations 41337
AC: 46415888.3361278 7.80001627476831e-33 0 -1 0.103556042888423 32.5360473845185 -32.6396034274069 4.07678735998076 -0.388531324773342 -1.01106007452164 17.1640904544263 -3.06571524058696 -16.7754439185602
AC Iteration:
number of equations 41337
AC: 100000000 7.80001627476831e-33 0 -1 0.103556042888423 32.5360473845185 -32.6396034274069 4.23854386622477 -0.304281979459616 -1.46222454762493 7.11767531987822 -2.77629943677826 -6.81313481788909
AC Iteration:
number of equations 41337
AC: 215443469.003189 7.80001627476831e-33 0 -1 0.103556042888423 32.5360473845185 -32.6396034274069 4.34676022484941 -0.239650651664809 -0.850658071996173 2.90021533429264 -3.4960690653661 -2.65999289089929
AC Iteration:
number of equations 41337
AC: 464158883.361278 7.80001627476831e-33 0 -1 0.103556042888423 32.5360473845185 -32.6396034274069 4.41195710832963 -0.223561764337441 -0.510318476526527 1.22239830098576 -3.90157339793667 -0.997585774260861
AC Iteration:
number of equations 41337
AC: 1000000000 7.80001627476831e-33 0 -1 0.103556042888423 32.5360473845185 -32.6396034274069 4.46335209758664 -0.284100209985711 -0.269251479146175 0.60391276689391 -4.19392409731353 -0.317086183387085
AC Iteration:
number of equations 41337
AC: 2154434690.03189 7.80001627476831e-33 0 -1 0.103556042888423 32.5360473845185 -32.6396034274069 4.5170028445082 -0.465818798848077 -0.191667659513786 0.650793305663229 -4.32471441592524 -0.17902979377604
AC Iteration:
number of equations 41337
AC: 4641588833.61278 7.80001627476831e-33 0 -1 0.103556042888423 32.5360473845185 -32.6396034274069 4.62024584111585 -0.885990580506732 -0.305339266278954 1.03119248788032 -4.312366052863 -0.132102661641103
AC Iteration:
number of equations 41337
AC: 10000000000 7.80001627476831e-33 0 -1 0.103556042888423 32.5360473845185 -32.6396034274069 4.9612545358652 -1.73756322821668 -0.663493606470891 1.91078372360944 -4.28702061628687 -0.142933826059403
AC Iteration:
number of equations 41337
AC: 21544346900.3189 7.80001627476831e-33 0 -1 0.103556042888423 32.5360473845185 -32.6396034274069 6.09236931972553 -3.03908304152272 -1.8405642430865 3.30863238094342 -4.21116406687646 -0.189566162357512
AC Iteration:
number of equations 41337
AC: 46415888336.1278 7.80001627476831e-33 0 -1 0.103556042888423 32.5360473845185 -32.6396034274069 8.33722187663912 -3.81852234501314 -4.13430184144888 4.25567231408889 -4.09099833016883 -0.202015794986848
AC Iteration:
number of equations 41337
AC: 100000000000 7.80001627476831e-33 0 -1 0.103556042888423 32.5360473845185 -32.6396034274069 10.2354041260477 -3.67376430340227 -5.9799302567695 4.48311911637323 -4.01146263576808 -0.190552016585275
