Adding 13777 nodes
Adding 41011 edges with 0 duplicates removed
Adding 27235 triangles  with 0 duplicate removed
Contact base in region bjt with 21 nodes
Contact collector in region bjt with 111 nodes
Contact emitter in region bjt with 25 nodes
Replacing Node Model Acceptors in region bjt of material Silicon
Replacing Node Model DEG in region bjt of material Silicon
Replacing Edge Model DField in region bjt of material Silicon
Replacing Edge Model DField:Potential@n0 in region bjt of material Silicon
Replacing Edge Model DField:Potential@n1 in region bjt of material Silicon
Replacing Node Model Donors in region bjt of material Silicon
Replacing Node Model EC in region bjt of material Silicon
Replacing Node Model EC:Potential in region bjt of material Silicon
Replacing Node Model EFN in region bjt of material Silicon
Replacing Node Model EFN:Electrons in region bjt of material Silicon
Replacing Node Model EFN:Potential in region bjt of material Silicon
Replacing Node Model EFP in region bjt of material Silicon
Replacing Node Model EFP:Holes in region bjt of material Silicon
Replacing Node Model EFP:Potential in region bjt of material Silicon
Replacing Edge Model EField in region bjt of material Silicon
Replacing Edge Model EField:Potential@n0 in region bjt of material Silicon
Replacing Edge Model EField:Potential@n1 in region bjt of material Silicon
Replacing Triangle Edge Model EField_x in region bjt of material Silicon
Replacing Triangle Edge Model EField_y in region bjt of material Silicon
Replacing Node Model EG in region bjt of material Silicon
Replacing Node Model EI in region bjt of material Silicon
Replacing Node Model EI:Potential in region bjt of material Silicon
Replacing Node Model EV in region bjt of material Silicon
Replacing Node Model EV:Potential in region bjt of material Silicon
Replacing Node Model ElectronGeneration in region bjt of material Silicon
Replacing Node Model ElectronGeneration:Electrons in region bjt of material Silicon
Replacing Node Model ElectronGeneration:Holes in region bjt of material Silicon
Replacing Edge Model Electrons@n0 in region bjt of material Silicon
Replacing Edge Model Electrons@n1 in region bjt of material Silicon
Replacing Triangle Edge Model Emag in region bjt of material Silicon
Replacing Edge Model Epar_n in region bjt of material Silicon
Replacing Edge Model Epar_n:Potential@n0 in region bjt of material Silicon
Replacing Edge Model Epar_n:Potential@n1 in region bjt of material Silicon
Replacing Edge Model Epar_p in region bjt of material Silicon
Replacing Edge Model Epar_p:Potential@n0 in region bjt of material Silicon
Replacing Edge Model Epar_p:Potential@n1 in region bjt of material Silicon
Replacing Node Model HoleGeneration in region bjt of material Silicon
Replacing Node Model HoleGeneration:Electrons in region bjt of material Silicon
Replacing Node Model HoleGeneration:Holes in region bjt of material Silicon
Replacing Edge Model Holes@n0 in region bjt of material Silicon
Replacing Edge Model Holes@n1 in region bjt of material Silicon
Replacing Node Model IntrinsicCharge in region bjt of material Silicon
Replacing Node Model IntrinsicCharge:Potential in region bjt of material Silicon
Replacing Node Model IntrinsicElectrons in region bjt of material Silicon
Replacing Node Model IntrinsicElectrons:Potential in region bjt of material Silicon
Replacing Node Model IntrinsicHoles in region bjt of material Silicon
Replacing Node Model IntrinsicHoles:Potential in region bjt of material Silicon
Replacing Edge Model Jn in region bjt of material Silicon
Replacing Edge Model Jn:Electrons@n0 in region bjt of material Silicon
Replacing Edge Model Jn:Electrons@n1 in region bjt of material Silicon
Replacing Edge Model Jn:Holes@n0 in region bjt of material Silicon
Replacing Edge Model Jn:Holes@n1 in region bjt of material Silicon
Replacing Edge Model Jn:Potential@n0 in region bjt of material Silicon
Replacing Edge Model Jn:Potential@n1 in region bjt of material Silicon
Replacing Edge Model Jn_arora_lf in region bjt of material Silicon
Replacing Edge Model Jn_arora_lf:Electrons@n0 in region bjt of material Silicon
Replacing Edge Model Jn_arora_lf:Electrons@n1 in region bjt of material Silicon
Replacing Edge Model Jn_arora_lf:Holes@n0 in region bjt of material Silicon
Replacing Edge Model Jn_arora_lf:Holes@n1 in region bjt of material Silicon
Replacing Edge Model Jn_arora_lf:Potential@n0 in region bjt of material Silicon
Replacing Edge Model Jn_arora_lf:Potential@n1 in region bjt of material Silicon
Replacing Triangle Edge Model Jn_x in region bjt of material Silicon
Replacing Triangle Edge Model Jn_y in region bjt of material Silicon
Replacing Triangle Edge Model Jnmag in region bjt of material Silicon
Replacing Edge Model Jp in region bjt of material Silicon
Replacing Edge Model Jp:Electrons@n0 in region bjt of material Silicon
Replacing Edge Model Jp:Electrons@n1 in region bjt of material Silicon
Replacing Edge Model Jp:Holes@n0 in region bjt of material Silicon
Replacing Edge Model Jp:Holes@n1 in region bjt of material Silicon
Replacing Edge Model Jp:Potential@n0 in region bjt of material Silicon
Replacing Edge Model Jp:Potential@n1 in region bjt of material Silicon
Replacing Edge Model Jp_arora_lf in region bjt of material Silicon
Replacing Edge Model Jp_arora_lf:Electrons@n0 in region bjt of material Silicon
Replacing Edge Model Jp_arora_lf:Electrons@n1 in region bjt of material Silicon
Replacing Edge Model Jp_arora_lf:Holes@n0 in region bjt of material Silicon
Replacing Edge Model Jp_arora_lf:Holes@n1 in region bjt of material Silicon
Replacing Edge Model Jp_arora_lf:Potential@n0 in region bjt of material Silicon
Replacing Edge Model Jp_arora_lf:Potential@n1 in region bjt of material Silicon
Replacing Triangle Edge Model Jp_x in region bjt of material Silicon
Replacing Triangle Edge Model Jp_y in region bjt of material Silicon
Replacing Triangle Edge Model Jpmag in region bjt of material Silicon
Replacing Node Model LogNetDoping in region bjt of material Silicon
Replacing Node Model NC in region bjt of material Silicon
Replacing Node Model NCharge in region bjt of material Silicon
Replacing Node Model NCharge:Electrons in region bjt of material Silicon
Replacing Node Model NIE in region bjt of material Silicon
Replacing Node Model NTOT in region bjt of material Silicon
Replacing Node Model NV in region bjt of material Silicon
Replacing Node Model NetDoping in region bjt of material Silicon
Replacing Node Model PCharge in region bjt of material Silicon
Replacing Node Model PCharge:Holes in region bjt of material Silicon
Replacing Edge Model Potential@n0 in region bjt of material Silicon
Replacing Edge Model Potential@n1 in region bjt of material Silicon
Replacing Node Model PotentialIntrinsicCharge in region bjt of material Silicon
Replacing Node Model PotentialIntrinsicCharge:Potential in region bjt of material Silicon
Replacing Node Model PotentialNodeCharge in region bjt of material Silicon
Replacing Node Model PotentialNodeCharge:Electrons in region bjt of material Silicon
Replacing Node Model PotentialNodeCharge:Holes in region bjt of material Silicon
Replacing Node Model Tn in region bjt of material Silicon
Replacing Node Model USRH in region bjt of material Silicon
Replacing Node Model USRH:Electrons in region bjt of material Silicon
Replacing Node Model USRH:Holes in region bjt of material Silicon
Replacing Node Model V_t in region bjt of material Silicon
Replacing Edge Model V_t_edge in region bjt of material Silicon
Replacing Node Model basenodeelectrons in region bjt of material Silicon
Replacing Node Model basenodeelectrons:Electrons in region bjt of material Silicon
Replacing Node Model basenodeholes in region bjt of material Silicon
Replacing Node Model basenodeholes:Holes in region bjt of material Silicon
Replacing Node Model basenodemodel in region bjt of material Silicon
Replacing Node Model basenodemodel:Potential in region bjt of material Silicon
Replacing Edge Model beta_n in region bjt of material Silicon
Replacing Edge Model beta_p in region bjt of material Silicon
Replacing Node Model collectornodeelectrons in region bjt of material Silicon
Replacing Node Model collectornodeelectrons:Electrons in region bjt of material Silicon
Replacing Node Model collectornodeholes in region bjt of material Silicon
Replacing Node Model collectornodeholes:Holes in region bjt of material Silicon
Replacing Node Model collectornodemodel in region bjt of material Silicon
Replacing Node Model collectornodemodel:Potential in region bjt of material Silicon
Replacing Node Model contactcharge_node in region bjt of material Silicon
Replacing Node Model emitternodeelectrons in region bjt of material Silicon
Replacing Node Model emitternodeelectrons:Electrons in region bjt of material Silicon
Replacing Node Model emitternodeholes in region bjt of material Silicon
Replacing Node Model emitternodeholes:Holes in region bjt of material Silicon
Replacing Node Model emitternodemodel in region bjt of material Silicon
Replacing Node Model emitternodemodel:Potential in region bjt of material Silicon
Replacing Edge Model mu_arora_n_lf in region bjt of material Silicon
Replacing Node Model mu_arora_n_node in region bjt of material Silicon
Replacing Edge Model mu_arora_p_lf in region bjt of material Silicon
Replacing Node Model mu_arora_p_node in region bjt of material Silicon
Replacing Edge Model mu_n in region bjt of material Silicon
Replacing Edge Model mu_n:Electrons@n0 in region bjt of material Silicon
Replacing Edge Model mu_n:Electrons@n1 in region bjt of material Silicon
Replacing Edge Model mu_n:Holes@n0 in region bjt of material Silicon
Replacing Edge Model mu_n:Holes@n1 in region bjt of material Silicon
Replacing Edge Model mu_n:Potential@n0 in region bjt of material Silicon
Replacing Edge Model mu_n:Potential@n1 in region bjt of material Silicon
Replacing Edge Model mu_p in region bjt of material Silicon
Replacing Edge Model mu_p:Electrons@n0 in region bjt of material Silicon
Replacing Edge Model mu_p:Electrons@n1 in region bjt of material Silicon
Replacing Edge Model mu_p:Holes@n0 in region bjt of material Silicon
Replacing Edge Model mu_p:Holes@n1 in region bjt of material Silicon
Replacing Edge Model mu_p:Potential@n0 in region bjt of material Silicon
Replacing Edge Model mu_p:Potential@n1 in region bjt of material Silicon
Replacing Edge Model vsat_n in region bjt of material Silicon
Replacing Edge Model vsat_p in region bjt of material Silicon
Replacing Node Model basenodemodel in region bjt of material Silicon
Replacing Node Model basenodemodel:Potential in region bjt of material Silicon
Warning: Replacing Contact Equation with Contact Equation of the same name.
Contact: base, Equation: PotentialEquation
Replacing Node Model basenodeelectrons in region bjt of material Silicon
Replacing Node Model basenodeelectrons:Electrons in region bjt of material Silicon
Replacing Node Model basenodeholes in region bjt of material Silicon
Replacing Node Model basenodeholes:Holes in region bjt of material Silicon
Warning: Replacing Contact Equation with Contact Equation of the same name.
Contact: base, Equation: ElectronContinuityEquation
Warning: Replacing Contact Equation with Contact Equation of the same name.
Contact: base, Equation: HoleContinuityEquation
Replacing Node Model emitternodemodel in region bjt of material Silicon
Replacing Node Model emitternodemodel:Potential in region bjt of material Silicon
Warning: Replacing Contact Equation with Contact Equation of the same name.
Contact: emitter, Equation: PotentialEquation
Replacing Node Model emitternodeelectrons in region bjt of material Silicon
Replacing Node Model emitternodeelectrons:Electrons in region bjt of material Silicon
Replacing Node Model emitternodeholes in region bjt of material Silicon
Replacing Node Model emitternodeholes:Holes in region bjt of material Silicon
Warning: Replacing Contact Equation with Contact Equation of the same name.
Contact: emitter, Equation: ElectronContinuityEquation
Warning: Replacing Contact Equation with Contact Equation of the same name.
Contact: emitter, Equation: HoleContinuityEquation
Replacing Node Model collectornodemodel in region bjt of material Silicon
Replacing Node Model collectornodemodel:Potential in region bjt of material Silicon
Warning: Replacing Contact Equation with Contact Equation of the same name.
Contact: collector, Equation: PotentialEquation
Replacing Node Model collectornodeelectrons in region bjt of material Silicon
Replacing Node Model collectornodeelectrons:Electrons in region bjt of material Silicon
Replacing Node Model collectornodeholes in region bjt of material Silicon
Replacing Node Model collectornodeholes:Holes in region bjt of material Silicon
Warning: Replacing Contact Equation with Contact Equation of the same name.
Contact: collector, Equation: ElectronContinuityEquation
Warning: Replacing Contact Equation with Contact Equation of the same name.
Contact: collector, Equation: HoleContinuityEquation
creating solution dcop with 6 nodes
number of equations 41337
creating solution dcop_prev with 6 nodes
Iteration: 0
  Device: "bjt"	RelError: 9.89786e-02	AbsError: 2.26824e+04
    Region: "bjt"	RelError: 9.89786e-02	AbsError: 2.26824e+04
      Equation: "ElectronContinuityEquation"	RelError: 2.92319e-02	AbsError: 2.24931e+04
      Equation: "HoleContinuityEquation"	RelError: 6.97467e-02	AbsError: 1.89245e+02
      Equation: "PotentialEquation"	RelError: 2.53422e-13	AbsError: 1.78512e-16
  Circuit: 	RelError: 7.27479e-07	AbsError: 9.09167e-17
number of equations 41337
Iteration: 0
  Device: "bjt"	RelError: 1.23354e-01	AbsError: 8.29570e+03
    Region: "bjt"	RelError: 1.23354e-01	AbsError: 8.29570e+03
      Equation: "ElectronContinuityEquation"	RelError: 9.65737e-02	AbsError: 8.18020e+03
      Equation: "HoleContinuityEquation"	RelError: 2.67800e-02	AbsError: 1.15499e+02
      Equation: "PotentialEquation"	RelError: 1.50596e-13	AbsError: 1.30251e-16
  Circuit: 	RelError: 5.78058e-07	AbsError: 6.08114e-17
Iteration: 1
  Device: "bjt"	RelError: 6.04411e-02	AbsError: 8.33608e+03
    Region: "bjt"	RelError: 6.04411e-02	AbsError: 8.33608e+03
      Equation: "ElectronContinuityEquation"	RelError: 3.68998e-02	AbsError: 8.18020e+03
      Equation: "HoleContinuityEquation"	RelError: 2.35413e-02	AbsError: 1.55884e+02
      Equation: "PotentialEquation"	RelError: 1.89292e-13	AbsError: 1.41996e-16
  Circuit: 	RelError: 8.47936e-08	AbsError: 1.39818e-17
number of equations 41337
Iteration: 0
  Device: "bjt"	RelError: 4.92766e-02	AbsError: 8.28100e+03
    Region: "bjt"	RelError: 4.92766e-02	AbsError: 8.28100e+03
      Equation: "ElectronContinuityEquation"	RelError: 2.51255e-02	AbsError: 8.18020e+03
      Equation: "HoleContinuityEquation"	RelError: 2.41511e-02	AbsError: 1.00802e+02
      Equation: "PotentialEquation"	RelError: 9.53953e-14	AbsError: 1.26069e-16
  Circuit: 	RelError: 9.24954e-08	AbsError: 1.41423e-17
last end 0.000000e+00 1.000000e+00
number of equations 41337
Iteration: 0
  Device: "bjt"	RelError: 5.56738e+02	AbsError: 1.24150e+17
    Region: "bjt"	RelError: 5.56738e+02	AbsError: 1.24150e+17
      Equation: "ElectronContinuityEquation"	RelError: 7.94367e-01	AbsError: 7.41672e+16
      Equation: "HoleContinuityEquation"	RelError: 7.97138e-01	AbsError: 4.99825e+16
      Equation: "PotentialEquation"	RelError: 5.55146e+02	AbsError: 4.09542e-02
  Circuit: 	RelError: 1.00000e+00	AbsError: 1.00000e-01
Iteration: 1
  Device: "bjt"	RelError: 1.16859e+03	AbsError: 1.24797e+16
    Region: "bjt"	RelError: 1.16859e+03	AbsError: 1.24797e+16
      Equation: "ElectronContinuityEquation"	RelError: 6.94796e-01	AbsError: 7.70854e+15
      Equation: "HoleContinuityEquation"	RelError: 7.80322e-01	AbsError: 4.77120e+15
      Equation: "PotentialEquation"	RelError: 1.16712e+03	AbsError: 3.07929e-02
  Circuit: 	RelError: 2.65486e-02	AbsError: 4.92414e-12
Iteration: 2
  Device: "bjt"	RelError: 3.74798e+02	AbsError: 2.87508e+15
    Region: "bjt"	RelError: 3.74798e+02	AbsError: 2.87508e+15
      Equation: "ElectronContinuityEquation"	RelError: 5.19533e-01	AbsError: 6.78277e+14
      Equation: "HoleContinuityEquation"	RelError: 5.02946e-01	AbsError: 2.19680e+15
      Equation: "PotentialEquation"	RelError: 3.73776e+02	AbsError: 2.58974e-02
  Circuit: 	RelError: 9.35781e-03	AbsError: 2.02551e-12
Iteration: 3
  Device: "bjt"	RelError: 1.33825e+00	AbsError: 1.85733e+15
    Region: "bjt"	RelError: 1.33825e+00	AbsError: 1.85733e+15
      Equation: "ElectronContinuityEquation"	RelError: 3.29705e-01	AbsError: 2.59179e+14
      Equation: "HoleContinuityEquation"	RelError: 2.53624e-01	AbsError: 1.59815e+15
      Equation: "PotentialEquation"	RelError: 7.54924e-01	AbsError: 9.20178e-03
  Circuit: 	RelError: 4.10657e-03	AbsError: 8.13360e-13
Iteration: 4
  Device: "bjt"	RelError: 7.89462e+00	AbsError: 2.40155e+15
    Region: "bjt"	RelError: 7.89462e+00	AbsError: 2.40155e+15
      Equation: "ElectronContinuityEquation"	RelError: 1.18755e-01	AbsError: 2.71285e+14
      Equation: "HoleContinuityEquation"	RelError: 4.69120e-02	AbsError: 2.13026e+15
      Equation: "PotentialEquation"	RelError: 7.72895e+00	AbsError: 5.14539e-04
  Circuit: 	RelError: 1.45573e-03	AbsError: 2.57725e-13
Iteration: 5
  Device: "bjt"	RelError: 9.42117e-03	AbsError: 4.57135e+12
    Region: "bjt"	RelError: 9.42117e-03	AbsError: 4.57135e+12
      Equation: "ElectronContinuityEquation"	RelError: 1.04314e-03	AbsError: 2.70545e+11
      Equation: "HoleContinuityEquation"	RelError: 1.15934e-03	AbsError: 4.30081e+12
      Equation: "PotentialEquation"	RelError: 7.21869e-03	AbsError: 7.17763e-07
  Circuit: 	RelError: 2.56435e-04	AbsError: 5.09355e-14
Iteration: 6
  Device: "bjt"	RelError: 3.71543e-03	AbsError: 1.99784e+06
    Region: "bjt"	RelError: 3.71543e-03	AbsError: 1.99784e+06
      Equation: "ElectronContinuityEquation"	RelError: 2.05429e-03	AbsError: 1.39735e+05
      Equation: "HoleContinuityEquation"	RelError: 1.66113e-03	AbsError: 1.85810e+06
      Equation: "PotentialEquation"	RelError: 1.49855e-09	AbsError: 9.95960e-13
  Circuit: 	RelError: 4.46088e-06	AbsError: 5.21072e-16
Iteration: 7
  Device: "bjt"	RelError: 2.92732e-03	AbsError: 9.59756e+03
    Region: "bjt"	RelError: 2.92732e-03	AbsError: 9.59756e+03
      Equation: "ElectronContinuityEquation"	RelError: 1.55563e-03	AbsError: 8.18438e+03
      Equation: "HoleContinuityEquation"	RelError: 1.37169e-03	AbsError: 1.41318e+03
      Equation: "PotentialEquation"	RelError: 8.96651e-12	AbsError: 2.61168e-15
  Circuit: 	RelError: 1.00588e-06	AbsError: 1.26785e-16
Succeeded
BIAS base 0.1
last end 1.000000e-01 1.000000e+00
number of equations 41337
Iteration: 0
  Device: "bjt"	RelError: 7.48877e+02	AbsError: 1.32698e+17
    Region: "bjt"	RelError: 7.48877e+02	AbsError: 1.32698e+17
      Equation: "ElectronContinuityEquation"	RelError: 7.94362e-01	AbsError: 7.58168e+16
      Equation: "HoleContinuityEquation"	RelError: 7.94361e-01	AbsError: 5.68808e+16
      Equation: "PotentialEquation"	RelError: 7.47289e+02	AbsError: 4.09542e-02
  Circuit: 	RelError: 5.00000e-01	AbsError: 1.00000e-01
Iteration: 1
  Device: "bjt"	RelError: 1.52111e+03	AbsError: 1.41205e+16
    Region: "bjt"	RelError: 1.52111e+03	AbsError: 1.41205e+16
      Equation: "ElectronContinuityEquation"	RelError: 6.94853e-01	AbsError: 8.57928e+15
      Equation: "HoleContinuityEquation"	RelError: 7.80056e-01	AbsError: 5.54122e+15
      Equation: "PotentialEquation"	RelError: 1.51964e+03	AbsError: 3.07938e-02
  Circuit: 	RelError: 9.28277e-02	AbsError: 2.41013e-11
Iteration: 2
  Device: "bjt"	RelError: 4.32635e+02	AbsError: 3.28062e+15
    Region: "bjt"	RelError: 4.32635e+02	AbsError: 3.28062e+15
      Equation: "ElectronContinuityEquation"	RelError: 5.21071e-01	AbsError: 9.17237e+14
      Equation: "HoleContinuityEquation"	RelError: 5.07821e-01	AbsError: 2.36338e+15
      Equation: "PotentialEquation"	RelError: 4.31607e+02	AbsError: 2.58902e-02
  Circuit: 	RelError: 5.36705e-02	AbsError: 1.40182e-11
Iteration: 3
  Device: "bjt"	RelError: 1.00157e+01	AbsError: 2.42417e+15
    Region: "bjt"	RelError: 1.00157e+01	AbsError: 2.42417e+15
      Equation: "ElectronContinuityEquation"	RelError: 3.26464e-01	AbsError: 2.40026e+14
      Equation: "HoleContinuityEquation"	RelError: 2.53993e-01	AbsError: 2.18414e+15
      Equation: "PotentialEquation"	RelError: 9.43523e+00	AbsError: 9.22149e-03
  Circuit: 	RelError: 2.72454e-02	AbsError: 6.01502e-12
Iteration: 4
  Device: "bjt"	RelError: 2.90094e+00	AbsError: 2.75950e+15
    Region: "bjt"	RelError: 2.90094e+00	AbsError: 2.75950e+15
      Equation: "ElectronContinuityEquation"	RelError: 1.19604e-01	AbsError: 2.71105e+14
      Equation: "HoleContinuityEquation"	RelError: 4.64287e-02	AbsError: 2.48839e+15
      Equation: "PotentialEquation"	RelError: 2.73490e+00	AbsError: 5.44886e-04
  Circuit: 	RelError: 1.60178e-02	AbsError: 4.30630e-12
Iteration: 5
  Device: "bjt"	RelError: 4.46038e-03	AbsError: 5.58382e+12
    Region: "bjt"	RelError: 4.46038e-03	AbsError: 5.58382e+12
      Equation: "ElectronContinuityEquation"	RelError: 9.84342e-04	AbsError: 2.43249e+11
      Equation: "HoleContinuityEquation"	RelError: 3.52504e-04	AbsError: 5.34057e+12
      Equation: "PotentialEquation"	RelError: 3.12353e-03	AbsError: 6.70046e-07
  Circuit: 	RelError: 1.50469e-04	AbsError: 3.72679e-14
Iteration: 6
  Device: "bjt"	RelError: 5.16276e-04	AbsError: 4.05483e+06
    Region: "bjt"	RelError: 5.16276e-04	AbsError: 4.05483e+06
      Equation: "ElectronContinuityEquation"	RelError: 4.38909e-04	AbsError: 1.83288e+05
      Equation: "HoleContinuityEquation"	RelError: 7.73643e-05	AbsError: 3.87154e+06
      Equation: "PotentialEquation"	RelError: 2.27547e-09	AbsError: 8.98364e-13
  Circuit: 	RelError: 4.41166e-06	AbsError: 1.09403e-15
Iteration: 7
  Device: "bjt"	RelError: 1.23740e-04	AbsError: 2.01812e+04
    Region: "bjt"	RelError: 1.23740e-04	AbsError: 2.01812e+04
      Equation: "ElectronContinuityEquation"	RelError: 5.36918e-05	AbsError: 8.19189e+03
      Equation: "HoleContinuityEquation"	RelError: 7.00477e-05	AbsError: 1.19893e+04
      Equation: "PotentialEquation"	RelError: 5.56711e-11	AbsError: 9.97044e-15
  Circuit: 	RelError: 1.78075e-08	AbsError: 2.42297e-18
Succeeded
BIAS base 0.2
last end 2.000000e-01 1.000000e+00
number of equations 41337
Iteration: 0
  Device: "bjt"	RelError: 4.84228e+03	AbsError: 1.36508e+17
    Region: "bjt"	RelError: 4.84228e+03	AbsError: 1.36508e+17
      Equation: "ElectronContinuityEquation"	RelError: 7.94362e-01	AbsError: 7.90424e+16
      Equation: "HoleContinuityEquation"	RelError: 7.94362e-01	AbsError: 5.74652e+16
      Equation: "PotentialEquation"	RelError: 4.84069e+03	AbsError: 4.09542e-02
  Circuit: 	RelError: 3.68958e-01	AbsError: 1.00000e-01
Iteration: 1
  Device: "bjt"	RelError: 4.44840e+02	AbsError: 1.60171e+16
    Region: "bjt"	RelError: 4.44840e+02	AbsError: 1.60171e+16
      Equation: "ElectronContinuityEquation"	RelError: 6.94379e-01	AbsError: 9.27451e+15
      Equation: "HoleContinuityEquation"	RelError: 7.79845e-01	AbsError: 6.74261e+15
      Equation: "PotentialEquation"	RelError: 4.43365e+02	AbsError: 3.07941e-02
  Circuit: 	RelError: 3.54947e-01	AbsError: 2.33662e-10
Iteration: 2
  Device: "bjt"	RelError: 7.56777e+02	AbsError: 3.36441e+15
    Region: "bjt"	RelError: 7.56777e+02	AbsError: 3.36441e+15
      Equation: "ElectronContinuityEquation"	RelError: 5.20507e-01	AbsError: 9.03889e+14
      Equation: "HoleContinuityEquation"	RelError: 5.07950e-01	AbsError: 2.46052e+15
      Equation: "PotentialEquation"	RelError: 7.55748e+02	AbsError: 2.58814e-02
  Circuit: 	RelError: 2.21136e-01	AbsError: 1.92717e-10
Iteration: 3
  Device: "bjt"	RelError: 2.01590e+00	AbsError: 3.09380e+15
    Region: "bjt"	RelError: 2.01590e+00	AbsError: 3.09380e+15
      Equation: "ElectronContinuityEquation"	RelError: 3.26766e-01	AbsError: 4.18586e+14
      Equation: "HoleContinuityEquation"	RelError: 2.53278e-01	AbsError: 2.67521e+15
      Equation: "PotentialEquation"	RelError: 1.43585e+00	AbsError: 9.20022e-03
  Circuit: 	RelError: 2.95479e-01	AbsError: 1.08700e-10
Iteration: 4
  Device: "bjt"	RelError: 7.36503e+00	AbsError: 3.02623e+15
    Region: "bjt"	RelError: 7.36503e+00	AbsError: 3.02623e+15
      Equation: "ElectronContinuityEquation"	RelError: 1.19391e-01	AbsError: 3.05292e+14
      Equation: "HoleContinuityEquation"	RelError: 4.60308e-02	AbsError: 2.72093e+15
      Equation: "PotentialEquation"	RelError: 7.19961e+00	AbsError: 5.65237e-04
  Circuit: 	RelError: 6.22675e-01	AbsError: 1.73649e-10
Iteration: 5
  Device: "bjt"	RelError: 9.15092e-03	AbsError: 5.95948e+12
    Region: "bjt"	RelError: 9.15092e-03	AbsError: 5.95948e+12
      Equation: "ElectronContinuityEquation"	RelError: 1.06808e-03	AbsError: 2.68408e+11
      Equation: "HoleContinuityEquation"	RelError: 3.89312e-04	AbsError: 5.69108e+12
      Equation: "PotentialEquation"	RelError: 7.69353e-03	AbsError: 7.22871e-07
  Circuit: 	RelError: 5.82328e-03	AbsError: 1.38431e-12
Iteration: 6
  Device: "bjt"	RelError: 4.35730e-04	AbsError: 5.51581e+06
    Region: "bjt"	RelError: 4.35730e-04	AbsError: 5.51581e+06
      Equation: "ElectronContinuityEquation"	RelError: 4.28432e-04	AbsError: 3.52675e+05
      Equation: "HoleContinuityEquation"	RelError: 7.28434e-06	AbsError: 5.16314e+06
      Equation: "PotentialEquation"	RelError: 1.33864e-08	AbsError: 1.23952e-12
  Circuit: 	RelError: 4.56138e-05	AbsError: 4.43960e-14
Iteration: 7
  Device: "bjt"	RelError: 2.53206e-06	AbsError: 1.33334e+05
    Region: "bjt"	RelError: 2.53206e-06	AbsError: 1.33334e+05
      Equation: "ElectronContinuityEquation"	RelError: 1.16049e-06	AbsError: 4.30710e+04
      Equation: "HoleContinuityEquation"	RelError: 1.37149e-06	AbsError: 9.02631e+04
      Equation: "PotentialEquation"	RelError: 8.21982e-11	AbsError: 5.82163e-14
  Circuit: 	RelError: 3.34237e-08	AbsError: 9.41703e-18
Succeeded
BIAS base 0.3
last end 3.000000e-01 1.000000e+00
number of equations 41337
Iteration: 0
  Device: "bjt"	RelError: 5.41276e+02	AbsError: 1.37026e+17
    Region: "bjt"	RelError: 5.41276e+02	AbsError: 1.37026e+17
      Equation: "ElectronContinuityEquation"	RelError: 7.94362e-01	AbsError: 8.09264e+16
      Equation: "HoleContinuityEquation"	RelError: 7.94362e-01	AbsError: 5.60997e+16
      Equation: "PotentialEquation"	RelError: 5.39687e+02	AbsError: 4.09542e-02
  Circuit: 	RelError: 6.83421e-01	AbsError: 1.00000e-01
Iteration: 1
  Device: "bjt"	RelError: 5.94989e+02	AbsError: 1.86672e+16
    Region: "bjt"	RelError: 5.94989e+02	AbsError: 1.86672e+16
      Equation: "ElectronContinuityEquation"	RelError: 6.94020e-01	AbsError: 1.20800e+16
      Equation: "HoleContinuityEquation"	RelError: 7.80077e-01	AbsError: 6.58721e+15
      Equation: "PotentialEquation"	RelError: 5.93515e+02	AbsError: 3.07943e-02
  Circuit: 	RelError: 7.97126e-01	AbsError: 4.57259e-09
Iteration: 2
  Device: "bjt"	RelError: 2.16611e+02	AbsError: 4.12062e+15
    Region: "bjt"	RelError: 2.16611e+02	AbsError: 4.12062e+15
      Equation: "ElectronContinuityEquation"	RelError: 5.27509e-01	AbsError: 1.46972e+15
      Equation: "HoleContinuityEquation"	RelError: 5.31997e-01	AbsError: 2.65090e+15
      Equation: "PotentialEquation"	RelError: 2.15551e+02	AbsError: 2.58863e-02
  Circuit: 	RelError: 4.12211e-01	AbsError: 5.29589e-09
Iteration: 3
  Device: "bjt"	RelError: 2.21064e+03	AbsError: 3.83607e+15
    Region: "bjt"	RelError: 2.21064e+03	AbsError: 3.83607e+15
      Equation: "ElectronContinuityEquation"	RelError: 3.22131e-01	AbsError: 8.31310e+14
      Equation: "HoleContinuityEquation"	RelError: 2.54234e-01	AbsError: 3.00476e+15
      Equation: "PotentialEquation"	RelError: 2.21006e+03	AbsError: 9.17557e-03
  Circuit: 	RelError: 7.15768e-01	AbsError: 5.02215e-09
Iteration: 4
  Device: "bjt"	RelError: 2.47223e+00	AbsError: 3.18709e+15
    Region: "bjt"	RelError: 2.47223e+00	AbsError: 3.18709e+15
      Equation: "ElectronContinuityEquation"	RelError: 1.20700e-01	AbsError: 3.57837e+14
      Equation: "HoleContinuityEquation"	RelError: 4.59521e-02	AbsError: 2.82925e+15
      Equation: "PotentialEquation"	RelError: 2.30558e+00	AbsError: 5.36731e-04
  Circuit: 	RelError: 1.94468e+01	AbsError: 8.05144e-09
Iteration: 5
  Device: "bjt"	RelError: 2.99625e-03	AbsError: 5.73639e+12
    Region: "bjt"	RelError: 2.99625e-03	AbsError: 5.73639e+12
      Equation: "ElectronContinuityEquation"	RelError: 1.14034e-03	AbsError: 3.50897e+11
      Equation: "HoleContinuityEquation"	RelError: 3.49680e-04	AbsError: 5.38549e+12
      Equation: "PotentialEquation"	RelError: 1.50623e-03	AbsError: 6.70165e-07
  Circuit: 	RelError: 1.79246e-01	AbsError: 8.34884e-11
Iteration: 6
  Device: "bjt"	RelError: 4.14943e-04	AbsError: 7.02627e+06
    Region: "bjt"	RelError: 4.14943e-04	AbsError: 7.02627e+06
      Equation: "ElectronContinuityEquation"	RelError: 4.13086e-04	AbsError: 3.65239e+06
      Equation: "HoleContinuityEquation"	RelError: 1.82701e-06	AbsError: 3.37388e+06
      Equation: "PotentialEquation"	RelError: 2.92467e-08	AbsError: 2.49640e-12
  Circuit: 	RelError: 1.22846e-04	AbsError: 2.13395e-12
Iteration: 7
  Device: "bjt"	RelError: 4.23179e-07	AbsError: 4.15297e+05
    Region: "bjt"	RelError: 4.23179e-07	AbsError: 4.15297e+05
      Equation: "ElectronContinuityEquation"	RelError: 3.99088e-07	AbsError: 6.62571e+04
      Equation: "HoleContinuityEquation"	RelError: 2.37989e-08	AbsError: 3.49040e+05
      Equation: "PotentialEquation"	RelError: 2.92309e-10	AbsError: 8.70642e-14
  Circuit: 	RelError: 8.62977e-08	AbsError: 4.20803e-17
Succeeded
BIAS base 0.4
last end 4.000000e-01 1.000000e+00
number of equations 41337
Iteration: 0
  Device: "bjt"	RelError: 7.39177e+03	AbsError: 1.47068e+17
    Region: "bjt"	RelError: 7.39177e+03	AbsError: 1.47068e+17
      Equation: "ElectronContinuityEquation"	RelError: 7.94362e-01	AbsError: 8.23110e+16
      Equation: "HoleContinuityEquation"	RelError: 7.94362e-01	AbsError: 6.47571e+16
      Equation: "PotentialEquation"	RelError: 7.39018e+03	AbsError: 4.09542e-02
  Circuit: 	RelError: 7.72775e-01	AbsError: 1.00000e-01
Iteration: 1
  Device: "bjt"	RelError: 7.17300e+00	AbsError: 2.13127e+16
    Region: "bjt"	RelError: 7.17300e+00	AbsError: 2.13127e+16
      Equation: "ElectronContinuityEquation"	RelError: 6.94176e-01	AbsError: 1.29910e+16
      Equation: "HoleContinuityEquation"	RelError: 7.79792e-01	AbsError: 8.32174e+15
      Equation: "PotentialEquation"	RelError: 5.69904e+00	AbsError: 3.07970e-02
  Circuit: 	RelError: 9.75048e-01	AbsError: 1.63310e-07
Iteration: 2
  Device: "bjt"	RelError: 1.84156e+00	AbsError: 5.10889e+15
    Region: "bjt"	RelError: 1.84156e+00	AbsError: 5.10889e+15
      Equation: "ElectronContinuityEquation"	RelError: 5.35679e-01	AbsError: 2.22929e+15
      Equation: "HoleContinuityEquation"	RelError: 5.26067e-01	AbsError: 2.87959e+15
      Equation: "PotentialEquation"	RelError: 7.79813e-01	AbsError: 2.58860e-02
  Circuit: 	RelError: 6.14543e-01	AbsError: 2.19608e-07
Iteration: 3
  Device: "bjt"	RelError: 8.34367e-01	AbsError: 2.69258e+15
    Region: "bjt"	RelError: 8.34367e-01	AbsError: 2.69258e+15
      Equation: "ElectronContinuityEquation"	RelError: 3.13545e-01	AbsError: 8.40411e+14
      Equation: "HoleContinuityEquation"	RelError: 2.48656e-01	AbsError: 1.85217e+15
      Equation: "PotentialEquation"	RelError: 2.72166e-01	AbsError: 9.18714e-03
  Circuit: 	RelError: 6.70649e-01	AbsError: 2.05085e-07
Iteration: 4
  Device: "bjt"	RelError: 1.71891e-01	AbsError: 2.06374e+15
    Region: "bjt"	RelError: 1.71891e-01	AbsError: 2.06374e+15
      Equation: "ElectronContinuityEquation"	RelError: 1.20303e-01	AbsError: 3.80065e+14
      Equation: "HoleContinuityEquation"	RelError: 4.41330e-02	AbsError: 1.68367e+15
      Equation: "PotentialEquation"	RelError: 7.45465e-03	AbsError: 5.32825e-04
  Circuit: 	RelError: 1.27830e+03	AbsError: 3.68768e-07
Iteration: 5
  Device: "bjt"	RelError: 1.51558e-03	AbsError: 3.49187e+12
    Region: "bjt"	RelError: 1.51558e-03	AbsError: 3.49187e+12
      Equation: "ElectronContinuityEquation"	RelError: 1.15542e-03	AbsError: 2.86809e+11
      Equation: "HoleContinuityEquation"	RelError: 3.53524e-04	AbsError: 3.20506e+12
      Equation: "PotentialEquation"	RelError: 6.62971e-06	AbsError: 5.71335e-07
  Circuit: 	RelError: 9.61424e-01	AbsError: 4.46232e-09
Iteration: 6
  Device: "bjt"	RelError: 3.95127e-04	AbsError: 3.02106e+08
    Region: "bjt"	RelError: 3.95127e-04	AbsError: 3.02106e+08
      Equation: "ElectronContinuityEquation"	RelError: 3.93097e-04	AbsError: 1.69787e+08
      Equation: "HoleContinuityEquation"	RelError: 2.02765e-06	AbsError: 1.32318e+08
      Equation: "PotentialEquation"	RelError: 1.88226e-09	AbsError: 7.98654e-11
  Circuit: 	RelError: 1.53288e-04	AbsError: 1.00214e-10
Iteration: 7
  Device: "bjt"	RelError: 6.36048e-08	AbsError: 2.17657e+06
    Region: "bjt"	RelError: 6.36048e-08	AbsError: 2.17657e+06
      Equation: "ElectronContinuityEquation"	RelError: 6.27912e-08	AbsError: 2.23448e+05
      Equation: "HoleContinuityEquation"	RelError: 8.06115e-10	AbsError: 1.95312e+06
      Equation: "PotentialEquation"	RelError: 7.54016e-12	AbsError: 5.68049e-13
  Circuit: 	RelError: 1.86945e-09	AbsError: 1.84003e-17
Iteration: 8
  Device: "bjt"	RelError: 7.60073e-10	AbsError: 8.26475e+03
    Region: "bjt"	RelError: 7.60073e-10	AbsError: 8.26475e+03
      Equation: "ElectronContinuityEquation"	RelError: 2.99552e-10	AbsError: 8.17295e+03
      Equation: "HoleContinuityEquation"	RelError: 4.60521e-10	AbsError: 9.18046e+01
      Equation: "PotentialEquation"	RelError: 6.36635e-16	AbsError: 1.05858e-16
  Circuit: 	RelError: 5.37554e-10	AbsError: 2.24880e-18
Succeeded
BIAS base 0.5
last end 5.000000e-01 1.000000e+00
number of equations 41337
Iteration: 0
  Device: "bjt"	RelError: 2.13745e+00	AbsError: 1.57571e+17
    Region: "bjt"	RelError: 2.13745e+00	AbsError: 1.57571e+17
      Equation: "ElectronContinuityEquation"	RelError: 7.94362e-01	AbsError: 8.86572e+16
      Equation: "HoleContinuityEquation"	RelError: 7.94362e-01	AbsError: 6.89135e+16
      Equation: "PotentialEquation"	RelError: 5.48725e-01	AbsError: 4.09542e-02
  Circuit: 	RelError: 7.90202e-01	AbsError: 1.00002e-01
Iteration: 1
  Device: "bjt"	RelError: 1.76589e+00	AbsError: 2.37220e+16
    Region: "bjt"	RelError: 1.76589e+00	AbsError: 2.37220e+16
      Equation: "ElectronContinuityEquation"	RelError: 6.94140e-01	AbsError: 1.39078e+16
      Equation: "HoleContinuityEquation"	RelError: 7.79676e-01	AbsError: 9.81424e+15
      Equation: "PotentialEquation"	RelError: 2.92076e-01	AbsError: 3.07945e-02
  Circuit: 	RelError: 9.90475e-01	AbsError: 7.27366e-06
Iteration: 2
  Device: "bjt"	RelError: 1.22353e+00	AbsError: 6.73478e+15
    Region: "bjt"	RelError: 1.22353e+00	AbsError: 6.73478e+15
      Equation: "ElectronContinuityEquation"	RelError: 5.34334e-01	AbsError: 2.50657e+15
      Equation: "HoleContinuityEquation"	RelError: 5.25882e-01	AbsError: 4.22821e+15
      Equation: "PotentialEquation"	RelError: 1.63316e-01	AbsError: 2.58956e-02
  Circuit: 	RelError: 7.27302e-01	AbsError: 1.00234e-05
Iteration: 3
  Device: "bjt"	RelError: 6.39547e-01	AbsError: 4.81515e+15
    Region: "bjt"	RelError: 6.39547e-01	AbsError: 4.81515e+15
      Equation: "ElectronContinuityEquation"	RelError: 3.21490e-01	AbsError: 1.70919e+15
      Equation: "HoleContinuityEquation"	RelError: 2.49365e-01	AbsError: 3.10596e+15
      Equation: "PotentialEquation"	RelError: 6.86923e-02	AbsError: 9.20142e-03
  Circuit: 	RelError: 5.08889e-01	AbsError: 6.87272e-06
Iteration: 4
  Device: "bjt"	RelError: 1.68198e-01	AbsError: 2.20378e+15
    Region: "bjt"	RelError: 1.68198e-01	AbsError: 2.20378e+15
      Equation: "ElectronContinuityEquation"	RelError: 1.21783e-01	AbsError: 3.94262e+14
      Equation: "HoleContinuityEquation"	RelError: 4.35443e-02	AbsError: 1.80952e+15
      Equation: "PotentialEquation"	RelError: 2.87032e-03	AbsError: 5.52879e-04
  Circuit: 	RelError: 2.08410e+02	AbsError: 1.65492e-05
Iteration: 5
  Device: "bjt"	RelError: 1.54596e-03	AbsError: 3.79202e+12
    Region: "bjt"	RelError: 1.54596e-03	AbsError: 3.79202e+12
      Equation: "ElectronContinuityEquation"	RelError: 1.21629e-03	AbsError: 3.98494e+11
      Equation: "HoleContinuityEquation"	RelError: 3.26339e-04	AbsError: 3.39352e+12
      Equation: "PotentialEquation"	RelError: 3.33148e-06	AbsError: 5.67657e-07
  Circuit: 	RelError: 1.46489e+00	AbsError: 2.27333e-07
Iteration: 6
  Device: "bjt"	RelError: 3.69258e-04	AbsError: 1.29259e+10
    Region: "bjt"	RelError: 3.69258e-04	AbsError: 1.29259e+10
      Equation: "ElectronContinuityEquation"	RelError: 3.68624e-04	AbsError: 7.15971e+09
      Equation: "HoleContinuityEquation"	RelError: 6.18847e-07	AbsError: 5.76618e+09
      Equation: "PotentialEquation"	RelError: 1.45865e-08	AbsError: 3.14653e-09
  Circuit: 	RelError: 1.55448e-04	AbsError: 4.60947e-09
Iteration: 7
  Device: "bjt"	RelError: 6.94818e-08	AbsError: 3.20782e+07
    Region: "bjt"	RelError: 6.94818e-08	AbsError: 3.20782e+07
      Equation: "ElectronContinuityEquation"	RelError: 6.64663e-08	AbsError: 4.40508e+06
      Equation: "HoleContinuityEquation"	RelError: 2.91034e-09	AbsError: 2.76731e+07
      Equation: "PotentialEquation"	RelError: 1.05160e-10	AbsError: 2.60899e-11
  Circuit: 	RelError: 5.56338e-08	AbsError: 1.15238e-14
Iteration: 8
  Device: "bjt"	RelError: 3.53956e-11	AbsError: 1.31671e+04
    Region: "bjt"	RelError: 3.53956e-11	AbsError: 1.31671e+04
      Equation: "ElectronContinuityEquation"	RelError: 1.17207e-11	AbsError: 8.18750e+03
      Equation: "HoleContinuityEquation"	RelError: 2.36345e-11	AbsError: 4.97960e+03
      Equation: "PotentialEquation"	RelError: 4.03889e-14	AbsError: 7.88237e-15
  Circuit: 	RelError: 5.47258e-11	AbsError: 7.61650e-18
Succeeded
BIAS base 0.6
last end 6.000000e-01 1.000000e+00
number of equations 41337
Iteration: 0
  Device: "bjt"	RelError: 1.82323e+00	AbsError: 1.74645e+17
    Region: "bjt"	RelError: 1.82323e+00	AbsError: 1.74645e+17
      Equation: "ElectronContinuityEquation"	RelError: 7.94360e-01	AbsError: 9.48728e+16
      Equation: "HoleContinuityEquation"	RelError: 7.94362e-01	AbsError: 7.97727e+16
      Equation: "PotentialEquation"	RelError: 2.34513e-01	AbsError: 4.09542e-02
  Circuit: 	RelError: 7.92856e-01	AbsError: 1.00114e-01
Iteration: 1
  Device: "bjt"	RelError: 1.61677e+00	AbsError: 3.27964e+16
    Region: "bjt"	RelError: 1.61677e+00	AbsError: 3.27964e+16
      Equation: "ElectronContinuityEquation"	RelError: 6.94029e-01	AbsError: 1.89946e+16
      Equation: "HoleContinuityEquation"	RelError: 7.72936e-01	AbsError: 1.38019e+16
      Equation: "PotentialEquation"	RelError: 1.49808e-01	AbsError: 3.07851e-02
  Circuit: 	RelError: 9.46995e-01	AbsError: 3.25328e-04
Iteration: 2
  Device: "bjt"	RelError: 1.18801e+00	AbsError: 9.60606e+15
    Region: "bjt"	RelError: 1.18801e+00	AbsError: 9.60606e+15
      Equation: "ElectronContinuityEquation"	RelError: 5.49493e-01	AbsError: 4.08039e+15
      Equation: "HoleContinuityEquation"	RelError: 5.36553e-01	AbsError: 5.52567e+15
      Equation: "PotentialEquation"	RelError: 1.01966e-01	AbsError: 2.58994e-02
  Circuit: 	RelError: 9.40683e-01	AbsError: 4.31799e-04
Iteration: 3
  Device: "bjt"	RelError: 6.05294e-01	AbsError: 5.28810e+15
    Region: "bjt"	RelError: 6.05294e-01	AbsError: 5.28810e+15
      Equation: "ElectronContinuityEquation"	RelError: 3.15596e-01	AbsError: 1.33009e+15
      Equation: "HoleContinuityEquation"	RelError: 2.50430e-01	AbsError: 3.95801e+15
      Equation: "PotentialEquation"	RelError: 3.92690e-02	AbsError: 9.19073e-03
  Circuit: 	RelError: 6.06254e-01	AbsError: 3.23252e-04
Iteration: 4
  Device: "bjt"	RelError: 1.63955e-01	AbsError: 2.28490e+15
    Region: "bjt"	RelError: 1.63955e-01	AbsError: 2.28490e+15
      Equation: "ElectronContinuityEquation"	RelError: 1.17765e-01	AbsError: 4.11262e+14
      Equation: "HoleContinuityEquation"	RelError: 4.42122e-02	AbsError: 1.87364e+15
      Equation: "PotentialEquation"	RelError: 1.97696e-03	AbsError: 6.16690e-04
  Circuit: 	RelError: 2.20438e+02	AbsError: 6.68818e-04
Iteration: 5
  Device: "bjt"	RelError: 1.51078e-03	AbsError: 4.27794e+12
    Region: "bjt"	RelError: 1.51078e-03	AbsError: 4.27794e+12
      Equation: "ElectronContinuityEquation"	RelError: 1.16822e-03	AbsError: 1.14219e+12
      Equation: "HoleContinuityEquation"	RelError: 3.37009e-04	AbsError: 3.13575e+12
      Equation: "PotentialEquation"	RelError: 5.54684e-06	AbsError: 1.86203e-06
  Circuit: 	RelError: 1.36645e+00	AbsError: 1.01978e-05
Iteration: 6
  Device: "bjt"	RelError: 3.35350e-04	AbsError: 4.81520e+11
    Region: "bjt"	RelError: 3.35350e-04	AbsError: 4.81520e+11
      Equation: "ElectronContinuityEquation"	RelError: 3.31319e-04	AbsError: 2.58942e+11
      Equation: "HoleContinuityEquation"	RelError: 3.71973e-06	AbsError: 2.22578e+11
      Equation: "PotentialEquation"	RelError: 3.11946e-07	AbsError: 9.60211e-08
  Circuit: 	RelError: 6.87352e-04	AbsError: 2.02090e-07
Iteration: 7
  Device: "bjt"	RelError: 1.83750e-07	AbsError: 7.62031e+08
    Region: "bjt"	RelError: 1.83750e-07	AbsError: 7.62031e+08
      Equation: "ElectronContinuityEquation"	RelError: 1.60528e-07	AbsError: 1.97940e+08
      Equation: "HoleContinuityEquation"	RelError: 2.27487e-08	AbsError: 5.64091e+08
      Equation: "PotentialEquation"	RelError: 4.73554e-10	AbsError: 1.39330e-10
  Circuit: 	RelError: 1.03891e-06	AbsError: 6.96833e-12
Iteration: 8
  Device: "bjt"	RelError: 7.79535e-13	AbsError: 8.21064e+03
    Region: "bjt"	RelError: 7.79535e-13	AbsError: 8.21064e+03
      Equation: "ElectronContinuityEquation"	RelError: 2.96925e-13	AbsError: 8.13113e+03
      Equation: "HoleContinuityEquation"	RelError: 4.82373e-13	AbsError: 7.95087e+01
      Equation: "PotentialEquation"	RelError: 2.37551e-16	AbsError: 6.82220e-17
  Circuit: 	RelError: 3.96735e-12	AbsError: 2.69967e-17
Succeeded
BIAS base 0.7
last end 7.000000e-01 1.000000e+00
number of equations 41337
Iteration: 0
  Device: "bjt"	RelError: 1.73779e+00	AbsError: 1.86983e+17
    Region: "bjt"	RelError: 1.73779e+00	AbsError: 1.86983e+17
      Equation: "ElectronContinuityEquation"	RelError: 7.94305e-01	AbsError: 9.78465e+16
      Equation: "HoleContinuityEquation"	RelError: 7.94365e-01	AbsError: 8.91365e+16
      Equation: "PotentialEquation"	RelError: 1.49122e-01	AbsError: 4.09542e-02
  Circuit: 	RelError: 7.97988e-01	AbsError: 1.04918e-01
Iteration: 1
  Device: "bjt"	RelError: 1.56166e+00	AbsError: 5.65320e+16
    Region: "bjt"	RelError: 1.56166e+00	AbsError: 5.65320e+16
      Equation: "ElectronContinuityEquation"	RelError: 6.92627e-01	AbsError: 3.13852e+16
      Equation: "HoleContinuityEquation"	RelError: 7.68298e-01	AbsError: 2.51468e+16
      Equation: "PotentialEquation"	RelError: 1.00731e-01	AbsError: 3.07632e-02
  Circuit: 	RelError: 8.95235e-01	AbsError: 1.31554e-02
Iteration: 2
  Device: "bjt"	RelError: 1.14265e+00	AbsError: 3.05296e+16
    Region: "bjt"	RelError: 1.14265e+00	AbsError: 3.05296e+16
      Equation: "ElectronContinuityEquation"	RelError: 5.58832e-01	AbsError: 1.56267e+16
      Equation: "HoleContinuityEquation"	RelError: 5.10344e-01	AbsError: 1.49029e+16
      Equation: "PotentialEquation"	RelError: 7.34779e-02	AbsError: 2.58947e-02
  Circuit: 	RelError: 9.53679e-01	AbsError: 2.01170e-02
Iteration: 3
  Device: "bjt"	RelError: 5.83274e-01	AbsError: 1.87352e+16
    Region: "bjt"	RelError: 5.83274e-01	AbsError: 1.87352e+16
      Equation: "ElectronContinuityEquation"	RelError: 3.12981e-01	AbsError: 6.70818e+15
      Equation: "HoleContinuityEquation"	RelError: 2.42826e-01	AbsError: 1.20271e+16
      Equation: "PotentialEquation"	RelError: 2.74673e-02	AbsError: 9.16533e-03
  Circuit: 	RelError: 4.22464e-01	AbsError: 1.24986e-02
Iteration: 4
  Device: "bjt"	RelError: 1.40907e-01	AbsError: 3.87861e+15
    Region: "bjt"	RelError: 1.40907e-01	AbsError: 3.87861e+15
      Equation: "ElectronContinuityEquation"	RelError: 9.82887e-02	AbsError: 1.65798e+15
      Equation: "HoleContinuityEquation"	RelError: 4.07321e-02	AbsError: 2.22063e+15
      Equation: "PotentialEquation"	RelError: 1.88601e-03	AbsError: 7.17200e-04
  Circuit: 	RelError: 4.53496e+01	AbsError: 1.67691e-02
Iteration: 5
  Device: "bjt"	RelError: 1.23322e-03	AbsError: 3.20986e+13
    Region: "bjt"	RelError: 1.23322e-03	AbsError: 3.20986e+13
      Equation: "ElectronContinuityEquation"	RelError: 9.53977e-04	AbsError: 1.79953e+13
      Equation: "HoleContinuityEquation"	RelError: 2.66728e-04	AbsError: 1.41033e+13
      Equation: "PotentialEquation"	RelError: 1.25187e-05	AbsError: 4.83518e-06
  Circuit: 	RelError: 2.87381e-01	AbsError: 1.17530e-04
Iteration: 6
  Device: "bjt"	RelError: 1.20382e-04	AbsError: 3.78527e+12
    Region: "bjt"	RelError: 1.20382e-04	AbsError: 3.78527e+12
      Equation: "ElectronContinuityEquation"	RelError: 1.10889e-04	AbsError: 1.98262e+12
      Equation: "HoleContinuityEquation"	RelError: 8.87796e-06	AbsError: 1.80265e+12
      Equation: "PotentialEquation"	RelError: 6.15072e-07	AbsError: 2.27736e-07
  Circuit: 	RelError: 3.21296e-04	AbsError: 4.22450e-07
Iteration: 7
  Device: "bjt"	RelError: 5.17835e-07	AbsError: 1.59924e+10
    Region: "bjt"	RelError: 5.17835e-07	AbsError: 1.59924e+10
      Equation: "ElectronContinuityEquation"	RelError: 4.20119e-07	AbsError: 8.38371e+09
      Equation: "HoleContinuityEquation"	RelError: 9.48385e-08	AbsError: 7.60864e+09
      Equation: "PotentialEquation"	RelError: 2.87755e-09	AbsError: 1.06859e-09
  Circuit: 	RelError: 4.16435e-07	AbsError: 1.47779e-10
Iteration: 8
  Device: "bjt"	RelError: 2.74103e-14	AbsError: 8.28742e+03
    Region: "bjt"	RelError: 2.74103e-14	AbsError: 8.28742e+03
      Equation: "ElectronContinuityEquation"	RelError: 1.42019e-14	AbsError: 8.18858e+03
      Equation: "HoleContinuityEquation"	RelError: 1.30500e-14	AbsError: 9.88419e+01
      Equation: "PotentialEquation"	RelError: 1.58416e-16	AbsError: 7.10491e-17
  Circuit: 	RelError: 9.60983e-14	AbsError: 3.66755e-17
Succeeded
BIAS base 0.8
last end 8.000000e-01 1.000000e+00
number of equations 41337
Iteration: 0
  Device: "bjt"	RelError: 1.69655e+00	AbsError: 3.12726e+17
    Region: "bjt"	RelError: 1.69655e+00	AbsError: 3.12726e+17
      Equation: "ElectronContinuityEquation"	RelError: 7.92940e-01	AbsError: 1.57153e+17
      Equation: "HoleContinuityEquation"	RelError: 7.94296e-01	AbsError: 1.55573e+17
      Equation: "PotentialEquation"	RelError: 1.09318e-01	AbsError: 4.09542e-02
  Circuit: 	RelError: 8.01268e-01	AbsError: 3.16415e-01
Iteration: 1
  Device: "bjt"	RelError: 1.51623e+00	AbsError: 2.76213e+17
    Region: "bjt"	RelError: 1.51623e+00	AbsError: 2.76213e+17
      Equation: "ElectronContinuityEquation"	RelError: 6.81600e-01	AbsError: 1.35684e+17
      Equation: "HoleContinuityEquation"	RelError: 7.58748e-01	AbsError: 1.40529e+17
      Equation: "PotentialEquation"	RelError: 7.58839e-02	AbsError: 3.07632e-02
  Circuit: 	RelError: 1.02416e+00	AbsError: 6.57091e-01
Iteration: 2
  Device: "bjt"	RelError: 1.04914e+00	AbsError: 2.17120e+17
    Region: "bjt"	RelError: 1.04914e+00	AbsError: 2.17120e+17
      Equation: "ElectronContinuityEquation"	RelError: 4.86979e-01	AbsError: 1.03355e+17
      Equation: "HoleContinuityEquation"	RelError: 5.02048e-01	AbsError: 1.13765e+17
      Equation: "PotentialEquation"	RelError: 6.01163e-02	AbsError: 2.58873e-02
  Circuit: 	RelError: 1.49922e+00	AbsError: 7.66704e-01
Iteration: 3
  Device: "bjt"	RelError: 4.71767e-01	AbsError: 8.63959e+16
    Region: "bjt"	RelError: 4.71767e-01	AbsError: 8.63959e+16
      Equation: "ElectronContinuityEquation"	RelError: 2.45895e-01	AbsError: 4.33588e+16
      Equation: "HoleContinuityEquation"	RelError: 2.04738e-01	AbsError: 4.30371e+16
      Equation: "PotentialEquation"	RelError: 2.11338e-02	AbsError: 9.16533e-03
  Circuit: 	RelError: 2.30456e+02	AbsError: 5.81206e-01
Iteration: 4
  Device: "bjt"	RelError: 5.24108e-02	AbsError: 8.55483e+15
    Region: "bjt"	RelError: 5.24108e-02	AbsError: 8.55483e+15
      Equation: "ElectronContinuityEquation"	RelError: 3.99671e-02	AbsError: 4.28171e+15
      Equation: "HoleContinuityEquation"	RelError: 1.16328e-02	AbsError: 4.27312e+15
      Equation: "PotentialEquation"	RelError: 8.10972e-04	AbsError: 3.48548e-04
  Circuit: 	RelError: 1.03136e+00	AbsError: 8.64404e-02
Iteration: 5
  Device: "bjt"	RelError: 2.26272e-04	AbsError: 7.61983e+13
    Region: "bjt"	RelError: 2.26272e-04	AbsError: 7.61983e+13
      Equation: "ElectronContinuityEquation"	RelError: 1.42404e-04	AbsError: 3.82174e+13
      Equation: "HoleContinuityEquation"	RelError: 7.87597e-05	AbsError: 3.79810e+13
      Equation: "PotentialEquation"	RelError: 5.10817e-06	AbsError: 2.28256e-06
  Circuit: 	RelError: 6.71620e-03	AbsError: 2.86689e-04
Iteration: 6
  Device: "bjt"	RelError: 7.75129e-07	AbsError: 3.02348e+11
    Region: "bjt"	RelError: 7.75129e-07	AbsError: 3.02348e+11
      Equation: "ElectronContinuityEquation"	RelError: 4.66973e-07	AbsError: 1.70822e+11
      Equation: "HoleContinuityEquation"	RelError: 2.90790e-07	AbsError: 1.31526e+11
      Equation: "PotentialEquation"	RelError: 1.73658e-08	AbsError: 7.75188e-09
  Circuit: 	RelError: 1.31995e-04	AbsError: 2.69924e-06
Iteration: 7
  Device: "bjt"	RelError: 5.41166e-10	AbsError: 2.12417e+08
    Region: "bjt"	RelError: 5.41166e-10	AbsError: 2.12417e+08
      Equation: "ElectronContinuityEquation"	RelError: 3.12264e-10	AbsError: 1.14170e+08
      Equation: "HoleContinuityEquation"	RelError: 2.16356e-10	AbsError: 9.82474e+07
      Equation: "PotentialEquation"	RelError: 1.25458e-11	AbsError: 5.60025e-12
  Circuit: 	RelError: 2.03546e-09	AbsError: 4.16040e-11
Iteration: 8
  Device: "bjt"	RelError: 1.73519e-15	AbsError: 8.32530e+03
    Region: "bjt"	RelError: 1.73519e-15	AbsError: 8.32530e+03
      Equation: "ElectronContinuityEquation"	RelError: 4.22527e-16	AbsError: 8.19173e+03
      Equation: "HoleContinuityEquation"	RelError: 1.19182e-15	AbsError: 1.33566e+02
      Equation: "PotentialEquation"	RelError: 1.20844e-16	AbsError: 6.37637e-17
  Circuit: 	RelError: 3.37019e-14	AbsError: 1.30591e-15
Succeeded
BIAS base 0.9
last end 9.000000e-01 1.000000e+00
number of equations 41337
Iteration: 0
  Device: "bjt"	RelError: 1.64493e+00	AbsError: 1.59608e+18
    Region: "bjt"	RelError: 1.64493e+00	AbsError: 1.59608e+18
      Equation: "ElectronContinuityEquation"	RelError: 7.65617e-01	AbsError: 7.97403e+17
      Equation: "HoleContinuityEquation"	RelError: 7.93027e-01	AbsError: 7.98677e+17
      Equation: "PotentialEquation"	RelError: 8.62857e-02	AbsError: 4.09542e-02
  Circuit: 	RelError: 7.97951e-01	AbsError: 7.18628e+00
Iteration: 1
  Device: "bjt"	RelError: 1.37646e+00	AbsError: 1.83457e+18
    Region: "bjt"	RelError: 1.37646e+00	AbsError: 1.83457e+18
      Equation: "ElectronContinuityEquation"	RelError: 5.60736e-01	AbsError: 9.15175e+17
      Equation: "HoleContinuityEquation"	RelError: 7.54856e-01	AbsError: 9.19395e+17
      Equation: "PotentialEquation"	RelError: 6.08693e-02	AbsError: 3.07632e-02
  Circuit: 	RelError: 6.69762e-01	AbsError: 1.28988e+01
Iteration: 2
  Device: "bjt"	RelError: 7.64663e-01	AbsError: 1.06250e+18
    Region: "bjt"	RelError: 7.64663e-01	AbsError: 1.06250e+18
      Equation: "ElectronContinuityEquation"	RelError: 2.47502e-01	AbsError: 5.30103e+17
      Equation: "HoleContinuityEquation"	RelError: 4.72657e-01	AbsError: 5.32394e+17
      Equation: "PotentialEquation"	RelError: 4.45039e-02	AbsError: 2.34217e-02
  Circuit: 	RelError: 4.71659e-01	AbsError: 9.30640e+00
Iteration: 3
  Device: "bjt"	RelError: 2.00694e-01	AbsError: 2.41202e+17
    Region: "bjt"	RelError: 2.00694e-01	AbsError: 2.41202e+17
      Equation: "ElectronContinuityEquation"	RelError: 6.52585e-02	AbsError: 1.20537e+17
      Equation: "HoleContinuityEquation"	RelError: 1.18261e-01	AbsError: 1.20665e+17
      Equation: "PotentialEquation"	RelError: 1.71738e-02	AbsError: 9.16533e-03
  Circuit: 	RelError: 1.43118e-01	AbsError: 2.74298e+00
Iteration: 4
  Device: "bjt"	RelError: 2.16118e-02	AbsError: 1.41673e+16
    Region: "bjt"	RelError: 2.16118e-02	AbsError: 1.41673e+16
      Equation: "ElectronContinuityEquation"	RelError: 1.63525e-02	AbsError: 7.08478e+15
      Equation: "HoleContinuityEquation"	RelError: 5.04242e-03	AbsError: 7.08253e+15
      Equation: "PotentialEquation"	RelError: 2.16850e-04	AbsError: 1.13058e-04
  Circuit: 	RelError: 2.34879e-03	AbsError: 1.62819e-02
Iteration: 5
  Device: "bjt"	RelError: 3.64143e-05	AbsError: 1.93283e+13
    Region: "bjt"	RelError: 3.64143e-05	AbsError: 1.93283e+13
      Equation: "ElectronContinuityEquation"	RelError: 2.75876e-05	AbsError: 9.67271e+12
      Equation: "HoleContinuityEquation"	RelError: 7.88805e-06	AbsError: 9.65563e+12
      Equation: "PotentialEquation"	RelError: 9.38619e-07	AbsError: 4.89363e-07
  Circuit: 	RelError: 2.28235e-05	AbsError: 8.72962e-05
Iteration: 6
  Device: "bjt"	RelError: 9.83526e-10	AbsError: 2.09747e+09
    Region: "bjt"	RelError: 9.83526e-10	AbsError: 2.09747e+09
      Equation: "ElectronContinuityEquation"	RelError: 4.54357e-10	AbsError: 1.07321e+09
      Equation: "HoleContinuityEquation"	RelError: 5.01755e-10	AbsError: 1.02426e+09
      Equation: "PotentialEquation"	RelError: 2.74143e-11	AbsError: 1.35611e-11
  Circuit: 	RelError: 6.91937e-10	AbsError: 4.67119e-10
Iteration: 7
  Device: "bjt"	RelError: 1.11958e-15	AbsError: 9.08806e+03
    Region: "bjt"	RelError: 1.11958e-15	AbsError: 9.08806e+03
      Equation: "ElectronContinuityEquation"	RelError: 3.38573e-16	AbsError: 8.19440e+03
      Equation: "HoleContinuityEquation"	RelError: 6.63902e-16	AbsError: 8.93661e+02
      Equation: "PotentialEquation"	RelError: 1.17101e-16	AbsError: 6.11394e-17
  Circuit: 	RelError: 1.32463e-15	AbsError: 1.98704e-14
Succeeded
BIAS base 1
HEADER: V(base) V(collector) V(emitter) I(base) I(collector) I(emitter)
last end 0.000000e+00 1.500000e+00
number of equations 41337
Iteration: 0
  Device: "bjt"	RelError: 5.06670e+03	AbsError: 6.88719e+18
    Region: "bjt"	RelError: 5.06670e+03	AbsError: 6.88719e+18
      Equation: "ElectronContinuityEquation"	RelError: 1.12563e+03	AbsError: 4.09284e+18
      Equation: "HoleContinuityEquation"	RelError: 3.94099e+03	AbsError: 2.79435e+18
      Equation: "PotentialEquation"	RelError: 6.92081e-02	AbsError: 4.09542e-02
  Circuit: 	RelError: 1.80366e+00	AbsError: 2.15958e+02
Iteration: 1
  Device: "bjt"	RelError: 2.17072e+00	AbsError: 5.20998e+18
    Region: "bjt"	RelError: 2.17072e+00	AbsError: 5.20998e+18
      Equation: "ElectronContinuityEquation"	RelError: 9.98846e-01	AbsError: 3.17692e+18
      Equation: "HoleContinuityEquation"	RelError: 9.99644e-01	AbsError: 2.03306e+18
      Equation: "PotentialEquation"	RelError: 1.72231e-01	AbsError: 7.61404e-02
  Circuit: 	RelError: 9.69193e+00	AbsError: 1.65289e+02
Iteration: 2
  Device: "bjt"	RelError: 1.11203e+04	AbsError: 2.41129e+18
    Region: "bjt"	RelError: 1.11203e+04	AbsError: 2.41129e+18
      Equation: "ElectronContinuityEquation"	RelError: 9.99000e+02	AbsError: 1.21403e+18
      Equation: "HoleContinuityEquation"	RelError: 1.01213e+04	AbsError: 1.19726e+18
      Equation: "PotentialEquation"	RelError: 5.65140e-02	AbsError: 2.74949e-02
  Circuit: 	RelError: 3.66438e+00	AbsError: 6.06841e+01
Iteration: 3
  Device: "bjt"	RelError: 2.22930e+00	AbsError: 1.14959e+18
    Region: "bjt"	RelError: 2.22930e+00	AbsError: 1.14959e+18
      Equation: "ElectronContinuityEquation"	RelError: 1.07959e+00	AbsError: 3.68817e+17
      Equation: "HoleContinuityEquation"	RelError: 1.05708e+00	AbsError: 7.80772e+17
      Equation: "PotentialEquation"	RelError: 9.26339e-02	AbsError: 4.88061e-02
  Circuit: 	RelError: 5.08539e+00	AbsError: 8.59324e+00
Iteration: 4
  Device: "bjt"	RelError: 2.51857e+00	AbsError: 2.55522e+17
    Region: "bjt"	RelError: 2.51857e+00	AbsError: 2.55522e+17
      Equation: "ElectronContinuityEquation"	RelError: 1.32952e+00	AbsError: 1.27629e+17
      Equation: "HoleContinuityEquation"	RelError: 1.14426e+00	AbsError: 1.27893e+17
      Equation: "PotentialEquation"	RelError: 4.47888e-02	AbsError: 2.47279e-02
  Circuit: 	RelError: 4.06145e-01	AbsError: 6.93116e+00
Iteration: 5
  Device: "bjt"	RelError: 2.97271e-01	AbsError: 4.70116e+16
    Region: "bjt"	RelError: 2.97271e-01	AbsError: 4.70116e+16
      Equation: "ElectronContinuityEquation"	RelError: 2.21179e-01	AbsError: 2.35382e+16
      Equation: "HoleContinuityEquation"	RelError: 7.22250e-02	AbsError: 2.34733e+16
      Equation: "PotentialEquation"	RelError: 3.86731e-03	AbsError: 2.12692e-03
  Circuit: 	RelError: 8.89665e-03	AbsError: 5.64352e-01
Iteration: 6
  Device: "bjt"	RelError: 7.71745e-03	AbsError: 1.79364e+15
    Region: "bjt"	RelError: 7.71745e-03	AbsError: 1.79364e+15
      Equation: "ElectronContinuityEquation"	RelError: 4.64254e-03	AbsError: 9.04065e+14
      Equation: "HoleContinuityEquation"	RelError: 2.94522e-03	AbsError: 8.89580e+14
      Equation: "PotentialEquation"	RelError: 1.29688e-04	AbsError: 7.09796e-05
  Circuit: 	RelError: 6.20170e-04	AbsError: 5.33164e-03
Iteration: 7
  Device: "bjt"	RelError: 2.43381e-05	AbsError: 7.05436e+12
    Region: "bjt"	RelError: 2.43381e-05	AbsError: 7.05436e+12
      Equation: "ElectronContinuityEquation"	RelError: 7.23498e-06	AbsError: 3.77187e+12
      Equation: "HoleContinuityEquation"	RelError: 1.66372e-05	AbsError: 3.28248e+12
      Equation: "PotentialEquation"	RelError: 4.65960e-07	AbsError: 2.58938e-07
  Circuit: 	RelError: 3.63895e-07	AbsError: 1.14084e-05
Iteration: 8
  Device: "bjt"	RelError: 2.78718e-08	AbsError: 6.59866e+09
    Region: "bjt"	RelError: 2.78718e-08	AbsError: 6.59866e+09
      Equation: "ElectronContinuityEquation"	RelError: 2.54785e-09	AbsError: 3.27740e+09
      Equation: "HoleContinuityEquation"	RelError: 2.52101e-08	AbsError: 3.32126e+09
      Equation: "PotentialEquation"	RelError: 1.13832e-10	AbsError: 6.59180e-11
  Circuit: 	RelError: 2.98590e-12	AbsError: 1.84135e-10
Iteration: 9
  Device: "bjt"	RelError: 2.27734e-15	AbsError: 8.62839e+03
    Region: "bjt"	RelError: 2.27734e-15	AbsError: 8.62839e+03
      Equation: "ElectronContinuityEquation"	RelError: 4.26656e-16	AbsError: 8.18829e+03
      Equation: "HoleContinuityEquation"	RelError: 1.73258e-15	AbsError: 4.40098e+02
      Equation: "PotentialEquation"	RelError: 1.18100e-16	AbsError: 6.90529e-17
  Circuit: 	RelError: 3.60173e-16	AbsError: 1.41662e-14
Succeeded
CURVE: 1 0.1 3.65324836325954e-33 1.22988630345797 30.8300227398819 -32.0599090433399
last end 1.000000e-01 1.500000e+00
number of equations 41337
Iteration: 0
  Device: "bjt"	RelError: 9.76160e+03	AbsError: 1.37467e+18
    Region: "bjt"	RelError: 9.76160e+03	AbsError: 1.37467e+18
      Equation: "ElectronContinuityEquation"	RelError: 5.54848e+03	AbsError: 6.89331e+17
      Equation: "HoleContinuityEquation"	RelError: 4.21306e+03	AbsError: 6.85337e+17
      Equation: "PotentialEquation"	RelError: 6.43001e-02	AbsError: 4.09542e-02
  Circuit: 	RelError: 1.53320e+00	AbsError: 2.04662e+01
Iteration: 1
  Device: "bjt"	RelError: 2.31715e+00	AbsError: 1.20709e+18
    Region: "bjt"	RelError: 2.31715e+00	AbsError: 1.20709e+18
      Equation: "ElectronContinuityEquation"	RelError: 9.99780e-01	AbsError: 5.77467e+17
      Equation: "HoleContinuityEquation"	RelError: 9.99720e-01	AbsError: 6.29627e+17
      Equation: "PotentialEquation"	RelError: 3.17650e-01	AbsError: 1.33636e-01
  Circuit: 	RelError: 5.96766e+00	AbsError: 1.65790e+01
Iteration: 2
  Device: "bjt"	RelError: 9.08777e+03	AbsError: 8.92050e+17
    Region: "bjt"	RelError: 9.08777e+03	AbsError: 8.92050e+17
      Equation: "ElectronContinuityEquation"	RelError: 5.62372e+03	AbsError: 4.45579e+17
      Equation: "HoleContinuityEquation"	RelError: 3.46395e+03	AbsError: 4.46471e+17
      Equation: "PotentialEquation"	RelError: 9.00787e-02	AbsError: 4.16425e-02
  Circuit: 	RelError: 1.77154e+01	AbsError: 2.37358e+01
Iteration: 3
  Device: "bjt"	RelError: 7.98650e+03	AbsError: 4.49062e+17
    Region: "bjt"	RelError: 7.98650e+03	AbsError: 4.49062e+17
      Equation: "ElectronContinuityEquation"	RelError: 6.84248e+03	AbsError: 2.37255e+17
      Equation: "HoleContinuityEquation"	RelError: 1.14382e+03	AbsError: 2.11806e+17
      Equation: "PotentialEquation"	RelError: 1.97773e-01	AbsError: 9.91570e-02
  Circuit: 	RelError: 8.91694e-01	AbsError: 2.92244e+00
Iteration: 4
  Device: "bjt"	RelError: 2.00954e+03	AbsError: 5.82600e+18
    Region: "bjt"	RelError: 2.00954e+03	AbsError: 5.82600e+18
      Equation: "ElectronContinuityEquation"	RelError: 9.99000e+02	AbsError: 2.37195e+18
      Equation: "HoleContinuityEquation"	RelError: 1.00991e+03	AbsError: 3.45405e+18
      Equation: "PotentialEquation"	RelError: 6.35764e-01	AbsError: 2.30560e-01
  Circuit: 	RelError: 2.79243e-01	AbsError: 2.24486e+00
Iteration: 5
  Device: "bjt"	RelError: 2.25619e+03	AbsError: 6.14107e+18
    Region: "bjt"	RelError: 2.25619e+03	AbsError: 6.14107e+18
      Equation: "ElectronContinuityEquation"	RelError: 1.25427e+03	AbsError: 2.69048e+18
      Equation: "HoleContinuityEquation"	RelError: 9.99000e+02	AbsError: 3.45059e+18
      Equation: "PotentialEquation"	RelError: 2.91383e+00	AbsError: 2.66071e-01
  Circuit: 	RelError: 3.14563e+00	AbsError: 5.97363e+01
Iteration: 6
  Device: "bjt"	RelError: 2.04082e+03	AbsError: 6.42142e+18
    Region: "bjt"	RelError: 2.04082e+03	AbsError: 6.42142e+18
      Equation: "ElectronContinuityEquation"	RelError: 9.99000e+02	AbsError: 3.80810e+18
      Equation: "HoleContinuityEquation"	RelError: 9.99000e+02	AbsError: 2.61333e+18
      Equation: "PotentialEquation"	RelError: 4.28231e+01	AbsError: 2.19923e-01
  Circuit: 	RelError: 3.01082e+00	AbsError: 2.60356e+01
Iteration: 7
  Device: "bjt"	RelError: 2.33463e+03	AbsError: 3.30887e+19
    Region: "bjt"	RelError: 2.33463e+03	AbsError: 3.30887e+19
      Equation: "ElectronContinuityEquation"	RelError: 1.14851e+03	AbsError: 2.27754e+19
      Equation: "HoleContinuityEquation"	RelError: 9.99000e+02	AbsError: 1.03134e+19
      Equation: "PotentialEquation"	RelError: 1.87121e+02	AbsError: 2.44017e-01
  Circuit: 	RelError: 8.22988e+00	AbsError: 6.30069e+01
Iteration: 8
  Device: "bjt"	RelError: 2.74009e+03	AbsError: 2.39125e+20
    Region: "bjt"	RelError: 2.74009e+03	AbsError: 2.39125e+20
      Equation: "ElectronContinuityEquation"	RelError: 9.99000e+02	AbsError: 1.12999e+20
      Equation: "HoleContinuityEquation"	RelError: 9.99000e+02	AbsError: 1.26126e+20
      Equation: "PotentialEquation"	RelError: 7.42095e+02	AbsError: 3.09012e-01
  Circuit: 	RelError: 1.80488e+00	AbsError: 1.13920e+02
Iteration: 9
  Device: "bjt"	RelError: 6.09894e+04	AbsError: 2.39036e+20
    Region: "bjt"	RelError: 6.09894e+04	AbsError: 2.39036e+20
      Equation: "ElectronContinuityEquation"	RelError: 5.67248e+04	AbsError: 1.12886e+20
      Equation: "HoleContinuityEquation"	RelError: 4.17084e+03	AbsError: 1.26150e+20
      Equation: "PotentialEquation"	RelError: 9.37509e+01	AbsError: 2.56201e-01
  Circuit: 	RelError: 1.20406e+01	AbsError: 1.16347e+02
setting new step size 5.000000e-02
last end 1.000000e-01 1.500000e+00
number of equations 41337
Iteration: 0
  Device: "bjt"	RelError: 1.70062e+04	AbsError: 7.85359e+17
    Region: "bjt"	RelError: 1.70062e+04	AbsError: 7.85359e+17
      Equation: "ElectronContinuityEquation"	RelError: 5.64251e+03	AbsError: 3.92360e+17
      Equation: "HoleContinuityEquation"	RelError: 1.13637e+04	AbsError: 3.92998e+17
      Equation: "PotentialEquation"	RelError: 4.54784e-02	AbsError: 2.78470e-02
  Circuit: 	RelError: 3.28452e+00	AbsError: 1.02331e+01
Iteration: 1
  Device: "bjt"	RelError: 2.06852e+00	AbsError: 8.08577e+17
    Region: "bjt"	RelError: 2.06852e+00	AbsError: 8.08577e+17
      Equation: "ElectronContinuityEquation"	RelError: 9.99734e-01	AbsError: 3.91980e+17
      Equation: "HoleContinuityEquation"	RelError: 9.99873e-01	AbsError: 4.16597e+17
      Equation: "PotentialEquation"	RelError: 6.89149e-02	AbsError: 3.70995e-02
  Circuit: 	RelError: 1.87632e+00	AbsError: 2.30540e+00
Iteration: 2
  Device: "bjt"	RelError: 2.12633e+03	AbsError: 5.02589e+17
    Region: "bjt"	RelError: 2.12633e+03	AbsError: 5.02589e+17
      Equation: "ElectronContinuityEquation"	RelError: 2.11639e+03	AbsError: 2.58353e+17
      Equation: "HoleContinuityEquation"	RelError: 9.89035e+00	AbsError: 2.44237e+17
      Equation: "PotentialEquation"	RelError: 4.56250e-02	AbsError: 2.57404e-02
  Circuit: 	RelError: 3.53551e+00	AbsError: 5.25532e+00
Iteration: 3
  Device: "bjt"	RelError: 1.53637e+00	AbsError: 8.37792e+16
    Region: "bjt"	RelError: 1.53637e+00	AbsError: 8.37792e+16
      Equation: "ElectronContinuityEquation"	RelError: 9.98760e-01	AbsError: 4.13587e+16
      Equation: "HoleContinuityEquation"	RelError: 5.13690e-01	AbsError: 4.24206e+16
      Equation: "PotentialEquation"	RelError: 2.39244e-02	AbsError: 1.38186e-02
  Circuit: 	RelError: 5.88492e-01	AbsError: 1.62256e+00
Iteration: 4
  Device: "bjt"	RelError: 1.15427e-01	AbsError: 1.08821e+16
    Region: "bjt"	RelError: 1.15427e-01	AbsError: 1.08821e+16
      Equation: "ElectronContinuityEquation"	RelError: 3.73511e-02	AbsError: 5.50125e+15
      Equation: "HoleContinuityEquation"	RelError: 7.45210e-02	AbsError: 5.38088e+15
      Equation: "PotentialEquation"	RelError: 3.55513e-03	AbsError: 2.04663e-03
  Circuit: 	RelError: 2.42365e-03	AbsError: 1.89258e-02
Iteration: 5
  Device: "bjt"	RelError: 3.23694e-03	AbsError: 2.42343e+14
    Region: "bjt"	RelError: 3.23694e-03	AbsError: 2.42343e+14
      Equation: "ElectronContinuityEquation"	RelError: 2.27934e-03	AbsError: 1.21725e+14
      Equation: "HoleContinuityEquation"	RelError: 8.86661e-04	AbsError: 1.20618e+14
      Equation: "PotentialEquation"	RelError: 7.09393e-05	AbsError: 4.08354e-05
  Circuit: 	RelError: 1.01360e-03	AbsError: 2.13097e-03
Iteration: 6
  Device: "bjt"	RelError: 1.79590e-05	AbsError: 2.29518e+12
    Region: "bjt"	RelError: 1.79590e-05	AbsError: 2.29518e+12
      Equation: "ElectronContinuityEquation"	RelError: 7.01924e-06	AbsError: 1.18571e+12
      Equation: "HoleContinuityEquation"	RelError: 1.05734e-05	AbsError: 1.10947e+12
      Equation: "PotentialEquation"	RelError: 3.66359e-07	AbsError: 2.11175e-07
  Circuit: 	RelError: 5.01404e-07	AbsError: 5.99900e-07
Iteration: 7
  Device: "bjt"	RelError: 7.66874e-09	AbsError: 1.05774e+09
    Region: "bjt"	RelError: 7.66874e-09	AbsError: 1.05774e+09
      Equation: "ElectronContinuityEquation"	RelError: 1.98030e-09	AbsError: 5.09052e+08
      Equation: "HoleContinuityEquation"	RelError: 5.60107e-09	AbsError: 5.48690e+08
      Equation: "PotentialEquation"	RelError: 8.73707e-11	AbsError: 5.13105e-11
  Circuit: 	RelError: 2.76878e-13	AbsError: 1.37418e-11
Iteration: 8
  Device: "bjt"	RelError: 2.49885e-15	AbsError: 8.83874e+03
    Region: "bjt"	RelError: 2.49885e-15	AbsError: 8.83874e+03
      Equation: "ElectronContinuityEquation"	RelError: 3.62239e-16	AbsError: 8.15525e+03
      Equation: "HoleContinuityEquation"	RelError: 2.00978e-15	AbsError: 6.83491e+02
      Equation: "PotentialEquation"	RelError: 1.26840e-16	AbsError: 7.94123e-17
  Circuit: 	RelError: 1.97949e-16	AbsError: 1.13178e-14
Succeeded
CURVE: 1 0.15 -8.24538757440785e-33 0.330292319527763 32.9613889547806 -33.2916812743084
last end 1.500000e-01 1.500000e+00
number of equations 41337
Iteration: 0
  Device: "bjt"	RelError: 3.64434e+04	AbsError: 3.04313e+17
    Region: "bjt"	RelError: 3.64434e+04	AbsError: 3.04313e+17
      Equation: "ElectronContinuityEquation"	RelError: 2.41378e+04	AbsError: 1.52008e+17
      Equation: "HoleContinuityEquation"	RelError: 1.23056e+04	AbsError: 1.52305e+17
      Equation: "PotentialEquation"	RelError: 4.39295e-02	AbsError: 2.78621e-02
  Circuit: 	RelError: 1.20635e+01	AbsError: 7.70293e-01
Iteration: 1
  Device: "bjt"	RelError: 2.08561e+00	AbsError: 3.99298e+17
    Region: "bjt"	RelError: 2.08561e+00	AbsError: 3.99298e+17
      Equation: "ElectronContinuityEquation"	RelError: 9.99955e-01	AbsError: 1.98150e+17
      Equation: "HoleContinuityEquation"	RelError: 9.99923e-01	AbsError: 2.01148e+17
      Equation: "PotentialEquation"	RelError: 8.57318e-02	AbsError: 4.74980e-02
  Circuit: 	RelError: 1.13333e+00	AbsError: 4.19423e+00
Iteration: 2
  Device: "bjt"	RelError: 3.16013e+03	AbsError: 2.57225e+17
    Region: "bjt"	RelError: 3.16013e+03	AbsError: 2.57225e+17
      Equation: "ElectronContinuityEquation"	RelError: 3.15218e+03	AbsError: 1.28461e+17
      Equation: "HoleContinuityEquation"	RelError: 7.90748e+00	AbsError: 1.28764e+17
      Equation: "PotentialEquation"	RelError: 4.43184e-02	AbsError: 2.58987e-02
  Circuit: 	RelError: 1.12954e+00	AbsError: 4.43896e+00
Iteration: 3
  Device: "bjt"	RelError: 1.67353e+00	AbsError: 4.33399e+16
    Region: "bjt"	RelError: 1.67353e+00	AbsError: 4.33399e+16
      Equation: "ElectronContinuityEquation"	RelError: 9.99322e-01	AbsError: 2.03041e+16
      Equation: "HoleContinuityEquation"	RelError: 6.31964e-01	AbsError: 2.30358e+16
      Equation: "PotentialEquation"	RelError: 4.22440e-02	AbsError: 2.56408e-02
  Circuit: 	RelError: 3.19303e-01	AbsError: 5.11650e-01
Iteration: 4
  Device: "bjt"	RelError: 3.54154e-01	AbsError: 1.43196e+16
    Region: "bjt"	RelError: 3.54154e-01	AbsError: 1.43196e+16
      Equation: "ElectronContinuityEquation"	RelError: 1.46179e-01	AbsError: 7.14996e+15
      Equation: "HoleContinuityEquation"	RelError: 1.92511e-01	AbsError: 7.16968e+15
      Equation: "PotentialEquation"	RelError: 1.54630e-02	AbsError: 9.32790e-03
  Circuit: 	RelError: 8.89603e-03	AbsError: 4.15978e-02
Iteration: 5
  Device: "bjt"	RelError: 8.79084e-02	AbsError: 5.04213e+15
    Region: "bjt"	RelError: 8.79084e-02	AbsError: 5.04213e+15
      Equation: "ElectronContinuityEquation"	RelError: 5.36676e-02	AbsError: 3.19111e+15
      Equation: "HoleContinuityEquation"	RelError: 3.20074e-02	AbsError: 1.85102e+15
      Equation: "PotentialEquation"	RelError: 2.23343e-03	AbsError: 1.34492e-03
  Circuit: 	RelError: 1.20312e-04	AbsError: 2.94787e-04
Iteration: 6
  Device: "bjt"	RelError: 6.90346e-03	AbsError: 2.75293e+14
    Region: "bjt"	RelError: 6.90346e-03	AbsError: 2.75293e+14
      Equation: "ElectronContinuityEquation"	RelError: 4.68992e-03	AbsError: 1.54028e+14
      Equation: "HoleContinuityEquation"	RelError: 2.14473e-03	AbsError: 1.21264e+14
      Equation: "PotentialEquation"	RelError: 6.88104e-05	AbsError: 4.14293e-05
  Circuit: 	RelError: 7.76754e-05	AbsError: 2.53388e-05
Iteration: 7
  Device: "bjt"	RelError: 7.08682e-06	AbsError: 2.92944e+11
    Region: "bjt"	RelError: 7.08682e-06	AbsError: 2.92944e+11
      Equation: "ElectronContinuityEquation"	RelError: 5.95240e-06	AbsError: 1.52614e+11
      Equation: "HoleContinuityEquation"	RelError: 1.04788e-06	AbsError: 1.40330e+11
      Equation: "PotentialEquation"	RelError: 8.65441e-08	AbsError: 5.21084e-08
  Circuit: 	RelError: 5.75262e-08	AbsError: 1.79303e-08
Iteration: 8
  Device: "bjt"	RelError: 4.86719e-12	AbsError: 2.94739e+05
    Region: "bjt"	RelError: 4.86719e-12	AbsError: 2.94739e+05
      Equation: "ElectronContinuityEquation"	RelError: 2.75775e-12	AbsError: 1.81027e+05
      Equation: "HoleContinuityEquation"	RelError: 2.03463e-12	AbsError: 1.13712e+05
      Equation: "PotentialEquation"	RelError: 7.48068e-14	AbsError: 4.50435e-14
  Circuit: 	RelError: 3.70040e-15	AbsError: 6.42077e-15
Succeeded
CURVE: 1 0.2 0 0.155844900304238 32.7990472329987 -32.954892133303
last end 2.000000e-01 1.500000e+00
number of equations 41337
Iteration: 0
  Device: "bjt"	RelError: 1.79300e+04	AbsError: 1.38322e+17
    Region: "bjt"	RelError: 1.79300e+04	AbsError: 1.38322e+17
      Equation: "ElectronContinuityEquation"	RelError: 9.99000e+02	AbsError: 6.90758e+16
      Equation: "HoleContinuityEquation"	RelError: 1.69310e+04	AbsError: 6.92460e+16
      Equation: "PotentialEquation"	RelError: 4.24758e-02	AbsError: 2.78721e-02
  Circuit: 	RelError: 7.66263e-01	AbsError: 9.08479e-01
Iteration: 1
  Device: "bjt"	RelError: 2.04242e+00	AbsError: 1.03812e+17
    Region: "bjt"	RelError: 2.04242e+00	AbsError: 1.03812e+17
      Equation: "ElectronContinuityEquation"	RelError: 9.98848e-01	AbsError: 5.37816e+16
      Equation: "HoleContinuityEquation"	RelError: 9.99931e-01	AbsError: 5.00307e+16
      Equation: "PotentialEquation"	RelError: 4.36433e-02	AbsError: 2.58979e-02
  Circuit: 	RelError: 3.25327e-01	AbsError: 1.29826e+00
Iteration: 2
  Device: "bjt"	RelError: 1.05156e+03	AbsError: 6.67979e+16
    Region: "bjt"	RelError: 1.05156e+03	AbsError: 6.67979e+16
      Equation: "ElectronContinuityEquation"	RelError: 1.04745e+03	AbsError: 3.53793e+16
      Equation: "HoleContinuityEquation"	RelError: 4.07272e+00	AbsError: 3.14186e+16
      Equation: "PotentialEquation"	RelError: 3.60910e-02	AbsError: 2.24950e-02
  Circuit: 	RelError: 1.21621e-01	AbsError: 1.15781e+00
Iteration: 3
  Device: "bjt"	RelError: 1.47758e+00	AbsError: 1.37130e+16
    Region: "bjt"	RelError: 1.47758e+00	AbsError: 1.37130e+16
      Equation: "ElectronContinuityEquation"	RelError: 9.98188e-01	AbsError: 7.21616e+15
      Equation: "HoleContinuityEquation"	RelError: 4.68686e-01	AbsError: 6.49680e+15
      Equation: "PotentialEquation"	RelError: 1.07058e-02	AbsError: 6.63009e-03
  Circuit: 	RelError: 4.27439e-02	AbsError: 1.06595e-02
Iteration: 4
  Device: "bjt"	RelError: 9.28161e-02	AbsError: 7.96230e+14
    Region: "bjt"	RelError: 9.28161e-02	AbsError: 7.96230e+14
      Equation: "ElectronContinuityEquation"	RelError: 6.57496e-02	AbsError: 4.24668e+14
      Equation: "HoleContinuityEquation"	RelError: 2.57200e-02	AbsError: 3.71562e+14
      Equation: "PotentialEquation"	RelError: 1.34657e-03	AbsError: 8.43598e-04
  Circuit: 	RelError: 3.13888e-04	AbsError: 1.36234e-02
Iteration: 5
  Device: "bjt"	RelError: 2.34615e-03	AbsError: 3.19557e+13
    Region: "bjt"	RelError: 2.34615e-03	AbsError: 3.19557e+13
      Equation: "ElectronContinuityEquation"	RelError: 1.44658e-03	AbsError: 1.75999e+13
      Equation: "HoleContinuityEquation"	RelError: 8.73172e-04	AbsError: 1.43558e+13
      Equation: "PotentialEquation"	RelError: 2.63979e-05	AbsError: 1.66678e-05
  Circuit: 	RelError: 3.94723e-05	AbsError: 1.97298e-05
Iteration: 6
  Device: "bjt"	RelError: 4.29114e-05	AbsError: 4.79265e+11
    Region: "bjt"	RelError: 4.29114e-05	AbsError: 4.79265e+11
      Equation: "ElectronContinuityEquation"	RelError: 3.91281e-05	AbsError: 2.70656e+11
      Equation: "HoleContinuityEquation"	RelError: 3.69295e-06	AbsError: 2.08609e+11
      Equation: "PotentialEquation"	RelError: 9.04009e-08	AbsError: 5.29328e-08
  Circuit: 	RelError: 8.32412e-08	AbsError: 2.02858e-08
Iteration: 7
  Device: "bjt"	RelError: 1.03804e-10	AbsError: 3.08996e+05
    Region: "bjt"	RelError: 1.03804e-10	AbsError: 3.08996e+05
      Equation: "ElectronContinuityEquation"	RelError: 2.00356e-11	AbsError: 1.50511e+05
      Equation: "HoleContinuityEquation"	RelError: 8.36526e-11	AbsError: 1.58485e+05
      Equation: "PotentialEquation"	RelError: 1.15836e-13	AbsError: 6.78257e-14
  Circuit: 	RelError: 4.82782e-14	AbsError: 6.06095e-14
Succeeded
CURVE: 1 0.25 1.55338287076983e-32 0.121849416206214 32.4807299277448 -32.602579343951
last end 2.500000e-01 1.500000e+00
number of equations 41337
Iteration: 0
  Device: "bjt"	RelError: 6.15337e+03	AbsError: 6.90786e+16
    Region: "bjt"	RelError: 6.15337e+03	AbsError: 6.90786e+16
      Equation: "ElectronContinuityEquation"	RelError: 9.99000e+02	AbsError: 3.44945e+16
      Equation: "HoleContinuityEquation"	RelError: 5.15433e+03	AbsError: 3.45841e+16
      Equation: "PotentialEquation"	RelError: 4.05534e-02	AbsError: 2.78659e-02
  Circuit: 	RelError: 1.66667e-01	AbsError: 5.74280e-01
Iteration: 1
  Device: "bjt"	RelError: 2.03148e+00	AbsError: 3.29649e+16
    Region: "bjt"	RelError: 2.03148e+00	AbsError: 3.29649e+16
      Equation: "ElectronContinuityEquation"	RelError: 9.98577e-01	AbsError: 1.69369e+16
      Equation: "HoleContinuityEquation"	RelError: 9.99462e-01	AbsError: 1.60280e+16
      Equation: "PotentialEquation"	RelError: 3.34409e-02	AbsError: 2.28096e-02
  Circuit: 	RelError: 6.75275e-02	AbsError: 4.06125e-01
Iteration: 2
  Device: "bjt"	RelError: 4.29280e+00	AbsError: 1.52055e+16
    Region: "bjt"	RelError: 4.29280e+00	AbsError: 1.52055e+16
      Equation: "ElectronContinuityEquation"	RelError: 1.95398e+00	AbsError: 8.91009e+15
      Equation: "HoleContinuityEquation"	RelError: 2.32370e+00	AbsError: 6.29541e+15
      Equation: "PotentialEquation"	RelError: 1.51156e-02	AbsError: 9.82204e-03
  Circuit: 	RelError: 1.32007e-02	AbsError: 2.40933e-01
Iteration: 3
  Device: "bjt"	RelError: 5.28641e-01	AbsError: 1.78072e+15
    Region: "bjt"	RelError: 5.28641e-01	AbsError: 1.78072e+15
      Equation: "ElectronContinuityEquation"	RelError: 3.52034e-01	AbsError: 8.78541e+14
      Equation: "HoleContinuityEquation"	RelError: 1.72186e-01	AbsError: 9.02178e+14
      Equation: "PotentialEquation"	RelError: 4.42072e-03	AbsError: 2.88867e-03
  Circuit: 	RelError: 9.08854e-04	AbsError: 1.73665e-02
Iteration: 4
  Device: "bjt"	RelError: 1.29215e-02	AbsError: 5.23764e+13
    Region: "bjt"	RelError: 1.29215e-02	AbsError: 5.23764e+13
      Equation: "ElectronContinuityEquation"	RelError: 7.42523e-03	AbsError: 2.69396e+13
      Equation: "HoleContinuityEquation"	RelError: 5.30810e-03	AbsError: 2.54368e+13
      Equation: "PotentialEquation"	RelError: 1.88195e-04	AbsError: 1.23508e-04
  Circuit: 	RelError: 2.22936e-05	AbsError: 9.45772e-05
Iteration: 5
  Device: "bjt"	RelError: 4.84740e-04	AbsError: 1.66463e+12
    Region: "bjt"	RelError: 4.84740e-04	AbsError: 1.66463e+12
      Equation: "ElectronContinuityEquation"	RelError: 3.41647e-04	AbsError: 9.75799e+11
      Equation: "HoleContinuityEquation"	RelError: 1.38492e-04	AbsError: 6.88830e+11
      Equation: "PotentialEquation"	RelError: 4.60157e-06	AbsError: 3.05670e-06
  Circuit: 	RelError: 4.52733e-07	AbsError: 5.65844e-07
Iteration: 6
  Device: "bjt"	RelError: 6.06508e-06	AbsError: 1.61856e+10
    Region: "bjt"	RelError: 6.06508e-06	AbsError: 1.61856e+10
      Equation: "ElectronContinuityEquation"	RelError: 5.89861e-06	AbsError: 1.04614e+10
      Equation: "HoleContinuityEquation"	RelError: 1.60514e-07	AbsError: 5.72414e+09
      Equation: "PotentialEquation"	RelError: 5.95547e-09	AbsError: 3.63518e-09
  Circuit: 	RelError: 7.22837e-10	AbsError: 1.64072e-10
Iteration: 7
  Device: "bjt"	RelError: 2.55038e-13	AbsError: 8.56156e+03
    Region: "bjt"	RelError: 2.55038e-13	AbsError: 8.56156e+03
      Equation: "ElectronContinuityEquation"	RelError: 2.41625e-13	AbsError: 8.17216e+03
      Equation: "HoleContinuityEquation"	RelError: 1.29100e-14	AbsError: 3.89405e+02
      Equation: "PotentialEquation"	RelError: 5.02631e-16	AbsError: 3.06803e-16
  Circuit: 	RelError: 6.37973e-16	AbsError: 2.84577e-14
Succeeded
CURVE: 1 0.3 0 0.113513446412828 32.3008967327221 -32.414410179135
last end 3.000000e-01 1.500000e+00
number of equations 41337
Iteration: 0
  Device: "bjt"	RelError: 9.50916e+04	AbsError: 3.68180e+16
    Region: "bjt"	RelError: 9.50916e+04	AbsError: 3.68180e+16
      Equation: "ElectronContinuityEquation"	RelError: 9.27033e+04	AbsError: 1.83815e+16
      Equation: "HoleContinuityEquation"	RelError: 2.38825e+03	AbsError: 1.84366e+16
      Equation: "PotentialEquation"	RelError: 3.98570e-02	AbsError: 2.78683e-02
  Circuit: 	RelError: 1.42857e-01	AbsError: 3.07042e-01
Iteration: 1
  Device: "bjt"	RelError: 2.03062e+00	AbsError: 1.24048e+16
    Region: "bjt"	RelError: 2.03062e+00	AbsError: 1.24048e+16
      Equation: "ElectronContinuityEquation"	RelError: 9.99970e-01	AbsError: 6.19450e+15
      Equation: "HoleContinuityEquation"	RelError: 9.98849e-01	AbsError: 6.21033e+15
      Equation: "PotentialEquation"	RelError: 3.17955e-02	AbsError: 2.26947e-02
  Circuit: 	RelError: 1.63128e-02	AbsError: 1.62853e-01
Iteration: 2
  Device: "bjt"	RelError: 2.36196e+00	AbsError: 4.72900e+15
    Region: "bjt"	RelError: 2.36196e+00	AbsError: 4.72900e+15
      Equation: "ElectronContinuityEquation"	RelError: 7.67416e-01	AbsError: 2.76252e+15
      Equation: "HoleContinuityEquation"	RelError: 1.58665e+00	AbsError: 1.96648e+15
      Equation: "PotentialEquation"	RelError: 7.89396e-03	AbsError: 5.35285e-03
  Circuit: 	RelError: 2.91860e-03	AbsError: 8.15070e-02
Iteration: 3
  Device: "bjt"	RelError: 1.67086e-01	AbsError: 3.91002e+14
    Region: "bjt"	RelError: 1.67086e-01	AbsError: 3.91002e+14
      Equation: "ElectronContinuityEquation"	RelError: 6.14330e-02	AbsError: 1.95241e+14
      Equation: "HoleContinuityEquation"	RelError: 1.04422e-01	AbsError: 1.95761e+14
      Equation: "PotentialEquation"	RelError: 1.23157e-03	AbsError: 8.34480e-04
  Circuit: 	RelError: 1.74575e-04	AbsError: 7.19712e-03
Iteration: 4
  Device: "bjt"	RelError: 5.74899e-03	AbsError: 6.85107e+12
    Region: "bjt"	RelError: 5.74899e-03	AbsError: 6.85107e+12
      Equation: "ElectronContinuityEquation"	RelError: 4.52950e-03	AbsError: 4.17075e+12
      Equation: "HoleContinuityEquation"	RelError: 1.20832e-03	AbsError: 2.68032e+12
      Equation: "PotentialEquation"	RelError: 1.11606e-05	AbsError: 7.56891e-06
  Circuit: 	RelError: 2.02587e-06	AbsError: 4.47619e-07
Iteration: 5
  Device: "bjt"	RelError: 1.50350e-04	AbsError: 1.81859e+11
    Region: "bjt"	RelError: 1.50350e-04	AbsError: 1.81859e+11
      Equation: "ElectronContinuityEquation"	RelError: 1.41256e-04	AbsError: 1.32816e+11
      Equation: "HoleContinuityEquation"	RelError: 8.95883e-06	AbsError: 4.90430e+10
      Equation: "PotentialEquation"	RelError: 1.35238e-07	AbsError: 8.83106e-08
  Circuit: 	RelError: 1.26447e-08	AbsError: 3.84955e-09
Iteration: 6
  Device: "bjt"	RelError: 6.66856e-07	AbsError: 6.68727e+08
    Region: "bjt"	RelError: 6.66856e-07	AbsError: 6.68727e+08
      Equation: "ElectronContinuityEquation"	RelError: 6.53748e-07	AbsError: 5.31599e+08
      Equation: "HoleContinuityEquation"	RelError: 1.27597e-08	AbsError: 1.37127e+08
      Equation: "PotentialEquation"	RelError: 3.47908e-10	AbsError: 2.21592e-10
  Circuit: 	RelError: 5.23020e-12	AbsError: 1.16260e-12
Iteration: 7
  Device: "bjt"	RelError: 2.42004e-14	AbsError: 8.50451e+03
    Region: "bjt"	RelError: 2.42004e-14	AbsError: 8.50451e+03
      Equation: "ElectronContinuityEquation"	RelError: 2.24591e-15	AbsError: 8.17092e+03
      Equation: "HoleContinuityEquation"	RelError: 2.18338e-14	AbsError: 3.33591e+02
      Equation: "PotentialEquation"	RelError: 1.20628e-16	AbsError: 8.75716e-17
  Circuit: 	RelError: 2.42092e-16	AbsError: 1.28817e-14
Succeeded
CURVE: 1 0.35 0 0.110475777298251 32.2124879854191 -32.3229637627174
last end 3.500000e-01 1.500000e+00
number of equations 41337
Iteration: 0
  Device: "bjt"	RelError: 2.68558e+03	AbsError: 2.29065e+16
    Region: "bjt"	RelError: 2.68558e+03	AbsError: 2.29065e+16
      Equation: "ElectronContinuityEquation"	RelError: 9.99000e+02	AbsError: 1.14359e+16
      Equation: "HoleContinuityEquation"	RelError: 1.68654e+03	AbsError: 1.14706e+16
      Equation: "PotentialEquation"	RelError: 3.89193e-02	AbsError: 2.78658e-02
  Circuit: 	RelError: 1.25000e-01	AbsError: 1.72865e-01
Iteration: 1
  Device: "bjt"	RelError: 2.02712e+00	AbsError: 5.94835e+15
    Region: "bjt"	RelError: 2.02712e+00	AbsError: 5.94835e+15
      Equation: "ElectronContinuityEquation"	RelError: 9.98120e-01	AbsError: 2.97032e+15
      Equation: "HoleContinuityEquation"	RelError: 9.98719e-01	AbsError: 2.97802e+15
      Equation: "PotentialEquation"	RelError: 3.02839e-02	AbsError: 2.23549e-02
  Circuit: 	RelError: 5.53524e-03	AbsError: 8.40249e-02
Iteration: 2
  Device: "bjt"	RelError: 1.74311e+00	AbsError: 2.04581e+15
    Region: "bjt"	RelError: 1.74311e+00	AbsError: 2.04581e+15
      Equation: "ElectronContinuityEquation"	RelError: 5.06411e-01	AbsError: 1.15245e+15
      Equation: "HoleContinuityEquation"	RelError: 1.23137e+00	AbsError: 8.93363e+14
      Equation: "PotentialEquation"	RelError: 5.33424e-03	AbsError: 3.68756e-03
  Circuit: 	RelError: 1.13280e-03	AbsError: 3.91858e-02
Iteration: 3
  Device: "bjt"	RelError: 7.42817e-02	AbsError: 1.07425e+14
    Region: "bjt"	RelError: 7.42817e-02	AbsError: 1.07425e+14
      Equation: "ElectronContinuityEquation"	RelError: 2.15269e-02	AbsError: 5.26768e+13
      Equation: "HoleContinuityEquation"	RelError: 5.24252e-02	AbsError: 5.47486e+13
      Equation: "PotentialEquation"	RelError: 3.29646e-04	AbsError: 2.28686e-04
  Circuit: 	RelError: 5.81245e-05	AbsError: 1.90572e-03
Iteration: 4
  Device: "bjt"	RelError: 3.98729e-03	AbsError: 1.69882e+12
    Region: "bjt"	RelError: 3.98729e-03	AbsError: 1.69882e+12
      Equation: "ElectronContinuityEquation"	RelError: 3.04703e-03	AbsError: 8.48285e+11
      Equation: "HoleContinuityEquation"	RelError: 9.38755e-04	AbsError: 8.50535e+11
      Equation: "PotentialEquation"	RelError: 1.49929e-06	AbsError: 1.05596e-06
  Circuit: 	RelError: 1.10237e-06	AbsError: 3.05065e-05
Iteration: 5
  Device: "bjt"	RelError: 1.58277e-04	AbsError: 4.10508e+10
    Region: "bjt"	RelError: 1.58277e-04	AbsError: 4.10508e+10
      Equation: "ElectronContinuityEquation"	RelError: 1.33549e-04	AbsError: 3.31303e+10
      Equation: "HoleContinuityEquation"	RelError: 2.46927e-05	AbsError: 7.92047e+09
      Equation: "PotentialEquation"	RelError: 3.54835e-08	AbsError: 2.35630e-08
  Circuit: 	RelError: 1.20784e-09	AbsError: 6.68461e-10
Iteration: 6
  Device: "bjt"	RelError: 1.35139e-06	AbsError: 7.80580e+07
    Region: "bjt"	RelError: 1.35139e-06	AbsError: 7.80580e+07
      Equation: "ElectronContinuityEquation"	RelError: 1.35080e-06	AbsError: 4.97931e+07
      Equation: "HoleContinuityEquation"	RelError: 5.69112e-10	AbsError: 2.82649e+07
      Equation: "PotentialEquation"	RelError: 2.43406e-11	AbsError: 1.47325e-11
  Circuit: 	RelError: 2.60165e-12	AbsError: 5.92297e-13
Iteration: 7
  Device: "bjt"	RelError: 5.56014e-14	AbsError: 8.54395e+03
    Region: "bjt"	RelError: 5.56014e-14	AbsError: 8.54395e+03
      Equation: "ElectronContinuityEquation"	RelError: 4.85280e-15	AbsError: 8.15479e+03
      Equation: "HoleContinuityEquation"	RelError: 5.05078e-14	AbsError: 3.89159e+02
      Equation: "PotentialEquation"	RelError: 2.40830e-16	AbsError: 1.85929e-16
  Circuit: 	RelError: 1.87723e-16	AbsError: 9.65654e-15
setting new step size 1.000000e-01
Succeeded
CURVE: 1 0.4 0 0.108883630936154 32.1741296168591 -32.2830132477952
last end 4.000000e-01 1.500000e+00
number of equations 41337
Iteration: 0
  Device: "bjt"	RelError: 1.99805e+03	AbsError: 3.38590e+16
    Region: "bjt"	RelError: 1.99805e+03	AbsError: 3.38590e+16
      Equation: "ElectronContinuityEquation"	RelError: 9.99000e+02	AbsError: 1.69420e+16
      Equation: "HoleContinuityEquation"	RelError: 9.99000e+02	AbsError: 1.69170e+16
      Equation: "PotentialEquation"	RelError: 5.23334e-02	AbsError: 4.09752e-02
  Circuit: 	RelError: 2.00000e-01	AbsError: 1.85557e-01
Iteration: 1
  Device: "bjt"	RelError: 2.03776e+00	AbsError: 1.26825e+16
    Region: "bjt"	RelError: 2.03776e+00	AbsError: 1.26825e+16
      Equation: "ElectronContinuityEquation"	RelError: 9.98561e-01	AbsError: 6.38563e+15
      Equation: "HoleContinuityEquation"	RelError: 9.97770e-01	AbsError: 6.29688e+15
      Equation: "PotentialEquation"	RelError: 4.14271e-02	AbsError: 3.11689e-02
  Circuit: 	RelError: 9.28359e-03	AbsError: 1.94148e-01
Iteration: 2
  Device: "bjt"	RelError: 1.01068e+03	AbsError: 6.35269e+15
    Region: "bjt"	RelError: 1.01068e+03	AbsError: 6.35269e+15
      Equation: "ElectronContinuityEquation"	RelError: 1.16458e+01	AbsError: 3.36546e+15
      Equation: "HoleContinuityEquation"	RelError: 9.99000e+02	AbsError: 2.98723e+15
      Equation: "PotentialEquation"	RelError: 3.32514e-02	AbsError: 2.58976e-02
  Circuit: 	RelError: 3.31138e-03	AbsError: 1.07028e-01
Iteration: 3
  Device: "bjt"	RelError: 1.64493e+00	AbsError: 1.20720e+15
    Region: "bjt"	RelError: 1.64493e+00	AbsError: 1.20720e+15
      Equation: "ElectronContinuityEquation"	RelError: 6.34578e-01	AbsError: 7.72707e+14
      Equation: "HoleContinuityEquation"	RelError: 9.98321e-01	AbsError: 4.34490e+14
      Equation: "PotentialEquation"	RelError: 1.20284e-02	AbsError: 9.57376e-03
  Circuit: 	RelError: 3.94735e-04	AbsError: 7.47601e-03
Iteration: 4
  Device: "bjt"	RelError: 5.63264e-01	AbsError: 8.02830e+14
    Region: "bjt"	RelError: 5.63264e-01	AbsError: 8.02830e+14
      Equation: "ElectronContinuityEquation"	RelError: 9.33768e-02	AbsError: 7.26997e+14
      Equation: "HoleContinuityEquation"	RelError: 4.68736e-01	AbsError: 7.58339e+13
      Equation: "PotentialEquation"	RelError: 1.15066e-03	AbsError: 9.49394e-04
  Circuit: 	RelError: 3.38340e-05	AbsError: 2.17751e-03
Iteration: 5
  Device: "bjt"	RelError: 1.89215e-02	AbsError: 7.32253e+12
    Region: "bjt"	RelError: 1.89215e-02	AbsError: 7.32253e+12
      Equation: "ElectronContinuityEquation"	RelError: 1.11517e-02	AbsError: 5.57944e+12
      Equation: "HoleContinuityEquation"	RelError: 7.74102e-03	AbsError: 1.74309e+12
      Equation: "PotentialEquation"	RelError: 2.87958e-05	AbsError: 2.29513e-05
  Circuit: 	RelError: 3.94681e-07	AbsError: 3.05812e-06
Iteration: 6
  Device: "bjt"	RelError: 1.29737e-03	AbsError: 1.07572e+11
    Region: "bjt"	RelError: 1.29737e-03	AbsError: 1.07572e+11
      Equation: "ElectronContinuityEquation"	RelError: 1.05988e-03	AbsError: 9.30168e+10
      Equation: "HoleContinuityEquation"	RelError: 2.37292e-04	AbsError: 1.45555e+10
      Equation: "PotentialEquation"	RelError: 1.95343e-07	AbsError: 1.63576e-07
  Circuit: 	RelError: 4.05218e-10	AbsError: 1.07132e-08
Iteration: 7
  Device: "bjt"	RelError: 2.00072e-05	AbsError: 1.21710e+09
    Region: "bjt"	RelError: 2.00072e-05	AbsError: 1.21710e+09
      Equation: "ElectronContinuityEquation"	RelError: 1.88857e-05	AbsError: 1.04071e+09
      Equation: "HoleContinuityEquation"	RelError: 1.11913e-06	AbsError: 1.76387e+08
      Equation: "PotentialEquation"	RelError: 2.35379e-09	AbsError: 1.85493e-09
  Circuit: 	RelError: 7.17226e-13	AbsError: 4.18859e-13
Iteration: 8
  Device: "bjt"	RelError: 9.59063e-09	AbsError: 4.84063e+05
    Region: "bjt"	RelError: 9.59063e-09	AbsError: 4.84063e+05
      Equation: "ElectronContinuityEquation"	RelError: 9.57391e-09	AbsError: 4.33331e+05
      Equation: "HoleContinuityEquation"	RelError: 1.61299e-11	AbsError: 5.07325e+04
      Equation: "PotentialEquation"	RelError: 5.85427e-13	AbsError: 4.17575e-13
  Circuit: 	RelError: 2.53046e-16	AbsError: 9.82339e-15
Succeeded
CURVE: 1 0.5 -7.70371977754894e-33 0.107088416038642 32.1793578309501 -32.2864462469888
last end 5.000000e-01 1.500000e+00
number of equations 41337
Iteration: 0
  Device: "bjt"	RelError: 1.85898e+04	AbsError: 2.73008e+16
    Region: "bjt"	RelError: 1.85898e+04	AbsError: 2.73008e+16
      Equation: "ElectronContinuityEquation"	RelError: 1.65545e+04	AbsError: 1.37955e+16
      Equation: "HoleContinuityEquation"	RelError: 2.03530e+03	AbsError: 1.35053e+16
      Equation: "PotentialEquation"	RelError: 5.18459e-02	AbsError: 4.12016e-02
  Circuit: 	RelError: 1.66667e-01	AbsError: 1.74932e-01
Iteration: 1
  Device: "bjt"	RelError: 1.00004e+03	AbsError: 9.70055e+15
    Region: "bjt"	RelError: 1.00004e+03	AbsError: 9.70055e+15
      Equation: "ElectronContinuityEquation"	RelError: 9.99832e-01	AbsError: 5.18563e+15
      Equation: "HoleContinuityEquation"	RelError: 9.99000e+02	AbsError: 4.51492e+15
      Equation: "PotentialEquation"	RelError: 4.03732e-02	AbsError: 3.10332e-02
  Circuit: 	RelError: 3.50658e-03	AbsError: 8.32522e-02
Iteration: 2
  Device: "bjt"	RelError: 1.51260e+04	AbsError: 4.91939e+15
    Region: "bjt"	RelError: 1.51260e+04	AbsError: 4.91939e+15
      Equation: "ElectronContinuityEquation"	RelError: 6.88484e+00	AbsError: 2.67566e+15
      Equation: "HoleContinuityEquation"	RelError: 1.51190e+04	AbsError: 2.24373e+15
      Equation: "PotentialEquation"	RelError: 3.22481e-02	AbsError: 2.58981e-02
  Circuit: 	RelError: 1.53633e-03	AbsError: 5.58485e-02
Iteration: 3
  Device: "bjt"	RelError: 1.46059e+00	AbsError: 1.17033e+15
    Region: "bjt"	RelError: 1.46059e+00	AbsError: 1.17033e+15
      Equation: "ElectronContinuityEquation"	RelError: 4.49593e-01	AbsError: 8.19368e+14
      Equation: "HoleContinuityEquation"	RelError: 9.99806e-01	AbsError: 3.50966e+14
      Equation: "PotentialEquation"	RelError: 1.11941e-02	AbsError: 9.40538e-03
  Circuit: 	RelError: 2.93955e-04	AbsError: 6.39324e-03
Iteration: 4
  Device: "bjt"	RelError: 5.41196e-01	AbsError: 8.31505e+14
    Region: "bjt"	RelError: 5.41196e-01	AbsError: 8.31505e+14
      Equation: "ElectronContinuityEquation"	RelError: 8.52296e-02	AbsError: 7.72441e+14
      Equation: "HoleContinuityEquation"	RelError: 4.55107e-01	AbsError: 5.90639e+13
      Equation: "PotentialEquation"	RelError: 8.58954e-04	AbsError: 7.96011e-04
  Circuit: 	RelError: 2.17245e-05	AbsError: 9.95203e-04
Iteration: 5
  Device: "bjt"	RelError: 1.81726e-02	AbsError: 1.04273e+13
    Region: "bjt"	RelError: 1.81726e-02	AbsError: 1.04273e+13
      Equation: "ElectronContinuityEquation"	RelError: 1.27169e-02	AbsError: 9.31462e+12
      Equation: "HoleContinuityEquation"	RelError: 5.43572e-03	AbsError: 1.11264e+12
      Equation: "PotentialEquation"	RelError: 2.00344e-05	AbsError: 1.76308e-05
  Circuit: 	RelError: 1.50441e-07	AbsError: 3.94862e-07
Iteration: 6
  Device: "bjt"	RelError: 1.00731e-03	AbsError: 1.43243e+11
    Region: "bjt"	RelError: 1.00731e-03	AbsError: 1.43243e+11
      Equation: "ElectronContinuityEquation"	RelError: 8.15703e-04	AbsError: 1.25186e+11
      Equation: "HoleContinuityEquation"	RelError: 1.91282e-04	AbsError: 1.80575e+10
      Equation: "PotentialEquation"	RelError: 3.30277e-07	AbsError: 2.89301e-07
  Circuit: 	RelError: 2.92951e-11	AbsError: 1.16540e-09
Iteration: 7
  Device: "bjt"	RelError: 1.16441e-05	AbsError: 1.09490e+09
    Region: "bjt"	RelError: 1.16441e-05	AbsError: 1.09490e+09
      Equation: "ElectronContinuityEquation"	RelError: 9.60579e-06	AbsError: 9.90966e+08
      Equation: "HoleContinuityEquation"	RelError: 2.03652e-06	AbsError: 1.03930e+08
      Equation: "PotentialEquation"	RelError: 1.79046e-09	AbsError: 1.59653e-09
  Circuit: 	RelError: 2.57406e-15	AbsError: 6.74916e-14
Iteration: 8
  Device: "bjt"	RelError: 2.50487e-12	AbsError: 8.66352e+03
    Region: "bjt"	RelError: 2.50487e-12	AbsError: 8.66352e+03
      Equation: "ElectronContinuityEquation"	RelError: 2.04262e-14	AbsError: 8.19071e+03
      Equation: "HoleContinuityEquation"	RelError: 2.48431e-12	AbsError: 4.72806e+02
      Equation: "PotentialEquation"	RelError: 1.33028e-16	AbsError: 1.37135e-16
  Circuit: 	RelError: 2.53546e-16	AbsError: 1.17221e-14
Succeeded
CURVE: 1 0.6 0 0.105994399821868 32.2329845187351 -32.3389789185569
last end 6.000000e-01 1.500000e+00
number of equations 41337
Iteration: 0
  Device: "bjt"	RelError: 1.99805e+03	AbsError: 2.41949e+16
    Region: "bjt"	RelError: 1.99805e+03	AbsError: 2.41949e+16
      Equation: "ElectronContinuityEquation"	RelError: 9.99000e+02	AbsError: 1.22271e+16
      Equation: "HoleContinuityEquation"	RelError: 9.99000e+02	AbsError: 1.19678e+16
      Equation: "PotentialEquation"	RelError: 5.06193e-02	AbsError: 4.11335e-02
  Circuit: 	RelError: 1.42857e-01	AbsError: 2.29514e-01
Iteration: 1
  Device: "bjt"	RelError: 1.00004e+03	AbsError: 7.63127e+15
    Region: "bjt"	RelError: 1.00004e+03	AbsError: 7.63127e+15
      Equation: "ElectronContinuityEquation"	RelError: 9.98638e-01	AbsError: 4.03568e+15
      Equation: "HoleContinuityEquation"	RelError: 9.99000e+02	AbsError: 3.59559e+15
      Equation: "PotentialEquation"	RelError: 3.89555e-02	AbsError: 3.09690e-02
  Circuit: 	RelError: 1.71727e-03	AbsError: 4.30846e-02
Iteration: 2
  Device: "bjt"	RelError: 1.00583e+03	AbsError: 3.44433e+15
    Region: "bjt"	RelError: 1.00583e+03	AbsError: 3.44433e+15
      Equation: "ElectronContinuityEquation"	RelError: 6.79376e+00	AbsError: 1.86561e+15
      Equation: "HoleContinuityEquation"	RelError: 9.99000e+02	AbsError: 1.57872e+15
      Equation: "PotentialEquation"	RelError: 3.18596e-02	AbsError: 2.58984e-02
  Circuit: 	RelError: 9.45471e-04	AbsError: 3.71086e-02
Iteration: 3
  Device: "bjt"	RelError: 1.44642e+00	AbsError: 1.16006e+15
    Region: "bjt"	RelError: 1.44642e+00	AbsError: 1.16006e+15
      Equation: "ElectronContinuityEquation"	RelError: 4.37718e-01	AbsError: 8.88545e+14
      Equation: "HoleContinuityEquation"	RelError: 9.98089e-01	AbsError: 2.71514e+14
      Equation: "PotentialEquation"	RelError: 1.06087e-02	AbsError: 9.36457e-03
  Circuit: 	RelError: 2.28974e-04	AbsError: 5.30853e-03
Iteration: 4
  Device: "bjt"	RelError: 5.71699e-01	AbsError: 9.08824e+14
    Region: "bjt"	RelError: 5.71699e-01	AbsError: 9.08824e+14
      Equation: "ElectronContinuityEquation"	RelError: 1.24658e-01	AbsError: 8.65317e+14
      Equation: "HoleContinuityEquation"	RelError: 4.46110e-01	AbsError: 4.35074e+13
      Equation: "PotentialEquation"	RelError: 9.30471e-04	AbsError: 7.54087e-04
  Circuit: 	RelError: 1.99994e-05	AbsError: 6.35507e-04
Iteration: 5
  Device: "bjt"	RelError: 1.55910e-02	AbsError: 1.03373e+13
    Region: "bjt"	RelError: 1.55910e-02	AbsError: 1.03373e+13
      Equation: "ElectronContinuityEquation"	RelError: 1.10590e-02	AbsError: 9.40092e+12
      Equation: "HoleContinuityEquation"	RelError: 4.51122e-03	AbsError: 9.36428e+11
      Equation: "PotentialEquation"	RelError: 2.07875e-05	AbsError: 2.07551e-05
  Circuit: 	RelError: 1.51179e-07	AbsError: 2.15676e-06
Iteration: 6
  Device: "bjt"	RelError: 6.98571e-04	AbsError: 5.88739e+11
    Region: "bjt"	RelError: 6.98571e-04	AbsError: 5.88739e+11
      Equation: "ElectronContinuityEquation"	RelError: 4.35163e-04	AbsError: 5.75071e+11
      Equation: "HoleContinuityEquation"	RelError: 2.62845e-04	AbsError: 1.36682e+10
      Equation: "PotentialEquation"	RelError: 5.62581e-07	AbsError: 5.59160e-07
  Circuit: 	RelError: 1.99672e-11	AbsError: 6.04928e-10
Iteration: 7
  Device: "bjt"	RelError: 4.38993e-06	AbsError: 3.83061e+08
    Region: "bjt"	RelError: 4.38993e-06	AbsError: 3.83061e+08
      Equation: "ElectronContinuityEquation"	RelError: 2.01534e-06	AbsError: 3.67633e+08
      Equation: "HoleContinuityEquation"	RelError: 2.37406e-06	AbsError: 1.54281e+07
      Equation: "PotentialEquation"	RelError: 5.30432e-10	AbsError: 5.33428e-10
  Circuit: 	RelError: 5.88206e-16	AbsError: 2.50012e-14
Iteration: 8
  Device: "bjt"	RelError: 1.13290e-11	AbsError: 8.47071e+03
    Region: "bjt"	RelError: 1.13290e-11	AbsError: 8.47071e+03
      Equation: "ElectronContinuityEquation"	RelError: 1.62890e-14	AbsError: 8.18229e+03
      Equation: "HoleContinuityEquation"	RelError: 1.13125e-11	AbsError: 2.88428e+02
      Equation: "PotentialEquation"	RelError: 1.47408e-16	AbsError: 1.49357e-16
  Circuit: 	RelError: 3.91509e-16	AbsError: 1.62814e-14
Succeeded
CURVE: 1 0.7 0 0.105190773419157 32.3029617960353 -32.4081525694546
last end 7.000000e-01 1.500000e+00
number of equations 41337
Iteration: 0
  Device: "bjt"	RelError: 3.29437e+03	AbsError: 2.25787e+16
    Region: "bjt"	RelError: 3.29437e+03	AbsError: 2.25787e+16
      Equation: "ElectronContinuityEquation"	RelError: 2.20925e+03	AbsError: 1.13825e+16
      Equation: "HoleContinuityEquation"	RelError: 1.08508e+03	AbsError: 1.11961e+16
      Equation: "PotentialEquation"	RelError: 4.96430e-02	AbsError: 4.11452e-02
  Circuit: 	RelError: 1.25000e-01	AbsError: 2.47816e-01
Iteration: 1
  Device: "bjt"	RelError: 2.03419e+00	AbsError: 6.43573e+15
    Region: "bjt"	RelError: 2.03419e+00	AbsError: 6.43573e+15
      Equation: "ElectronContinuityEquation"	RelError: 9.98727e-01	AbsError: 3.39917e+15
      Equation: "HoleContinuityEquation"	RelError: 9.97736e-01	AbsError: 3.03656e+15
      Equation: "PotentialEquation"	RelError: 3.77292e-02	AbsError: 3.09424e-02
  Circuit: 	RelError: 1.07686e-03	AbsError: 2.71573e-02
Iteration: 2
  Device: "bjt"	RelError: 3.24094e+04	AbsError: 2.32382e+15
    Region: "bjt"	RelError: 3.24094e+04	AbsError: 2.32382e+15
      Equation: "ElectronContinuityEquation"	RelError: 7.49559e+00	AbsError: 1.05646e+15
      Equation: "HoleContinuityEquation"	RelError: 3.24019e+04	AbsError: 1.26736e+15
      Equation: "PotentialEquation"	RelError: 3.07322e-02	AbsError: 2.58911e-02
  Circuit: 	RelError: 5.63323e-04	AbsError: 2.43854e-02
Iteration: 3
  Device: "bjt"	RelError: 1.48219e+00	AbsError: 1.16737e+15
    Region: "bjt"	RelError: 1.48219e+00	AbsError: 1.16737e+15
      Equation: "ElectronContinuityEquation"	RelError: 4.72006e-01	AbsError: 9.43977e+14
      Equation: "HoleContinuityEquation"	RelError: 9.99896e-01	AbsError: 2.23396e+14
      Equation: "PotentialEquation"	RelError: 1.02861e-02	AbsError: 9.38100e-03
  Circuit: 	RelError: 1.10592e-04	AbsError: 1.93920e-03
Iteration: 4
  Device: "bjt"	RelError: 5.78898e-01	AbsError: 9.85336e+14
    Region: "bjt"	RelError: 5.78898e-01	AbsError: 9.85336e+14
      Equation: "ElectronContinuityEquation"	RelError: 1.34585e-01	AbsError: 9.40120e+14
      Equation: "HoleContinuityEquation"	RelError: 4.43300e-01	AbsError: 4.52162e+13
      Equation: "PotentialEquation"	RelError: 1.01263e-03	AbsError: 8.39388e-04
  Circuit: 	RelError: 2.05152e-05	AbsError: 3.44809e-04
Iteration: 5
  Device: "bjt"	RelError: 1.72357e-02	AbsError: 5.83485e+12
    Region: "bjt"	RelError: 1.72357e-02	AbsError: 5.83485e+12
      Equation: "ElectronContinuityEquation"	RelError: 1.27476e-02	AbsError: 5.47277e+12
      Equation: "HoleContinuityEquation"	RelError: 4.48018e-03	AbsError: 3.62080e+11
      Equation: "PotentialEquation"	RelError: 7.94331e-06	AbsError: 8.88294e-06
  Circuit: 	RelError: 6.03780e-08	AbsError: 2.84696e-07
Iteration: 6
  Device: "bjt"	RelError: 9.13793e-04	AbsError: 1.33820e+11
    Region: "bjt"	RelError: 9.13793e-04	AbsError: 1.33820e+11
      Equation: "ElectronContinuityEquation"	RelError: 6.57904e-04	AbsError: 1.29293e+11
      Equation: "HoleContinuityEquation"	RelError: 2.55717e-04	AbsError: 4.52715e+09
      Equation: "PotentialEquation"	RelError: 1.71740e-07	AbsError: 1.90335e-07
  Circuit: 	RelError: 2.02745e-12	AbsError: 1.31379e-10
Iteration: 7
  Device: "bjt"	RelError: 5.10760e-05	AbsError: 1.53137e+08
    Region: "bjt"	RelError: 5.10760e-05	AbsError: 1.53137e+08
      Equation: "ElectronContinuityEquation"	RelError: 4.86631e-05	AbsError: 1.47876e+08
      Equation: "HoleContinuityEquation"	RelError: 2.41273e-06	AbsError: 5.26109e+06
      Equation: "PotentialEquation"	RelError: 1.46765e-10	AbsError: 1.58497e-10
  Circuit: 	RelError: 4.25820e-16	AbsError: 2.24968e-14
Iteration: 8
  Device: "bjt"	RelError: 2.97669e-11	AbsError: 8.52121e+03
    Region: "bjt"	RelError: 2.97669e-11	AbsError: 8.52121e+03
      Equation: "ElectronContinuityEquation"	RelError: 3.31557e-14	AbsError: 8.18956e+03
      Equation: "HoleContinuityEquation"	RelError: 2.97336e-11	AbsError: 3.31648e+02
      Equation: "PotentialEquation"	RelError: 1.57038e-16	AbsError: 1.72289e-16
  Circuit: 	RelError: 1.49990e-16	AbsError: 5.23696e-15
Succeeded
CURVE: 1 0.8 0 0.104543943082459 32.3789876135382 -32.4835315566207
last end 8.000000e-01 1.500000e+00
number of equations 41337
Iteration: 0
  Device: "bjt"	RelError: 1.99805e+03	AbsError: 2.11495e+16
    Region: "bjt"	RelError: 1.99805e+03	AbsError: 2.11495e+16
      Equation: "ElectronContinuityEquation"	RelError: 9.99000e+02	AbsError: 1.06240e+16
      Equation: "HoleContinuityEquation"	RelError: 9.99000e+02	AbsError: 1.05255e+16
      Equation: "PotentialEquation"	RelError: 4.84274e-02	AbsError: 4.11490e-02
  Circuit: 	RelError: 1.11111e-01	AbsError: 2.54853e-01
Iteration: 1
  Device: "bjt"	RelError: 1.00004e+03	AbsError: 5.32793e+15
    Region: "bjt"	RelError: 1.00004e+03	AbsError: 5.32793e+15
      Equation: "ElectronContinuityEquation"	RelError: 9.98636e-01	AbsError: 2.82849e+15
      Equation: "HoleContinuityEquation"	RelError: 9.99000e+02	AbsError: 2.49944e+15
      Equation: "PotentialEquation"	RelError: 3.73406e-02	AbsError: 3.09458e-02
  Circuit: 	RelError: 7.80309e-04	AbsError: 1.88120e-02
Iteration: 2
  Device: "bjt"	RelError: 3.97282e+03	AbsError: 1.85879e+15
    Region: "bjt"	RelError: 3.97282e+03	AbsError: 1.85879e+15
      Equation: "ElectronContinuityEquation"	RelError: 8.65105e+00	AbsError: 8.10704e+14
      Equation: "HoleContinuityEquation"	RelError: 3.96414e+03	AbsError: 1.04809e+15
      Equation: "PotentialEquation"	RelError: 2.92692e-02	AbsError: 2.58951e-02
  Circuit: 	RelError: 4.38963e-04	AbsError: 1.93969e-02
Iteration: 3
  Device: "bjt"	RelError: 1.52750e+00	AbsError: 8.11176e+14
    Region: "bjt"	RelError: 1.52750e+00	AbsError: 8.11176e+14
      Equation: "ElectronContinuityEquation"	RelError: 5.18481e-01	AbsError: 6.04646e+14
      Equation: "HoleContinuityEquation"	RelError: 9.99146e-01	AbsError: 2.06529e+14
      Equation: "PotentialEquation"	RelError: 9.87050e-03	AbsError: 9.41664e-03
  Circuit: 	RelError: 1.16181e-04	AbsError: 2.43810e-03
Iteration: 4
  Device: "bjt"	RelError: 6.06815e-01	AbsError: 6.49492e+14
    Region: "bjt"	RelError: 6.06815e-01	AbsError: 6.49492e+14
      Equation: "ElectronContinuityEquation"	RelError: 1.60833e-01	AbsError: 6.07058e+14
      Equation: "HoleContinuityEquation"	RelError: 4.44983e-01	AbsError: 4.24336e+13
      Equation: "PotentialEquation"	RelError: 9.97818e-04	AbsError: 8.54787e-04
  Circuit: 	RelError: 1.62655e-05	AbsError: 2.88089e-04
Iteration: 5
  Device: "bjt"	RelError: 1.58779e-02	AbsError: 6.01923e+12
    Region: "bjt"	RelError: 1.58779e-02	AbsError: 6.01923e+12
      Equation: "ElectronContinuityEquation"	RelError: 1.05881e-02	AbsError: 5.78433e+12
      Equation: "HoleContinuityEquation"	RelError: 5.28179e-03	AbsError: 2.34902e+11
      Equation: "PotentialEquation"	RelError: 8.04174e-06	AbsError: 8.84708e-06
  Circuit: 	RelError: 3.85038e-08	AbsError: 1.46105e-07
Iteration: 6
  Device: "bjt"	RelError: 7.11270e-04	AbsError: 6.03372e+10
    Region: "bjt"	RelError: 7.11270e-04	AbsError: 6.03372e+10
      Equation: "ElectronContinuityEquation"	RelError: 5.18461e-04	AbsError: 5.54038e+10
      Equation: "HoleContinuityEquation"	RelError: 1.92695e-04	AbsError: 4.93334e+09
      Equation: "PotentialEquation"	RelError: 1.13948e-07	AbsError: 1.33406e-07
  Circuit: 	RelError: 1.00852e-12	AbsError: 6.55666e-11
Iteration: 7
  Device: "bjt"	RelError: 6.98656e-05	AbsError: 3.75139e+07
    Region: "bjt"	RelError: 6.98656e-05	AbsError: 3.75139e+07
      Equation: "ElectronContinuityEquation"	RelError: 6.42742e-05	AbsError: 3.44145e+07
      Equation: "HoleContinuityEquation"	RelError: 5.59139e-06	AbsError: 3.09941e+06
      Equation: "PotentialEquation"	RelError: 7.09909e-11	AbsError: 8.27824e-11
  Circuit: 	RelError: 4.64182e-16	AbsError: 2.89301e-14
Iteration: 8
  Device: "bjt"	RelError: 1.10919e-10	AbsError: 8.42876e+03
    Region: "bjt"	RelError: 1.10919e-10	AbsError: 8.42876e+03
      Equation: "ElectronContinuityEquation"	RelError: 2.54667e-14	AbsError: 8.18180e+03
      Equation: "HoleContinuityEquation"	RelError: 1.10893e-10	AbsError: 2.46954e+02
      Equation: "PotentialEquation"	RelError: 1.46062e-16	AbsError: 1.77573e-16
  Circuit: 	RelError: 2.13111e-16	AbsError: 9.34488e-15
Succeeded
CURVE: 1 0.9 0 0.104005424589459 32.4571491181673 -32.5611545427568
last end 9.000000e-01 1.500000e+00
number of equations 41337
Iteration: 0
  Device: "bjt"	RelError: 2.65300e+03	AbsError: 2.01899e+16
    Region: "bjt"	RelError: 2.65300e+03	AbsError: 2.01899e+16
      Equation: "ElectronContinuityEquation"	RelError: 1.65395e+03	AbsError: 1.00948e+16
      Equation: "HoleContinuityEquation"	RelError: 9.99000e+02	AbsError: 1.00951e+16
      Equation: "PotentialEquation"	RelError: 4.71114e-02	AbsError: 4.11581e-02
  Circuit: 	RelError: 1.00000e-01	AbsError: 2.57570e-01
Iteration: 1
  Device: "bjt"	RelError: 1.00004e+03	AbsError: 4.78692e+15
    Region: "bjt"	RelError: 1.00004e+03	AbsError: 4.78692e+15
      Equation: "ElectronContinuityEquation"	RelError: 9.98580e-01	AbsError: 2.43009e+15
      Equation: "HoleContinuityEquation"	RelError: 9.99000e+02	AbsError: 2.35684e+15
      Equation: "PotentialEquation"	RelError: 3.71500e-02	AbsError: 3.09194e-02
  Circuit: 	RelError: 6.16704e-04	AbsError: 1.33035e-02
Iteration: 2
  Device: "bjt"	RelError: 8.24372e+03	AbsError: 1.56444e+15
    Region: "bjt"	RelError: 8.24372e+03	AbsError: 1.56444e+15
      Equation: "ElectronContinuityEquation"	RelError: 7.70965e+00	AbsError: 7.80517e+14
      Equation: "HoleContinuityEquation"	RelError: 8.23598e+03	AbsError: 7.83927e+14
      Equation: "PotentialEquation"	RelError: 2.71331e-02	AbsError: 2.58775e-02
  Circuit: 	RelError: 2.98340e-04	AbsError: 1.40023e-02
Iteration: 3
  Device: "bjt"	RelError: 1.53655e+00	AbsError: 6.18941e+14
    Region: "bjt"	RelError: 1.53655e+00	AbsError: 6.18941e+14
      Equation: "ElectronContinuityEquation"	RelError: 5.28002e-01	AbsError: 4.37897e+14
      Equation: "HoleContinuityEquation"	RelError: 9.99725e-01	AbsError: 1.81045e+14
      Equation: "PotentialEquation"	RelError: 8.82778e-03	AbsError: 9.39134e-03
  Circuit: 	RelError: 7.17489e-05	AbsError: 1.29805e-03
Iteration: 4
  Device: "bjt"	RelError: 6.34038e-01	AbsError: 4.95852e+14
    Region: "bjt"	RelError: 6.34038e-01	AbsError: 4.95852e+14
      Equation: "ElectronContinuityEquation"	RelError: 1.96810e-01	AbsError: 4.63026e+14
      Equation: "HoleContinuityEquation"	RelError: 4.36470e-01	AbsError: 3.28252e+13
      Equation: "PotentialEquation"	RelError: 7.57383e-04	AbsError: 7.20935e-04
  Circuit: 	RelError: 1.18312e-05	AbsError: 2.91923e-04
Iteration: 5
  Device: "bjt"	RelError: 1.23452e-02	AbsError: 3.06900e+12
    Region: "bjt"	RelError: 1.23452e-02	AbsError: 3.06900e+12
      Equation: "ElectronContinuityEquation"	RelError: 7.38777e-03	AbsError: 2.82482e+12
      Equation: "HoleContinuityEquation"	RelError: 4.95162e-03	AbsError: 2.44183e+11
      Equation: "PotentialEquation"	RelError: 5.80206e-06	AbsError: 7.67217e-06
  Circuit: 	RelError: 2.42863e-08	AbsError: 5.03001e-09
Iteration: 6
  Device: "bjt"	RelError: 5.70558e-04	AbsError: 2.46804e+10
    Region: "bjt"	RelError: 5.70558e-04	AbsError: 2.46804e+10
      Equation: "ElectronContinuityEquation"	RelError: 4.25496e-04	AbsError: 2.31002e+10
      Equation: "HoleContinuityEquation"	RelError: 1.45006e-04	AbsError: 1.58026e+09
      Equation: "PotentialEquation"	RelError: 5.65885e-08	AbsError: 7.54361e-08
  Circuit: 	RelError: 6.51972e-13	AbsError: 4.23897e-11
Iteration: 7
  Device: "bjt"	RelError: 2.29101e-06	AbsError: 1.44030e+07
    Region: "bjt"	RelError: 2.29101e-06	AbsError: 1.44030e+07
      Equation: "ElectronContinuityEquation"	RelError: 1.50710e-06	AbsError: 1.36047e+07
      Equation: "HoleContinuityEquation"	RelError: 7.83882e-07	AbsError: 7.98314e+05
      Equation: "PotentialEquation"	RelError: 2.36765e-11	AbsError: 2.92614e-11
  Circuit: 	RelError: 3.66609e-16	AbsError: 2.01959e-15
Iteration: 8
  Device: "bjt"	RelError: 5.09951e-09	AbsError: 2.17068e+05
    Region: "bjt"	RelError: 5.09951e-09	AbsError: 2.17068e+05
      Equation: "ElectronContinuityEquation"	RelError: 4.72827e-09	AbsError: 2.07325e+05
      Equation: "HoleContinuityEquation"	RelError: 3.71030e-10	AbsError: 9.74279e+03
      Equation: "PotentialEquation"	RelError: 2.12841e-13	AbsError: 2.58079e-13
  Circuit: 	RelError: 1.32520e-16	AbsError: 6.66017e-15
Succeeded
CURVE: 1 1 0 0.103556042888423 32.5360473845184 -32.6396034274069
last end 1.000000e+00 1.500000e+00
number of equations 41337
Iteration: 0
  Device: "bjt"	RelError: 6.15427e+03	AbsError: 1.96478e+16
    Region: "bjt"	RelError: 6.15427e+03	AbsError: 1.96478e+16
      Equation: "ElectronContinuityEquation"	RelError: 9.99000e+02	AbsError: 9.82361e+15
      Equation: "HoleContinuityEquation"	RelError: 5.15522e+03	AbsError: 9.82420e+15
      Equation: "PotentialEquation"	RelError: 4.54921e-02	AbsError: 4.11263e-02
  Circuit: 	RelError: 9.09091e-02	AbsError: 2.57668e-01
Iteration: 1
  Device: "bjt"	RelError: 1.00004e+03	AbsError: 4.13065e+15
    Region: "bjt"	RelError: 1.00004e+03	AbsError: 4.13065e+15
      Equation: "ElectronContinuityEquation"	RelError: 9.98665e-01	AbsError: 2.11378e+15
      Equation: "HoleContinuityEquation"	RelError: 9.99000e+02	AbsError: 2.01687e+15
      Equation: "PotentialEquation"	RelError: 3.74178e-02	AbsError: 3.08974e-02
  Circuit: 	RelError: 4.51842e-04	AbsError: 9.98695e-03
Iteration: 2
  Device: "bjt"	RelError: 6.63314e+03	AbsError: 1.31882e+15
    Region: "bjt"	RelError: 6.63314e+03	AbsError: 1.31882e+15
      Equation: "ElectronContinuityEquation"	RelError: 5.16196e+00	AbsError: 6.89860e+14
      Equation: "HoleContinuityEquation"	RelError: 6.62796e+03	AbsError: 6.28963e+14
      Equation: "PotentialEquation"	RelError: 2.48395e-02	AbsError: 2.58943e-02
  Circuit: 	RelError: 2.10735e-04	AbsError: 1.07523e-02
Iteration: 3
  Device: "bjt"	RelError: 1.70211e+00	AbsError: 6.70706e+14
    Region: "bjt"	RelError: 1.70211e+00	AbsError: 6.70706e+14
      Equation: "ElectronContinuityEquation"	RelError: 5.25530e-01	AbsError: 5.26039e+14
      Equation: "HoleContinuityEquation"	RelError: 1.16869e+00	AbsError: 1.44667e+14
      Equation: "PotentialEquation"	RelError: 7.88623e-03	AbsError: 9.35530e-03
  Circuit: 	RelError: 6.20548e-05	AbsError: 1.21640e-03
Iteration: 4
  Device: "bjt"	RelError: 6.00046e-01	AbsError: 5.64154e+14
    Region: "bjt"	RelError: 6.00046e-01	AbsError: 5.64154e+14
      Equation: "ElectronContinuityEquation"	RelError: 1.66791e-01	AbsError: 5.33490e+14
      Equation: "HoleContinuityEquation"	RelError: 4.32535e-01	AbsError: 3.06639e+13
      Equation: "PotentialEquation"	RelError: 7.19680e-04	AbsError: 8.05539e-04
  Circuit: 	RelError: 8.92872e-06	AbsError: 2.83584e-04
Iteration: 5
  Device: "bjt"	RelError: 1.21049e-02	AbsError: 5.19329e+12
    Region: "bjt"	RelError: 1.21049e-02	AbsError: 5.19329e+12
      Equation: "ElectronContinuityEquation"	RelError: 7.24240e-03	AbsError: 4.85291e+12
      Equation: "HoleContinuityEquation"	RelError: 4.85489e-03	AbsError: 3.40380e+11
      Equation: "PotentialEquation"	RelError: 7.65049e-06	AbsError: 1.05249e-05
  Circuit: 	RelError: 2.27025e-08	AbsError: 1.91579e-07
Iteration: 6
  Device: "bjt"	RelError: 1.01972e-03	AbsError: 1.84169e+11
    Region: "bjt"	RelError: 1.01972e-03	AbsError: 1.84169e+11
      Equation: "ElectronContinuityEquation"	RelError: 8.67264e-04	AbsError: 1.80075e+11
      Equation: "HoleContinuityEquation"	RelError: 1.52305e-04	AbsError: 4.09378e+09
      Equation: "PotentialEquation"	RelError: 1.56168e-07	AbsError: 1.98850e-07
  Circuit: 	RelError: 2.26687e-11	AbsError: 4.40318e-10
Iteration: 7
  Device: "bjt"	RelError: 2.98728e-06	AbsError: 4.74958e+07
    Region: "bjt"	RelError: 2.98728e-06	AbsError: 4.74958e+07
      Equation: "ElectronContinuityEquation"	RelError: 2.70458e-06	AbsError: 4.51741e+07
      Equation: "HoleContinuityEquation"	RelError: 2.82637e-07	AbsError: 2.32167e+06
      Equation: "PotentialEquation"	RelError: 6.49280e-11	AbsError: 8.35620e-11
  Circuit: 	RelError: 3.13623e-16	AbsError: 1.81186e-14
Iteration: 8
  Device: "bjt"	RelError: 4.56557e-09	AbsError: 8.41240e+03
    Region: "bjt"	RelError: 4.56557e-09	AbsError: 8.41240e+03
      Equation: "ElectronContinuityEquation"	RelError: 5.25116e-14	AbsError: 8.18302e+03
      Equation: "HoleContinuityEquation"	RelError: 4.56551e-09	AbsError: 2.29384e+02
      Equation: "PotentialEquation"	RelError: 2.38895e-16	AbsError: 1.97123e-16
  Circuit: 	RelError: 1.20053e-16	AbsError: 7.31891e-15
Succeeded
CURVE: 1 1.1 -3.43056271343976e-34 0.103177219071371 32.6149341311193 -32.7181113501907
last end 1.100000e+00 1.500000e+00
number of equations 41337
Iteration: 0
  Device: "bjt"	RelError: 1.99804e+03	AbsError: 1.91577e+16
    Region: "bjt"	RelError: 1.99804e+03	AbsError: 1.91577e+16
      Equation: "ElectronContinuityEquation"	RelError: 9.99000e+02	AbsError: 9.57848e+15
      Equation: "HoleContinuityEquation"	RelError: 9.99000e+02	AbsError: 9.57924e+15
      Equation: "PotentialEquation"	RelError: 4.47751e-02	AbsError: 4.11152e-02
  Circuit: 	RelError: 8.33333e-02	AbsError: 2.58132e-01
Iteration: 1
  Device: "bjt"	RelError: 1.00003e+03	AbsError: 3.74230e+15
    Region: "bjt"	RelError: 1.00003e+03	AbsError: 3.74230e+15
      Equation: "ElectronContinuityEquation"	RelError: 9.98621e-01	AbsError: 2.11795e+15
      Equation: "HoleContinuityEquation"	RelError: 9.99000e+02	AbsError: 1.62434e+15
      Equation: "PotentialEquation"	RelError: 3.60539e-02	AbsError: 3.09163e-02
  Circuit: 	RelError: 3.11594e-04	AbsError: 8.80679e-03
Iteration: 2
  Device: "bjt"	RelError: 1.00350e+03	AbsError: 1.02008e+15
    Region: "bjt"	RelError: 1.00350e+03	AbsError: 1.02008e+15
      Equation: "ElectronContinuityEquation"	RelError: 4.47707e+00	AbsError: 5.55094e+14
      Equation: "HoleContinuityEquation"	RelError: 9.99000e+02	AbsError: 4.64982e+14
      Equation: "PotentialEquation"	RelError: 2.32358e-02	AbsError: 2.58864e-02
  Circuit: 	RelError: 1.47967e-04	AbsError: 8.33508e-03
Iteration: 3
  Device: "bjt"	RelError: 1.69415e+00	AbsError: 5.67034e+14
    Region: "bjt"	RelError: 1.69415e+00	AbsError: 5.67034e+14
      Equation: "ElectronContinuityEquation"	RelError: 5.44722e-01	AbsError: 4.76390e+14
      Equation: "HoleContinuityEquation"	RelError: 1.14196e+00	AbsError: 9.06436e+13
      Equation: "PotentialEquation"	RelError: 7.46196e-03	AbsError: 9.41157e-03
  Circuit: 	RelError: 4.10149e-05	AbsError: 6.32680e-04
Iteration: 4
  Device: "bjt"	RelError: 6.18155e-01	AbsError: 5.16397e+14
    Region: "bjt"	RelError: 6.18155e-01	AbsError: 5.16397e+14
      Equation: "ElectronContinuityEquation"	RelError: 1.87712e-01	AbsError: 4.87512e+14
      Equation: "HoleContinuityEquation"	RelError: 4.29841e-01	AbsError: 2.88848e+13
      Equation: "PotentialEquation"	RelError: 6.01944e-04	AbsError: 7.20075e-04
  Circuit: 	RelError: 7.59438e-06	AbsError: 2.47250e-04
Iteration: 5
  Device: "bjt"	RelError: 4.37061e-02	AbsError: 3.03812e+12
    Region: "bjt"	RelError: 4.37061e-02	AbsError: 3.03812e+12
      Equation: "ElectronContinuityEquation"	RelError: 3.91098e-03	AbsError: 2.76586e+12
      Equation: "HoleContinuityEquation"	RelError: 3.97893e-02	AbsError: 2.72258e+11
      Equation: "PotentialEquation"	RelError: 5.78226e-06	AbsError: 8.44408e-06
  Circuit: 	RelError: 9.61412e-09	AbsError: 7.03425e-08
Iteration: 6
  Device: "bjt"	RelError: 3.75125e-04	AbsError: 2.45162e+10
    Region: "bjt"	RelError: 3.75125e-04	AbsError: 2.45162e+10
      Equation: "ElectronContinuityEquation"	RelError: 2.03708e-04	AbsError: 2.32400e+10
      Equation: "HoleContinuityEquation"	RelError: 1.71367e-04	AbsError: 1.27621e+09
      Equation: "PotentialEquation"	RelError: 4.95756e-08	AbsError: 7.50600e-08
  Circuit: 	RelError: 1.50850e-13	AbsError: 9.87857e-12
Iteration: 7
  Device: "bjt"	RelError: 3.16673e-06	AbsError: 2.28261e+08
    Region: "bjt"	RelError: 3.16673e-06	AbsError: 2.28261e+08
      Equation: "ElectronContinuityEquation"	RelError: 1.98631e-06	AbsError: 2.14641e+08
      Equation: "HoleContinuityEquation"	RelError: 1.17993e-06	AbsError: 1.36204e+07
      Equation: "PotentialEquation"	RelError: 4.87945e-10	AbsError: 7.38632e-10
  Circuit: 	RelError: 1.56482e-16	AbsError: 7.72163e-15
Iteration: 8
  Device: "bjt"	RelError: 1.58542e-08	AbsError: 8.49779e+03
    Region: "bjt"	RelError: 1.58542e-08	AbsError: 8.49779e+03
      Equation: "ElectronContinuityEquation"	RelError: 7.19507e-14	AbsError: 8.18879e+03
      Equation: "HoleContinuityEquation"	RelError: 1.58541e-08	AbsError: 3.08995e+02
      Equation: "PotentialEquation"	RelError: 2.52392e-16	AbsError: 1.99340e-16
  Circuit: 	RelError: 8.71018e-17	AbsError: 3.58996e-15
Succeeded
CURVE: 1 1.2 -8.57023690762553e-33 0.102848871253025 32.6944074908473 -32.7972563621004
last end 1.200000e+00 1.500000e+00
number of equations 41337
Iteration: 0
  Device: "bjt"	RelError: 2.04388e+05	AbsError: 1.83993e+16
    Region: "bjt"	RelError: 2.04388e+05	AbsError: 1.83993e+16
      Equation: "ElectronContinuityEquation"	RelError: 9.99000e+02	AbsError: 9.19877e+15
      Equation: "HoleContinuityEquation"	RelError: 2.03389e+05	AbsError: 9.20050e+15
      Equation: "PotentialEquation"	RelError: 4.43342e-02	AbsError: 4.11295e-02
  Circuit: 	RelError: 7.69231e-02	AbsError: 2.60014e-01
Iteration: 1
  Device: "bjt"	RelError: 1.00003e+03	AbsError: 3.61468e+15
    Region: "bjt"	RelError: 1.00003e+03	AbsError: 3.61468e+15
      Equation: "ElectronContinuityEquation"	RelError: 9.98559e-01	AbsError: 2.09680e+15
      Equation: "HoleContinuityEquation"	RelError: 9.99000e+02	AbsError: 1.51788e+15
      Equation: "PotentialEquation"	RelError: 3.60255e-02	AbsError: 3.09452e-02
  Circuit: 	RelError: 2.19776e-04	AbsError: 8.50813e-03
Iteration: 2
  Device: "bjt"	RelError: 1.21419e+03	AbsError: 8.08985e+14
    Region: "bjt"	RelError: 1.21419e+03	AbsError: 8.08985e+14
      Equation: "ElectronContinuityEquation"	RelError: 4.36416e+00	AbsError: 4.00064e+14
      Equation: "HoleContinuityEquation"	RelError: 1.20980e+03	AbsError: 4.08921e+14
      Equation: "PotentialEquation"	RelError: 2.20058e-02	AbsError: 2.58960e-02
  Circuit: 	RelError: 1.06372e-04	AbsError: 6.90798e-03
Iteration: 3
  Device: "bjt"	RelError: 2.27833e+00	AbsError: 4.77259e+14
    Region: "bjt"	RelError: 2.27833e+00	AbsError: 4.77259e+14
      Equation: "ElectronContinuityEquation"	RelError: 5.37932e-01	AbsError: 4.21049e+14
      Equation: "HoleContinuityEquation"	RelError: 1.73346e+00	AbsError: 5.62103e+13
      Equation: "PotentialEquation"	RelError: 6.94277e-03	AbsError: 9.50215e-03
  Circuit: 	RelError: 2.83085e-05	AbsError: 2.79167e-04
Iteration: 4
  Device: "bjt"	RelError: 6.13670e-01	AbsError: 4.63282e+14
    Region: "bjt"	RelError: 6.13670e-01	AbsError: 4.63282e+14
      Equation: "ElectronContinuityEquation"	RelError: 1.94897e-01	AbsError: 4.36070e+14
      Equation: "HoleContinuityEquation"	RelError: 4.18209e-01	AbsError: 2.72119e+13
      Equation: "PotentialEquation"	RelError: 5.64834e-04	AbsError: 7.34283e-04
  Circuit: 	RelError: 6.37292e-06	AbsError: 2.18888e-04
Iteration: 5
  Device: "bjt"	RelError: 1.33795e-01	AbsError: 3.81825e+12
    Region: "bjt"	RelError: 1.33795e-01	AbsError: 3.81825e+12
      Equation: "ElectronContinuityEquation"	RelError: 8.00849e-03	AbsError: 3.54690e+12
      Equation: "HoleContinuityEquation"	RelError: 1.25780e-01	AbsError: 2.71344e+11
      Equation: "PotentialEquation"	RelError: 6.93494e-06	AbsError: 1.07165e-05
  Circuit: 	RelError: 7.96667e-09	AbsError: 2.26927e-09
Iteration: 6
  Device: "bjt"	RelError: 3.67254e-04	AbsError: 3.88022e+10
    Region: "bjt"	RelError: 3.67254e-04	AbsError: 3.88022e+10
      Equation: "ElectronContinuityEquation"	RelError: 3.25887e-04	AbsError: 3.58300e+10
      Equation: "HoleContinuityEquation"	RelError: 4.12902e-05	AbsError: 2.97217e+09
      Equation: "PotentialEquation"	RelError: 7.68950e-08	AbsError: 1.23053e-07
  Circuit: 	RelError: 2.08993e-13	AbsError: 1.25505e-11
Iteration: 7
  Device: "bjt"	RelError: 3.87344e-06	AbsError: 2.00673e+06
    Region: "bjt"	RelError: 3.87344e-06	AbsError: 2.00673e+06
      Equation: "ElectronContinuityEquation"	RelError: 3.79103e-06	AbsError: 1.94072e+06
      Equation: "HoleContinuityEquation"	RelError: 8.24059e-08	AbsError: 6.60099e+04
      Equation: "PotentialEquation"	RelError: 1.73818e-12	AbsError: 2.42782e-12
  Circuit: 	RelError: 2.08886e-16	AbsError: 1.06583e-14
Iteration: 8
  Device: "bjt"	RelError: 4.15028e-06	AbsError: 8.40012e+03
    Region: "bjt"	RelError: 4.15028e-06	AbsError: 8.40012e+03
      Equation: "ElectronContinuityEquation"	RelError: 8.36962e-14	AbsError: 8.18482e+03
      Equation: "HoleContinuityEquation"	RelError: 4.15028e-06	AbsError: 2.15293e+02
      Equation: "PotentialEquation"	RelError: 1.40869e-16	AbsError: 1.62004e-16
  Circuit: 	RelError: 1.69165e-16	AbsError: 5.91982e-15
Succeeded
CURVE: 1 1.3 4.72194905230962e-33 0.102554888920697 32.7752302551469 -32.8777851440675
last end 1.300000e+00 1.500000e+00
number of equations 41337
Iteration: 0
  Device: "bjt"	RelError: 6.15557e+03	AbsError: 1.78894e+16
    Region: "bjt"	RelError: 6.15557e+03	AbsError: 1.78894e+16
      Equation: "ElectronContinuityEquation"	RelError: 3.34518e+03	AbsError: 8.94372e+15
      Equation: "HoleContinuityEquation"	RelError: 2.81035e+03	AbsError: 8.94565e+15
      Equation: "PotentialEquation"	RelError: 4.33746e-02	AbsError: 4.11548e-02
  Circuit: 	RelError: 7.14286e-02	AbsError: 2.63378e-01
Iteration: 1
  Device: "bjt"	RelError: 4.21650e+03	AbsError: 3.60483e+15
    Region: "bjt"	RelError: 4.21650e+03	AbsError: 3.60483e+15
      Equation: "ElectronContinuityEquation"	RelError: 9.99224e-01	AbsError: 2.00412e+15
      Equation: "HoleContinuityEquation"	RelError: 4.21546e+03	AbsError: 1.60071e+15
      Equation: "PotentialEquation"	RelError: 3.64388e-02	AbsError: 3.09752e-02
  Circuit: 	RelError: 2.02329e-04	AbsError: 8.38780e-03
Iteration: 2
  Device: "bjt"	RelError: 1.00307e+03	AbsError: 8.30938e+14
    Region: "bjt"	RelError: 1.00307e+03	AbsError: 8.30938e+14
      Equation: "ElectronContinuityEquation"	RelError: 4.05215e+00	AbsError: 3.91356e+14
      Equation: "HoleContinuityEquation"	RelError: 9.99000e+02	AbsError: 4.39581e+14
      Equation: "PotentialEquation"	RelError: 2.06464e-02	AbsError: 2.58881e-02
  Circuit: 	RelError: 1.13228e-04	AbsError: 6.94142e-03
Iteration: 3
  Device: "bjt"	RelError: 1.55285e+00	AbsError: 4.28308e+14
    Region: "bjt"	RelError: 1.55285e+00	AbsError: 4.28308e+14
      Equation: "ElectronContinuityEquation"	RelError: 5.46299e-01	AbsError: 3.62590e+14
      Equation: "HoleContinuityEquation"	RelError: 1.00000e+00	AbsError: 6.57179e+13
      Equation: "PotentialEquation"	RelError: 6.55321e-03	AbsError: 9.52774e-03
  Circuit: 	RelError: 1.69635e-05	AbsError: 5.86118e-06
Iteration: 4
  Device: "bjt"	RelError: 6.17723e-01	AbsError: 4.09145e+14
    Region: "bjt"	RelError: 6.17723e-01	AbsError: 4.09145e+14
      Equation: "ElectronContinuityEquation"	RelError: 2.16854e-01	AbsError: 3.82240e+14
      Equation: "HoleContinuityEquation"	RelError: 4.00332e-01	AbsError: 2.69048e+13
      Equation: "PotentialEquation"	RelError: 5.37783e-04	AbsError: 7.46691e-04
  Circuit: 	RelError: 5.71213e-06	AbsError: 1.86636e-04
Iteration: 5
  Device: "bjt"	RelError: 9.11035e-02	AbsError: 4.98657e+12
    Region: "bjt"	RelError: 9.11035e-02	AbsError: 4.98657e+12
      Equation: "ElectronContinuityEquation"	RelError: 5.32525e-03	AbsError: 4.71025e+12
      Equation: "HoleContinuityEquation"	RelError: 8.57687e-02	AbsError: 2.76321e+11
      Equation: "PotentialEquation"	RelError: 9.45912e-06	AbsError: 1.48745e-05
  Circuit: 	RelError: 8.35760e-09	AbsError: 7.54152e-08
Iteration: 6
  Device: "bjt"	RelError: 8.52276e-04	AbsError: 4.44389e+10
    Region: "bjt"	RelError: 8.52276e-04	AbsError: 4.44389e+10
      Equation: "ElectronContinuityEquation"	RelError: 7.12455e-04	AbsError: 4.09038e+10
      Equation: "HoleContinuityEquation"	RelError: 1.39734e-04	AbsError: 3.53509e+09
      Equation: "PotentialEquation"	RelError: 8.66895e-08	AbsError: 1.45944e-07
  Circuit: 	RelError: 3.78244e-13	AbsError: 1.02943e-11
Iteration: 7
  Device: "bjt"	RelError: 4.80905e-06	AbsError: 1.03662e+07
    Region: "bjt"	RelError: 4.80905e-06	AbsError: 1.03662e+07
      Equation: "ElectronContinuityEquation"	RelError: 4.24269e-06	AbsError: 9.91478e+06
      Equation: "HoleContinuityEquation"	RelError: 5.66346e-07	AbsError: 4.51443e+05
      Equation: "PotentialEquation"	RelError: 1.17904e-11	AbsError: 1.92145e-11
  Circuit: 	RelError: 6.59157e-16	AbsError: 2.76611e-14
Iteration: 8
  Device: "bjt"	RelError: 2.59934e-07	AbsError: 8.40328e+03
    Region: "bjt"	RelError: 2.59934e-07	AbsError: 8.40328e+03
      Equation: "ElectronContinuityEquation"	RelError: 2.08710e-13	AbsError: 8.17892e+03
      Equation: "HoleContinuityEquation"	RelError: 2.59934e-07	AbsError: 2.24363e+02
      Equation: "PotentialEquation"	RelError: 2.19110e-16	AbsError: 2.06623e-16
  Circuit: 	RelError: 5.18854e-17	AbsError: 2.29067e-15
Succeeded
CURVE: 1 1.4 -1.40878766166388e-31 0.102285791945503 32.8575410128152 -32.9598268047607
last end 1.400000e+00 1.500000e+00
setting to last bias 1.500000e+00
setting next bias 1.500000e+00
number of equations 41337
Iteration: 0
  Device: "bjt"	RelError: 1.99804e+03	AbsError: 1.75719e+16
    Region: "bjt"	RelError: 1.99804e+03	AbsError: 1.75719e+16
      Equation: "ElectronContinuityEquation"	RelError: 9.99000e+02	AbsError: 8.78448e+15
      Equation: "HoleContinuityEquation"	RelError: 9.99000e+02	AbsError: 8.78739e+15
      Equation: "PotentialEquation"	RelError: 4.30477e-02	AbsError: 4.11613e-02
  Circuit: 	RelError: 6.66667e-02	AbsError: 2.65453e-01
Iteration: 1
  Device: "bjt"	RelError: 1.00003e+03	AbsError: 3.42974e+15
    Region: "bjt"	RelError: 1.00003e+03	AbsError: 3.42974e+15
      Equation: "ElectronContinuityEquation"	RelError: 9.98514e-01	AbsError: 1.94333e+15
      Equation: "HoleContinuityEquation"	RelError: 9.99000e+02	AbsError: 1.48642e+15
      Equation: "PotentialEquation"	RelError: 3.42408e-02	AbsError: 3.10008e-02
  Circuit: 	RelError: 1.88293e-04	AbsError: 6.21528e-03
Iteration: 2
  Device: "bjt"	RelError: 1.00292e+03	AbsError: 7.13304e+14
    Region: "bjt"	RelError: 1.00292e+03	AbsError: 7.13304e+14
      Equation: "ElectronContinuityEquation"	RelError: 3.90344e+00	AbsError: 3.40487e+14
      Equation: "HoleContinuityEquation"	RelError: 9.99000e+02	AbsError: 3.72817e+14
      Equation: "PotentialEquation"	RelError: 1.94352e-02	AbsError: 2.58770e-02
  Circuit: 	RelError: 8.94064e-05	AbsError: 5.90805e-03
Iteration: 3
  Device: "bjt"	RelError: 1.54016e+00	AbsError: 3.90803e+14
    Region: "bjt"	RelError: 1.54016e+00	AbsError: 3.90803e+14
      Equation: "ElectronContinuityEquation"	RelError: 5.33998e-01	AbsError: 3.31986e+14
      Equation: "HoleContinuityEquation"	RelError: 1.00000e+00	AbsError: 5.88168e+13
      Equation: "PotentialEquation"	RelError: 6.16674e-03	AbsError: 9.54598e-03
  Circuit: 	RelError: 1.68701e-05	AbsError: 4.62206e-05
Iteration: 4
  Device: "bjt"	RelError: 5.78296e-01	AbsError: 3.69054e+14
    Region: "bjt"	RelError: 5.78296e-01	AbsError: 3.69054e+14
      Equation: "ElectronContinuityEquation"	RelError: 1.92621e-01	AbsError: 3.50043e+14
      Equation: "HoleContinuityEquation"	RelError: 3.85307e-01	AbsError: 1.90106e+13
      Equation: "PotentialEquation"	RelError: 3.67606e-04	AbsError: 6.13518e-04
  Circuit: 	RelError: 4.48704e-06	AbsError: 1.90991e-04
Iteration: 5
  Device: "bjt"	RelError: 2.34495e-02	AbsError: 2.94676e+12
    Region: "bjt"	RelError: 2.34495e-02	AbsError: 2.94676e+12
      Equation: "ElectronContinuityEquation"	RelError: 5.73234e-03	AbsError: 2.59509e+12
      Equation: "HoleContinuityEquation"	RelError: 1.77078e-02	AbsError: 3.51666e+11
      Equation: "PotentialEquation"	RelError: 9.31392e-06	AbsError: 1.68623e-05
  Circuit: 	RelError: 4.58803e-09	AbsError: 8.61270e-09
Iteration: 6
  Device: "bjt"	RelError: 3.11841e-04	AbsError: 3.85578e+10
    Region: "bjt"	RelError: 3.11841e-04	AbsError: 3.85578e+10
      Equation: "ElectronContinuityEquation"	RelError: 2.25987e-04	AbsError: 3.56966e+10
      Equation: "HoleContinuityEquation"	RelError: 8.57757e-05	AbsError: 2.86115e+09
      Equation: "PotentialEquation"	RelError: 7.83733e-08	AbsError: 1.38249e-07
  Circuit: 	RelError: 7.12644e-14	AbsError: 1.75766e-12
Iteration: 7
  Device: "bjt"	RelError: 3.23233e-05	AbsError: 1.56112e+08
    Region: "bjt"	RelError: 3.23233e-05	AbsError: 1.56112e+08
      Equation: "ElectronContinuityEquation"	RelError: 2.02383e-05	AbsError: 1.49742e+08
      Equation: "HoleContinuityEquation"	RelError: 1.20849e-05	AbsError: 6.37030e+06
      Equation: "PotentialEquation"	RelError: 1.89658e-10	AbsError: 3.15686e-10
  Circuit: 	RelError: 3.90683e-16	AbsError: 1.96627e-14
Iteration: 8
  Device: "bjt"	RelError: 1.15604e-06	AbsError: 8.41250e+03
    Region: "bjt"	RelError: 1.15604e-06	AbsError: 8.41250e+03
      Equation: "ElectronContinuityEquation"	RelError: 5.81909e-14	AbsError: 8.16046e+03
      Equation: "HoleContinuityEquation"	RelError: 1.15604e-06	AbsError: 2.52036e+02
      Equation: "PotentialEquation"	RelError: 1.33934e-16	AbsError: 2.30848e-16
  Circuit: 	RelError: 1.18803e-16	AbsError: 4.44290e-15
Succeeded
CURVE: 1 1.5 0 0.102040694296693 32.9403365505951 -33.0423772448918
